{
	"Dir": "D:\\AIDEV\\go-treesitter\\internal\\boundary",
	"ImportPath": "github.com/wotjr1649/go-treesitter/internal/boundary",
	"Name": "boundary",
	"Root": "D:\\AIDEV\\go-treesitter",
	"Module": {
		"Path": "github.com/wotjr1649/go-treesitter",
		"Main": true,
		"Dir": "D:\\AIDEV\\go-treesitter",
		"GoMod": "D:\\AIDEV\\go-treesitter\\go.mod",
		"GoVersion": "1.27.1"
	},
	"Match": [
		"./..."
	],
	"TestGoFiles": [
		"boundary_test.go"
	],
	"TestImports": [
		"context",
		"encoding/json",
		"io",
		"os/exec",
		"strings",
		"testing",
		"time"
	]
}
{
	"Dir": "C:\\Program Files\\Go\\src\\internal\\goarch",
	"ImportPath": "internal/goarch",
	"Name": "goarch",
	"Doc": "package goarch contains GOARCH-specific constants.",
	"Root": "C:\\Program Files\\Go",
	"Goroot": true,
	"Standard": true,
	"DepOnly": true,
	"GoFiles": [
		"goarch.go",
		"goarch_amd64.go",
		"zgoarch_amd64.go"
	],
	"IgnoredGoFiles": [
		"gengoarch.go",
		"goarch_386.go",
		"goarch_arm.go",
		"goarch_arm64.go",
		"goarch_loong64.go",
		"goarch_mips.go",
		"goarch_mips64.go",
		"goarch_mips64le.go",
		"goarch_mipsle.go",
		"goarch_ppc64.go",
		"goarch_ppc64le.go",
		"goarch_riscv64.go",
		"goarch_s390x.go",
		"goarch_wasm.go",
		"zgoarch_386.go",
		"zgoarch_arm.go",
		"zgoarch_arm64.go",
		"zgoarch_arm64be.go",
		"zgoarch_armbe.go",
		"zgoarch_loong64.go",
		"zgoarch_mips.go",
		"zgoarch_mips64.go",
		"zgoarch_mips64le.go",
		"zgoarch_mips64p32.go",
		"zgoarch_mips64p32le.go",
		"zgoarch_mipsle.go",
		"zgoarch_ppc.go",
		"zgoarch_ppc64.go",
		"zgoarch_ppc64le.go",
		"zgoarch_riscv.go",
		"zgoarch_riscv64.go",
		"zgoarch_s390.go",
		"zgoarch_s390x.go",
		"zgoarch_sparc.go",
		"zgoarch_sparc64.go",
		"zgoarch_wasm.go"
	]
}
{
	"Dir": "C:\\Program Files\\Go\\src\\unsafe",
	"ImportPath": "unsafe",
	"Name": "unsafe",
	"Doc": "Package unsafe contains operations that step around the type safety of Go programs.",
	"Root": "C:\\Program Files\\Go",
	"Goroot": true,
	"Standard": true,
	"DepOnly": true,
	"GoFiles": [
		"unsafe.go"
	]
}
{
	"Dir": "C:\\Program Files\\Go\\src\\internal\\abi",
	"ImportPath": "internal/abi",
	"Name": "abi",
	"Root": "C:\\Program Files\\Go",
	"Goroot": true,
	"Standard": true,
	"DepOnly": true,
	"GoFiles": [
		"abi.go",
		"abi_amd64.go",
		"bounds.go",
		"compiletype.go",
		"escape.go",
		"funcpc.go",
		"iface.go",
		"map.go",
		"rangefuncconsts.go",
		"runtime.go",
		"stack.go",
		"switch.go",
		"symtab.go",
		"type.go"
	],
	"IgnoredGoFiles": [
		"abi_arm64.go",
		"abi_generic.go",
		"abi_loong64.go",
		"abi_ppc64x.go",
		"abi_riscv64.go",
		"abi_s390x.go",
		"funcpc_gccgo.go"
	],
	"SFiles": [
		"abi_test.s",
		"stub.s"
	],
	"Imports": [
		"internal/goarch",
		"unsafe"
	],
	"Deps": [
		"internal/goarch",
		"unsafe"
	],
	"TestGoFiles": [
		"export_test.go"
	],
	"XTestGoFiles": [
		"abi_test.go"
	],
	"XTestImports": [
		"internal/abi",
		"internal/testenv",
		"path/filepath",
		"strings",
		"testing"
	]
}
{
	"Dir": "C:\\Program Files\\Go\\src\\internal\\unsafeheader",
	"ImportPath": "internal/unsafeheader",
	"Name": "unsafeheader",
	"Doc": "Package unsafeheader contains header declarations for the Go runtime's slice and string implementations.",
	"Root": "C:\\Program Files\\Go",
	"Goroot": true,
	"Standard": true,
	"DepOnly": true,
	"GoFiles": [
		"unsafeheader.go"
	],
	"Imports": [
		"unsafe"
	],
	"Deps": [
		"unsafe"
	],
	"XTestGoFiles": [
		"unsafeheader_test.go"
	],
	"XTestImports": [
		"bytes",
		"internal/unsafeheader",
		"reflect",
		"testing",
		"unsafe"
	]
}
{
	"Dir": "C:\\Program Files\\Go\\src\\internal\\cpu",
	"ImportPath": "internal/cpu",
	"Name": "cpu",
	"Doc": "Package cpu implements processor feature detection used by the Go standard library.",
	"Root": "C:\\Program Files\\Go",
	"Goroot": true,
	"Standard": true,
	"DepOnly": true,
	"GoFiles": [
		"cpu.go",
		"cpu_windows.go",
		"cpu_x86.go",
		"cpu_x86_other.go",
		"datacache_x86.go"
	],
	"IgnoredGoFiles": [
		"cpu_arm.go",
		"cpu_arm64.go",
		"cpu_arm64_android.go",
		"cpu_arm64_darwin.go",
		"cpu_arm64_freebsd.go",
		"cpu_arm64_hwcap.go",
		"cpu_arm64_linux.go",
		"cpu_arm64_openbsd.go",
		"cpu_arm64_other.go",
		"cpu_arm64_windows.go",
		"cpu_darwin.go",
		"cpu_loong64.go",
		"cpu_loong64_hwcap.go",
		"cpu_loong64_linux.go",
		"cpu_mips.go",
		"cpu_mips64x.go",
		"cpu_mipsle.go",
		"cpu_no_name.go",
		"cpu_ppc64x.go",
		"cpu_ppc64x_aix.go",
		"cpu_ppc64x_linux.go",
		"cpu_ppc64x_other.go",
		"cpu_riscv64.go",
		"cpu_riscv64_linux.go",
		"cpu_riscv64_other.go",
		"cpu_s390x.go",
		"cpu_s390x_test.go",
		"cpu_wasm.go",
		"cpu_x86_darwin.go",
		"cpu_x86_netbsd.go",
		"datacache_unsupported.go"
	],
	"IgnoredOtherFiles": [
		"cpu_arm64.s",
		"cpu_loong64.s",
		"cpu_s390x.s"
	],
	"SFiles": [
		"cpu.s",
		"cpu_x86.s"
	],
	"Imports": [
		"unsafe"
	],
	"Deps": [
		"unsafe"
	],
	"TestGoFiles": [
		"export_test.go",
		"export_x86_test.go"
	],
	"XTestGoFiles": [
		"cpu_test.go",
		"cpu_windows_test.go",
		"cpu_x86_test.go",
		"datacache_x86_test.go"
	],
	"XTestImports": [
		"internal/cpu",
		"internal/godebug",
		"internal/syscall/windows",
		"internal/testenv",
		"os/exec",
		"runtime",
		"testing"
	]
}
{
	"Dir": "C:\\Program Files\\Go\\src\\internal\\bytealg",
	"ImportPath": "internal/bytealg",
	"Name": "bytealg",
	"Root": "C:\\Program Files\\Go",
	"Goroot": true,
	"Standard": true,
	"DepOnly": true,
	"GoFiles": [
		"bytealg.go",
		"compare_native.go",
		"count_native.go",
		"equal_generic.go",
		"equal_native.go",
		"index_amd64.go",
		"index_native.go",
		"indexbyte_native.go",
		"lastindexbyte_generic.go"
	],
	"IgnoredGoFiles": [
		"compare_generic.go",
		"count_generic.go",
		"index_arm64.go",
		"index_generic.go",
		"index_loong64.go",
		"index_ppc64x.go",
		"index_s390x.go",
		"indexbyte_generic.go"
	],
	"IgnoredOtherFiles": [
		"compare_386.s",
		"compare_arm.s",
		"compare_arm64.s",
		"compare_loong64.s",
		"compare_mips64x.s",
		"compare_mipsx.s",
		"compare_ppc64x.s",
		"compare_riscv64.s",
		"compare_s390x.s",
		"compare_wasm.s",
		"count_arm.s",
		"count_arm64.s",
		"count_loong64.s",
		"count_mips64x.s",
		"count_ppc64x.s",
		"count_riscv64.s",
		"count_s390x.s",
		"equal_386.s",
		"equal_arm.s",
		"equal_arm64.s",
		"equal_loong64.s",
		"equal_mips64x.s",
		"equal_mipsx.s",
		"equal_ppc64x.s",
		"equal_riscv64.s",
		"equal_s390x.s",
		"equal_wasm.s",
		"index_arm64.s",
		"index_loong64.s",
		"index_ppc64x.s",
		"index_s390x.s",
		"indexbyte_386.s",
		"indexbyte_arm.s",
		"indexbyte_arm64.s",
		"indexbyte_loong64.s",
		"indexbyte_mips64x.s",
		"indexbyte_mipsx.s",
		"indexbyte_ppc64x.s",
		"indexbyte_riscv64.s",
		"indexbyte_s390x.s",
		"indexbyte_wasm.s"
	],
	"SFiles": [
		"compare_amd64.s",
		"count_amd64.s",
		"equal_amd64.s",
		"index_amd64.s",
		"indexbyte_amd64.s"
	],
	"Imports": [
		"internal/cpu",
		"unsafe"
	],
	"Deps": [
		"internal/cpu",
		"unsafe"
	]
}
{
	"Dir": "C:\\Program Files\\Go\\src\\internal\\byteorder",
	"ImportPath": "internal/byteorder",
	"Name": "byteorder",
	"Doc": "Package byteorder provides functions for decoding and encoding little and big endian integer types from/to byte slices.",
	"Root": "C:\\Program Files\\Go",
	"Goroot": true,
	"Standard": true,
	"DepOnly": true,
	"GoFiles": [
		"byteorder.go"
	]
}
{
	"Dir": "C:\\Program Files\\Go\\src\\internal\\chacha8rand",
	"ImportPath": "internal/chacha8rand",
	"Name": "chacha8rand",
	"Doc": "Package chacha8rand implements a pseudorandom generator based on ChaCha8.",
	"Root": "C:\\Program Files\\Go",
	"Goroot": true,
	"Standard": true,
	"DepOnly": true,
	"GoFiles": [
		"chacha8.go",
		"chacha8_generic.go"
	],
	"IgnoredOtherFiles": [
		"chacha8_arm64.s",
		"chacha8_loong64.s",
		"chacha8_riscv64.s",
		"chacha8_stub.s"
	],
	"SFiles": [
		"chacha8_amd64.s"
	],
	"Imports": [
		"internal/byteorder",
		"internal/cpu",
		"internal/goarch",
		"unsafe"
	],
	"Deps": [
		"internal/byteorder",
		"internal/cpu",
		"internal/goarch",
		"unsafe"
	],
	"TestGoFiles": [
		"export_test.go"
	],
	"XTestGoFiles": [
		"rand_test.go"
	],
	"XTestImports": [
		"bytes",
		"encoding/binary",
		"fmt",
		"internal/chacha8rand",
		"slices",
		"testing"
	]
}
{
	"Dir": "C:\\Program Files\\Go\\src\\internal\\coverage\\rtcov",
	"ImportPath": "internal/coverage/rtcov",
	"Name": "rtcov",
	"Root": "C:\\Program Files\\Go",
	"Goroot": true,
	"Standard": true,
	"DepOnly": true,
	"GoFiles": [
		"rtcov.go"
	],
	"Imports": [
		"unsafe"
	],
	"Deps": [
		"unsafe"
	]
}
{
	"Dir": "C:\\Program Files\\Go\\src\\internal\\godebugs",
	"ImportPath": "internal/godebugs",
	"Name": "godebugs",
	"Doc": "Package godebugs provides a table of known GODEBUG settings, for use by a variety of other packages, including internal/godebug, runtime, runtime/metrics, and cmd/go/internal/load.",
	"Root": "C:\\Program Files\\Go",
	"Goroot": true,
	"Standard": true,
	"DepOnly": true,
	"GoFiles": [
		"table.go"
	],
	"XTestGoFiles": [
		"godebugs_test.go"
	],
	"XTestImports": [
		"internal/godebugs",
		"internal/testenv",
		"os",
		"os/exec",
		"path/filepath",
		"regexp",
		"runtime",
		"strings",
		"testing"
	]
}
{
	"Dir": "C:\\Program Files\\Go\\src\\internal\\goexperiment",
	"ImportPath": "internal/goexperiment",
	"Name": "goexperiment",
	"Doc": "Package goexperiment implements support for toolchain experiments.",
	"Root": "C:\\Program Files\\Go",
	"Goroot": true,
	"Standard": true,
	"DepOnly": true,
	"GoFiles": [
		"exp_arenas_off.go",
		"exp_boringcrypto_off.go",
		"exp_cgocheck2_off.go",
		"exp_dwarf5_on.go",
		"exp_fieldtrack_off.go",
		"exp_greenteagc_on.go",
		"exp_heapminimum512kib_off.go",
		"exp_jsonv2_on.go",
		"exp_loopvar_off.go",
		"exp_mapsplitgroup_off.go",
		"exp_newinliner_off.go",
		"exp_preemptibleloops_off.go",
		"exp_randomizedheapbase64_on.go",
		"exp_regabiargs_on.go",
		"exp_regabiwrappers_on.go",
		"exp_runtimefreegc_off.go",
		"exp_runtimesecret_off.go",
		"exp_simd_off.go",
		"exp_sizespecializedmalloc_on.go",
		"exp_staticlockranking_off.go",
		"flags.go"
	],
	"IgnoredGoFiles": [
		"exp_arenas_on.go",
		"exp_boringcrypto_on.go",
		"exp_cgocheck2_on.go",
		"exp_dwarf5_off.go",
		"exp_fieldtrack_on.go",
		"exp_greenteagc_off.go",
		"exp_heapminimum512kib_on.go",
		"exp_jsonv2_off.go",
		"exp_loopvar_on.go",
		"exp_mapsplitgroup_on.go",
		"exp_newinliner_on.go",
		"exp_preemptibleloops_on.go",
		"exp_randomizedheapbase64_off.go",
		"exp_regabiargs_off.go",
		"exp_regabiwrappers_off.go",
		"exp_runtimefreegc_on.go",
		"exp_runtimesecret_on.go",
		"exp_simd_on.go",
		"exp_sizespecializedmalloc_off.go",
		"exp_staticlockranking_on.go",
		"mkconsts.go"
	]
}
{
	"Dir": "C:\\Program Files\\Go\\src\\internal\\goos",
	"ImportPath": "internal/goos",
	"Name": "goos",
	"Doc": "package goos contains GOOS-specific constants.",
	"Root": "C:\\Program Files\\Go",
	"Goroot": true,
	"Standard": true,
	"DepOnly": true,
	"GoFiles": [
		"goos.go",
		"nonunix.go",
		"zgoos_windows.go"
	],
	"IgnoredGoFiles": [
		"gengoos.go",
		"unix.go",
		"zgoos_aix.go",
		"zgoos_android.go",
		"zgoos_darwin.go",
		"zgoos_dragonfly.go",
		"zgoos_freebsd.go",
		"zgoos_hurd.go",
		"zgoos_illumos.go",
		"zgoos_ios.go",
		"zgoos_js.go",
		"zgoos_linux.go",
		"zgoos_netbsd.go",
		"zgoos_openbsd.go",
		"zgoos_plan9.go",
		"zgoos_solaris.go",
		"zgoos_wasip1.go",
		"zgoos_zos.go"
	]
}
{
	"Dir": "C:\\Program Files\\Go\\src\\internal\\profilerecord",
	"ImportPath": "internal/profilerecord",
	"Name": "profilerecord",
	"Doc": "Package profilerecord holds internal types used to represent profiling records with deep stack traces.",
	"Root": "C:\\Program Files\\Go",
	"Goroot": true,
	"Standard": true,
	"DepOnly": true,
	"GoFiles": [
		"profilerecord.go"
	]
}
{
	"Dir": "C:\\Program Files\\Go\\src\\internal\\runtime\\atomic",
	"ImportPath": "internal/runtime/atomic",
	"Name": "atomic",
	"Doc": "Package atomic provides atomic operations, independent of sync/atomic, to the runtime.",
	"Root": "C:\\Program Files\\Go",
	"Goroot": true,
	"Standard": true,
	"DepOnly": true,
	"GoFiles": [
		"atomic_amd64.go",
		"doc.go",
		"linkname.go",
		"stubs.go",
		"types.go",
		"types_64bit.go",
		"unaligned.go",
		"xchg8.go"
	],
	"IgnoredGoFiles": [
		"atomic_386.go",
		"atomic_andor_generic.go",
		"atomic_arm.go",
		"atomic_arm64.go",
		"atomic_loong64.go",
		"atomic_mips64x.go",
		"atomic_mipsx.go",
		"atomic_ppc64x.go",
		"atomic_riscv64.go",
		"atomic_s390x.go",
		"atomic_wasm.go"
	],
	"IgnoredOtherFiles": [
		"atomic_386.s",
		"atomic_arm.s",
		"atomic_arm64.s",
		"atomic_loong64.s",
		"atomic_mips64x.s",
		"atomic_mipsx.s",
		"atomic_ppc64x.s",
		"atomic_riscv64.s",
		"atomic_s390x.s",
		"atomic_wasm.s",
		"sys_linux_arm.s",
		"sys_nonlinux_arm.s"
	],
	"SFiles": [
		"atomic_amd64.s"
	],
	"Imports": [
		"internal/goarch",
		"unsafe"
	],
	"Deps": [
		"internal/goarch",
		"unsafe"
	],
	"XTestGoFiles": [
		"atomic_andor_test.go",
		"atomic_test.go",
		"bench_test.go",
		"xchg8_test.go"
	],
	"XTestImports": [
		"internal/goarch",
		"internal/runtime/atomic",
		"runtime",
		"testing",
		"unsafe"
	]
}
{
	"Dir": "C:\\Program Files\\Go\\src\\internal\\runtime\\exithook",
	"ImportPath": "internal/runtime/exithook",
	"Name": "exithook",
	"Doc": "Package exithook provides limited support for on-exit cleanup.",
	"Root": "C:\\Program Files\\Go",
	"Goroot": true,
	"Standard": true,
	"DepOnly": true,
	"GoFiles": [
		"hooks.go"
	],
	"Imports": [
		"internal/runtime/atomic",
		"unsafe"
	],
	"Deps": [
		"internal/goarch",
		"internal/runtime/atomic",
		"unsafe"
	]
}
{
	"Dir": "C:\\Program Files\\Go\\src\\internal\\runtime\\gc",
	"ImportPath": "internal/runtime/gc",
	"Name": "gc",
	"Root": "C:\\Program Files\\Go",
	"Goroot": true,
	"Standard": true,
	"DepOnly": true,
	"GoFiles": [
		"malloc.go",
		"scan.go",
		"sizeclasses.go"
	],
	"Imports": [
		"internal/goarch"
	],
	"Deps": [
		"internal/goarch"
	]
}
{
	"Dir": "C:\\Program Files\\Go\\src\\internal\\runtime\\sys",
	"ImportPath": "internal/runtime/sys",
	"Name": "sys",
	"Doc": "package sys contains system- and configuration- and architecture-specific constants used by the runtime.",
	"Root": "C:\\Program Files\\Go",
	"Goroot": true,
	"Standard": true,
	"DepOnly": true,
	"GoFiles": [
		"consts.go",
		"consts_norace.go",
		"intrinsics.go",
		"nih.go",
		"no_dit.go",
		"sys.go",
		"zversion.go"
	],
	"IgnoredGoFiles": [
		"consts_race.go",
		"dit_arm64.go"
	],
	"IgnoredOtherFiles": [
		"dit_arm64.s"
	],
	"SFiles": [
		"empty.s"
	],
	"Imports": [
		"internal/goarch",
		"internal/goos"
	],
	"Deps": [
		"internal/goarch",
		"internal/goos"
	],
	"XTestGoFiles": [
		"intrinsics_test.go"
	],
	"XTestImports": [
		"internal/runtime/sys",
		"testing"
	]
}
{
	"Dir": "C:\\Program Files\\Go\\src\\internal\\runtime\\gc\\scan",
	"ImportPath": "internal/runtime/gc/scan",
	"Name": "scan",
	"Root": "C:\\Program Files\\Go",
	"Goroot": true,
	"Standard": true,
	"DepOnly": true,
	"GoFiles": [
		"expand_amd64.go",
		"expand_reference.go",
		"filter.go",
		"filter_amd64.go",
		"scan_amd64.go",
		"scan_go.go",
		"scan_reference.go"
	],
	"IgnoredGoFiles": [
		"mem_unix_test.go",
		"mkasm.go",
		"scan_generic.go"
	],
	"SFiles": [
		"expand_amd64.s",
		"filter_amd64.s",
		"scan_amd64.s"
	],
	"Imports": [
		"internal/cpu",
		"internal/goarch",
		"internal/runtime/gc",
		"internal/runtime/sys",
		"unsafe"
	],
	"Deps": [
		"internal/cpu",
		"internal/goarch",
		"internal/goos",
		"internal/runtime/gc",
		"internal/runtime/sys",
		"unsafe"
	],
	"XTestGoFiles": [
		"expand_amd64_test.go",
		"expand_test.go",
		"filter_amd64_test.go",
		"filter_test.go",
		"mem_nounix_test.go",
		"scan_amd64_test.go",
		"scan_generic_test.go",
		"scan_test.go"
	],
	"XTestImports": [
		"fmt",
		"internal/cpu",
		"internal/goarch",
		"internal/runtime/gc",
		"internal/runtime/gc/scan",
		"math/bits",
		"math/rand/v2",
		"slices",
		"sync",
		"testing",
		"unsafe"
	]
}
{
	"Dir": "C:\\Program Files\\Go\\src\\internal\\asan",
	"ImportPath": "internal/asan",
	"Name": "asan",
	"Doc": "Package asan contains helper functions for manually instrumenting code for the address sanitizer.",
	"Root": "C:\\Program Files\\Go",
	"Goroot": true,
	"Standard": true,
	"DepOnly": true,
	"GoFiles": [
		"doc.go",
		"noasan.go"
	],
	"IgnoredGoFiles": [
		"asan.go"
	],
	"Imports": [
		"unsafe"
	],
	"Deps": [
		"unsafe"
	]
}
{
	"Dir": "C:\\Program Files\\Go\\src\\internal\\msan",
	"ImportPath": "internal/msan",
	"Name": "msan",
	"Doc": "Package msan contains helper functions for manually instrumenting code for the memory sanitizer.",
	"Root": "C:\\Program Files\\Go",
	"Goroot": true,
	"Standard": true,
	"DepOnly": true,
	"GoFiles": [
		"doc.go",
		"nomsan.go"
	],
	"IgnoredGoFiles": [
		"msan.go"
	],
	"Imports": [
		"unsafe"
	],
	"Deps": [
		"unsafe"
	]
}
{
	"Dir": "C:\\Program Files\\Go\\src\\internal\\race",
	"ImportPath": "internal/race",
	"Name": "race",
	"Doc": "Package race contains helper functions for manually instrumenting code for the race detector.",
	"Root": "C:\\Program Files\\Go",
	"Goroot": true,
	"Standard": true,
	"DepOnly": true,
	"GoFiles": [
		"doc.go",
		"norace.go"
	],
	"IgnoredGoFiles": [
		"race.go"
	],
	"Imports": [
		"internal/abi",
		"unsafe"
	],
	"Deps": [
		"internal/abi",
		"internal/goarch",
		"unsafe"
	]
}
{
	"Dir": "C:\\Program Files\\Go\\src\\internal\\runtime\\math",
	"ImportPath": "internal/runtime/math",
	"Name": "math",
	"Root": "C:\\Program Files\\Go",
	"Goroot": true,
	"Standard": true,
	"DepOnly": true,
	"GoFiles": [
		"math.go"
	],
	"Imports": [
		"internal/goarch"
	],
	"Deps": [
		"internal/goarch"
	],
	"XTestGoFiles": [
		"math_test.go"
	],
	"XTestImports": [
		"internal/runtime/math",
		"testing"
	]
}
{
	"Dir": "C:\\Program Files\\Go\\src\\math\\bits",
	"ImportPath": "math/bits",
	"Name": "bits",
	"Doc": "Package bits implements bit counting and manipulation functions for the predeclared unsigned integer types.",
	"Root": "C:\\Program Files\\Go",
	"Goroot": true,
	"Standard": true,
	"DepOnly": true,
	"GoFiles": [
		"bits.go",
		"bits_errors.go",
		"bits_tables.go"
	],
	"IgnoredGoFiles": [
		"bits_errors_bootstrap.go",
		"make_examples.go",
		"make_tables.go"
	],
	"Imports": [
		"unsafe"
	],
	"Deps": [
		"unsafe"
	],
	"TestGoFiles": [
		"export_test.go"
	],
	"XTestGoFiles": [
		"bits_test.go",
		"example_math_test.go",
		"example_test.go"
	],
	"XTestImports": [
		"fmt",
		"math/bits",
		"runtime",
		"testing",
		"unsafe"
	]
}
{
	"Dir": "C:\\Program Files\\Go\\src\\internal\\runtime\\maps",
	"ImportPath": "internal/runtime/maps",
	"Name": "maps",
	"Doc": "Package maps implements Go's builtin map type.",
	"Root": "C:\\Program Files\\Go",
	"Goroot": true,
	"Standard": true,
	"DepOnly": true,
	"GoFiles": [
		"group.go",
		"map.go",
		"memhash_aes.go",
		"memhash_aes_asm.go",
		"memhash_align_check.go",
		"runtime.go",
		"runtime_alg.go",
		"runtime_fast32.go",
		"runtime_fast64.go",
		"runtime_faststr.go",
		"runtime_hash64.go",
		"table.go",
		"table_debug.go"
	],
	"IgnoredGoFiles": [
		"memhash_aes_simd.go",
		"memhash_align_nocheck.go",
		"memhash_noaes.go",
		"runtime_hash32.go"
	],
	"IgnoredOtherFiles": [
		"memhash_386.s",
		"memhash_arm64.s"
	],
	"SFiles": [
		"memhash_amd64.s",
		"memhash_nosimd_amd64.s"
	],
	"Imports": [
		"internal/abi",
		"internal/asan",
		"internal/byteorder",
		"internal/cpu",
		"internal/goarch",
		"internal/goexperiment",
		"internal/msan",
		"internal/race",
		"internal/runtime/math",
		"internal/runtime/sys",
		"math/bits",
		"unsafe"
	],
	"Deps": [
		"internal/abi",
		"internal/asan",
		"internal/byteorder",
		"internal/cpu",
		"internal/goarch",
		"internal/goexperiment",
		"internal/goos",
		"internal/msan",
		"internal/race",
		"internal/runtime/math",
		"internal/runtime/sys",
		"math/bits",
		"unsafe"
	],
	"TestGoFiles": [
		"export_test.go"
	],
	"TestImports": [
		"internal/abi",
		"unsafe"
	],
	"XTestGoFiles": [
		"fuzz_test.go",
		"map_test.go"
	],
	"XTestImports": [
		"bytes",
		"encoding/binary",
		"fmt",
		"internal/abi",
		"internal/runtime/maps",
		"math",
		"reflect",
		"testing",
		"unsafe"
	]
}
{
	"Dir": "C:\\Program Files\\Go\\src\\internal\\runtime\\pprof\\label",
	"ImportPath": "internal/runtime/pprof/label",
	"Name": "label",
	"Doc": "Package label provides common declarations used by both the runtime and runtime/pprof packages.",
	"Root": "C:\\Program Files\\Go",
	"Goroot": true,
	"Standard": true,
	"DepOnly": true,
	"GoFiles": [
		"labelset.go"
	]
}
{
	"Dir": "C:\\Program Files\\Go\\src\\internal\\runtime\\syscall\\windows",
	"ImportPath": "internal/runtime/syscall/windows",
	"Name": "windows",
	"Root": "C:\\Program Files\\Go",
	"Goroot": true,
	"Standard": true,
	"DepOnly": true,
	"GoFiles": [
		"defs_windows.go",
		"defs_windows_amd64.go",
		"syscall_windows.go"
	],
	"IgnoredGoFiles": [
		"defs_windows_386.go",
		"defs_windows_arm64.go"
	],
	"IgnoredOtherFiles": [
		"asm_windows_386.s",
		"asm_windows_arm64.s"
	],
	"SFiles": [
		"asm_windows_amd64.s"
	],
	"Imports": [
		"internal/abi",
		"internal/goarch",
		"unsafe"
	],
	"Deps": [
		"internal/abi",
		"internal/goarch",
		"unsafe"
	]
}
{
	"Dir": "C:\\Program Files\\Go\\src\\internal\\strconv",
	"ImportPath": "internal/strconv",
	"Name": "strconv",
	"Root": "C:\\Program Files\\Go",
	"Goroot": true,
	"Standard": true,
	"DepOnly": true,
	"GoFiles": [
		"atob.go",
		"atoc.go",
		"atof.go",
		"atoi.go",
		"ctoa.go",
		"decimal.go",
		"deps.go",
		"ftoa.go",
		"itoa.go",
		"pow10tab.go",
		"uscale.go"
	],
	"IgnoredGoFiles": [
		"pow10gen.go"
	],
	"Imports": [
		"math/bits",
		"unsafe"
	],
	"Deps": [
		"math/bits",
		"unsafe"
	],
	"TestGoFiles": [
		"export_test.go"
	],
	"XTestGoFiles": [
		"atob_test.go",
		"atoc_test.go",
		"atof_test.go",
		"atoi_test.go",
		"ctoa_test.go",
		"decimal_test.go",
		"fp_test.go",
		"ftoa_test.go",
		"import_test.go",
		"itoa_test.go",
		"math_test.go"
	],
	"XTestImports": [
		"bytes",
		"embed",
		"flag",
		"fmt",
		"internal/strconv",
		"io",
		"math",
		"math/cmplx",
		"math/rand",
		"net/http",
		"os",
		"reflect",
		"strings",
		"sync",
		"testing"
	],
	"XTestEmbedPatterns": [
		"testdata/atof1k.txt",
		"testdata/ftoa1k.txt",
		"testdata/testfp.txt"
	]
}
{
	"Dir": "C:\\Program Files\\Go\\src\\internal\\stringslite",
	"ImportPath": "internal/stringslite",
	"Name": "stringslite",
	"Doc": "Package stringslite implements a subset of strings, only using packages that may be imported by \"os\".",
	"Root": "C:\\Program Files\\Go",
	"Goroot": true,
	"Standard": true,
	"DepOnly": true,
	"GoFiles": [
		"strings.go"
	],
	"Imports": [
		"internal/bytealg",
		"unsafe"
	],
	"Deps": [
		"internal/bytealg",
		"internal/cpu",
		"unsafe"
	]
}
{
	"Dir": "C:\\Program Files\\Go\\src\\internal\\trace\\tracev2",
	"ImportPath": "internal/trace/tracev2",
	"Name": "tracev2",
	"Doc": "Package tracev2 contains definitions for the v2 execution trace wire format.",
	"Root": "C:\\Program Files\\Go",
	"Goroot": true,
	"Standard": true,
	"DepOnly": true,
	"GoFiles": [
		"doc.go",
		"events.go",
		"spec.go"
	],
	"XTestGoFiles": [
		"events_test.go"
	],
	"XTestImports": [
		"internal/trace/tracev2",
		"iter",
		"regexp",
		"slices",
		"strings",
		"testing"
	]
}
{
	"Dir": "C:\\Program Files\\Go\\src\\runtime",
	"ImportPath": "runtime",
	"Name": "runtime",
	"Doc": "Package runtime contains operations that interact with Go's runtime system, such as functions to control goroutines.",
	"Root": "C:\\Program Files\\Go",
	"Goroot": true,
	"Standard": true,
	"DepOnly": true,
	"GoFiles": [
		"alg.go",
		"arena.go",
		"asan0.go",
		"atomic_pointer.go",
		"auxv_none.go",
		"badlinkname.go",
		"cgo.go",
		"cgocall.go",
		"cgocallback.go",
		"cgocheck.go",
		"cgroup_stubs.go",
		"chan.go",
		"checkptr.go",
		"compiler.go",
		"complex.go",
		"coro.go",
		"covercounter.go",
		"covermeta.go",
		"cpuflags.go",
		"cpuflags_amd64.go",
		"cpuprof.go",
		"cputicks.go",
		"create_file_nounix.go",
		"debug.go",
		"debugcall.go",
		"debuglog.go",
		"debuglog_off.go",
		"dit.go",
		"env_posix.go",
		"error.go",
		"extern.go",
		"fastlog2.go",
		"fastlog2table.go",
		"fds_nonunix.go",
		"fipsbypass.go",
		"float.go",
		"heapdump.go",
		"hexdump.go",
		"histogram.go",
		"iface.go",
		"lfstack.go",
		"libinit.go",
		"linkname.go",
		"linkname_shim.go",
		"list.go",
		"list_manual.go",
		"lock_sema.go",
		"lock_spinbit.go",
		"lockrank.go",
		"lockrank_off.go",
		"malloc.go",
		"malloc_generated.go",
		"malloc_stubs.go",
		"malloc_tables_generated.go",
		"map.go",
		"map_fast32.go",
		"map_fast64.go",
		"map_faststr.go",
		"mbarrier.go",
		"mbitmap.go",
		"mcache.go",
		"mcentral.go",
		"mcheckmark.go",
		"mcleanup.go",
		"mem.go",
		"mem_nonsbrk.go",
		"mem_windows.go",
		"metrics.go",
		"mfinal.go",
		"mfixalloc.go",
		"mgc.go",
		"mgclimit.go",
		"mgcmark.go",
		"mgcmark_greenteagc.go",
		"mgcpacer.go",
		"mgcscavenge.go",
		"mgcstack.go",
		"mgcsweep.go",
		"mgcwork.go",
		"mheap.go",
		"minmax.go",
		"mpagealloc.go",
		"mpagealloc_64bit.go",
		"mpagecache.go",
		"mpallocbits.go",
		"mprof.go",
		"mranges.go",
		"msan0.go",
		"msize.go",
		"mspanset.go",
		"mstats.go",
		"mwbbuf.go",
		"netpoll.go",
		"netpoll_windows.go",
		"note_other.go",
		"os_nonopenbsd.go",
		"os_windows.go",
		"panic.go",
		"pinner.go",
		"plugin.go",
		"preempt.go",
		"preempt_amd64.go",
		"preempt_xreg.go",
		"print.go",
		"proc.go",
		"profbuf.go",
		"proflabel.go",
		"race0.go",
		"rand.go",
		"rdebug.go",
		"runtime.go",
		"runtime1.go",
		"runtime2.go",
		"runtime_boring.go",
		"runtime_noclearenv.go",
		"rwmutex.go",
		"secret_asm.go",
		"secret_nosecret.go",
		"security_nonunix.go",
		"select.go",
		"sema.go",
		"set_vma_name_stub.go",
		"signal_windows.go",
		"signal_windows_amd64.go",
		"sigqueue.go",
		"sigqueue_note.go",
		"slice.go",
		"softfloat64.go",
		"stack.go",
		"stkframe.go",
		"string.go",
		"stubs.go",
		"stubs3.go",
		"stubs_amd64.go",
		"stubs_nonlinux.go",
		"stubs_nonwasm.go",
		"symtab.go",
		"symtabinl.go",
		"synctest.go",
		"sys_nonppc64x.go",
		"sys_x86.go",
		"syscall_windows.go",
		"tagptr.go",
		"tagptr_64bit.go",
		"test_amd64.go",
		"time.go",
		"time_nofake.go",
		"timeasm.go",
		"tls_windows_amd64.go",
		"trace.go",
		"traceallocfree.go",
		"traceback.go",
		"tracebuf.go",
		"tracecpu.go",
		"traceevent.go",
		"tracemap.go",
		"traceregion.go",
		"traceruntime.go",
		"tracestack.go",
		"tracestatus.go",
		"tracestring.go",
		"tracetime.go",
		"tracetype.go",
		"type.go",
		"unsafe.go",
		"utf8.go",
		"valgrind0.go",
		"vdso_in_none.go",
		"vgetrandom_unsupported.go",
		"write_err.go",
		"zcallback_windows.go"
	],
	"IgnoredGoFiles": [
		"asan.go",
		"badlinkname_linux.go",
		"cgo_mmap.go",
		"cgo_ppc64x.go",
		"cgo_sigaction.go",
		"cgroup_linux.go",
		"cgroup_linux_test.go",
		"conv_wasm_test.go",
		"cpuflags_arm64.go",
		"crash_unix_test.go",
		"create_file_unix.go",
		"debug_test.go",
		"debuglog_on.go",
		"defs1_linux.go",
		"defs1_netbsd_386.go",
		"defs1_netbsd_amd64.go",
		"defs1_netbsd_arm.go",
		"defs1_netbsd_arm64.go",
		"defs1_solaris_amd64.go",
		"defs2_linux.go",
		"defs3_linux.go",
		"defs_aix.go",
		"defs_aix_ppc64.go",
		"defs_arm_linux.go",
		"defs_darwin.go",
		"defs_darwin_amd64.go",
		"defs_darwin_arm64.go",
		"defs_dragonfly.go",
		"defs_dragonfly_amd64.go",
		"defs_freebsd.go",
		"defs_freebsd_386.go",
		"defs_freebsd_amd64.go",
		"defs_freebsd_arm.go",
		"defs_freebsd_arm64.go",
		"defs_freebsd_riscv64.go",
		"defs_illumos_amd64.go",
		"defs_linux.go",
		"defs_linux_386.go",
		"defs_linux_amd64.go",
		"defs_linux_arm.go",
		"defs_linux_arm64.go",
		"defs_linux_loong64.go",
		"defs_linux_mips64x.go",
		"defs_linux_mipsx.go",
		"defs_linux_ppc64.go",
		"defs_linux_ppc64le.go",
		"defs_linux_riscv64.go",
		"defs_linux_s390x.go",
		"defs_netbsd.go",
		"defs_netbsd_386.go",
		"defs_netbsd_amd64.go",
		"defs_netbsd_arm.go",
		"defs_openbsd.go",
		"defs_openbsd_386.go",
		"defs_openbsd_amd64.go",
		"defs_openbsd_arm.go",
		"defs_openbsd_arm64.go",
		"defs_openbsd_ppc64.go",
		"defs_openbsd_riscv64.go",
		"defs_plan9_386.go",
		"defs_plan9_amd64.go",
		"defs_plan9_arm.go",
		"defs_solaris.go",
		"defs_solaris_amd64.go",
		"env_plan9.go",
		"export_aix_test.go",
		"export_arm_test.go",
		"export_darwin_test.go",
		"export_debug_amd64_test.go",
		"export_debug_arm64_test.go",
		"export_debug_loong64_test.go",
		"export_debug_ppc64x_test.go",
		"export_debug_test.go",
		"export_linux_test.go",
		"export_mmap_test.go",
		"export_pipe2_test.go",
		"export_pipe_test.go",
		"export_unix_test.go",
		"export_vdso_linux_test.go",
		"fds_test.go",
		"fds_unix.go",
		"libfuzzer.go",
		"linkname_unix.go",
		"lock_futex.go",
		"lock_js.go",
		"lock_wasip1.go",
		"lockrank_on.go",
		"malloc_tables_plan9.go",
		"mem_aix.go",
		"mem_bsd.go",
		"mem_darwin.go",
		"mem_js.go",
		"mem_linux.go",
		"mem_plan9.go",
		"mem_sbrk.go",
		"mem_wasip1.go",
		"mem_wasm.go",
		"memmove_linux_amd64_test.go",
		"mgcmark_nogreenteagc.go",
		"mkduff.go",
		"mkfastlog2table.go",
		"mklockrank.go",
		"mkpreempt.go",
		"mmap.go",
		"mpagealloc_32bit.go",
		"msan.go",
		"nbpipe_pipe.go",
		"nbpipe_pipe2.go",
		"nbpipe_pipe_test.go",
		"nbpipe_test.go",
		"net_plan9.go",
		"netpoll_aix.go",
		"netpoll_epoll.go",
		"netpoll_fake.go",
		"netpoll_kqueue.go",
		"netpoll_kqueue_event.go",
		"netpoll_kqueue_pipe.go",
		"netpoll_solaris.go",
		"netpoll_stub.go",
		"netpoll_wasip1.go",
		"nonwindows_stub.go",
		"nosan_linux_test.go",
		"note_js.go",
		"numcpu_freebsd_test.go",
		"os2_aix.go",
		"os2_freebsd.go",
		"os2_openbsd.go",
		"os2_plan9.go",
		"os2_solaris.go",
		"os3_plan9.go",
		"os3_solaris.go",
		"os_aix.go",
		"os_android.go",
		"os_darwin.go",
		"os_darwin_arm64.go",
		"os_dragonfly.go",
		"os_freebsd.go",
		"os_freebsd2.go",
		"os_freebsd_amd64.go",
		"os_freebsd_arm.go",
		"os_freebsd_arm64.go",
		"os_freebsd_noauxv.go",
		"os_illumos.go",
		"os_js.go",
		"os_linux.go",
		"os_linux32.go",
		"os_linux64.go",
		"os_linux_arm.go",
		"os_linux_arm64.go",
		"os_linux_be64.go",
		"os_linux_generic.go",
		"os_linux_loong64.go",
		"os_linux_mips64x.go",
		"os_linux_mipsx.go",
		"os_linux_noauxv.go",
		"os_linux_novdso.go",
		"os_linux_ppc64x.go",
		"os_linux_riscv64.go",
		"os_linux_s390x.go",
		"os_netbsd.go",
		"os_netbsd_386.go",
		"os_netbsd_amd64.go",
		"os_netbsd_arm.go",
		"os_netbsd_arm64.go",
		"os_only_solaris.go",
		"os_openbsd.go",
		"os_openbsd_arm.go",
		"os_openbsd_arm64.go",
		"os_plan9.go",
		"os_plan9_arm.go",
		"os_solaris.go",
		"os_unix.go",
		"os_unix_nonlinux.go",
		"os_wasip1.go",
		"os_wasm.go",
		"os_windows_arm64.go",
		"os_workdir_ios_arm64.go",
		"os_workdir_stub.go",
		"panic32.go",
		"preempt_arm64.go",
		"preempt_loong64.go",
		"preempt_nonwindows.go",
		"preempt_noxreg.go",
		"race.go",
		"retry.go",
		"runtime-gdb_unix_test.go",
		"runtime_clearenv.go",
		"runtime_linux_test.go",
		"runtime_mmap_test.go",
		"runtime_unix_test.go",
		"secret.go",
		"secret_noasm.go",
		"security_aix.go",
		"security_issetugid.go",
		"security_linux.go",
		"security_test.go",
		"security_unix.go",
		"semasleep_test.go",
		"set_vma_name_linux.go",
		"sigaction.go",
		"signal_386.go",
		"signal_aix_ppc64.go",
		"signal_amd64.go",
		"signal_arm.go",
		"signal_arm64.go",
		"signal_darwin.go",
		"signal_darwin_amd64.go",
		"signal_darwin_arm64.go",
		"signal_dragonfly.go",
		"signal_dragonfly_amd64.go",
		"signal_freebsd.go",
		"signal_freebsd_386.go",
		"signal_freebsd_amd64.go",
		"signal_freebsd_arm.go",
		"signal_freebsd_arm64.go",
		"signal_freebsd_riscv64.go",
		"signal_linux_386.go",
		"signal_linux_amd64.go",
		"signal_linux_arm.go",
		"signal_linux_arm64.go",
		"signal_linux_loong64.go",
		"signal_linux_mips64x.go",
		"signal_linux_mipsx.go",
		"signal_linux_ppc64x.go",
		"signal_linux_riscv64.go",
		"signal_linux_s390x.go",
		"signal_linux_test.go",
		"signal_loong64.go",
		"signal_mips64x.go",
		"signal_mipsx.go",
		"signal_netbsd.go",
		"signal_netbsd_386.go",
		"signal_netbsd_amd64.go",
		"signal_netbsd_arm.go",
		"signal_netbsd_arm64.go",
		"signal_openbsd.go",
		"signal_openbsd_386.go",
		"signal_openbsd_amd64.go",
		"signal_openbsd_arm.go",
		"signal_openbsd_arm64.go",
		"signal_openbsd_ppc64.go",
		"signal_openbsd_riscv64.go",
		"signal_plan9.go",
		"signal_ppc64x.go",
		"signal_riscv64.go",
		"signal_solaris.go",
		"signal_solaris_amd64.go",
		"signal_unix.go",
		"signal_windows_386.go",
		"signal_windows_arm64.go",
		"sigqueue_plan9.go",
		"sigtab_aix.go",
		"sigtab_linux_generic.go",
		"sigtab_linux_mipsx.go",
		"stubs2.go",
		"stubs_386.go",
		"stubs_arm.go",
		"stubs_arm64.go",
		"stubs_linux.go",
		"stubs_loong64.go",
		"stubs_mips64x.go",
		"stubs_mipsx.go",
		"stubs_ppc64x.go",
		"stubs_riscv64.go",
		"stubs_s390x.go",
		"stubs_wasm.go",
		"sys_arm.go",
		"sys_arm64.go",
		"sys_darwin.go",
		"sys_darwin_arm64.go",
		"sys_ios_arm64.go",
		"sys_libc.go",
		"sys_loong64.go",
		"sys_mips64x.go",
		"sys_mipsx.go",
		"sys_openbsd.go",
		"sys_ppc64x.go",
		"sys_riscv64.go",
		"sys_s390x.go",
		"sys_wasm.go",
		"syscall2_solaris.go",
		"syscall_aix.go",
		"syscall_solaris.go",
		"syscall_unix_test.go",
		"tagptr_32bit.go",
		"test_stubs.go",
		"time_fake.go",
		"time_plan9.go",
		"timestub.go",
		"timestub2.go",
		"tls_stub.go",
		"valgrind.go",
		"vdso_elf32.go",
		"vdso_elf64.go",
		"vdso_freebsd.go",
		"vdso_freebsd_arm.go",
		"vdso_freebsd_arm64.go",
		"vdso_freebsd_riscv64.go",
		"vdso_freebsd_x86.go",
		"vdso_linux.go",
		"vdso_linux_386.go",
		"vdso_linux_amd64.go",
		"vdso_linux_arm.go",
		"vdso_linux_arm64.go",
		"vdso_linux_loong64.go",
		"vdso_linux_mips64x.go",
		"vdso_linux_ppc64x.go",
		"vdso_linux_riscv64.go",
		"vdso_linux_s390x.go",
		"vdso_linux_test.go",
		"vdso_test.go",
		"vgetrandom_linux.go",
		"vlop_arm_test.go",
		"vlrt.go",
		"wincallback.go",
		"write_err_android.go"
	],
	"IgnoredOtherFiles": [
		"asan_amd64.s",
		"asan_arm64.s",
		"asan_loong64.s",
		"asan_ppc64le.s",
		"asan_riscv64.s",
		"asm_386.s",
		"asm_arm.s",
		"asm_arm64.s",
		"asm_loong64.s",
		"asm_mips64x.s",
		"asm_mipsx.s",
		"asm_ppc64x.s",
		"asm_riscv64.h",
		"asm_riscv64.s",
		"asm_s390x.s",
		"asm_wasm.s",
		"atomic_arm64.s",
		"atomic_loong64.s",
		"atomic_mips64x.s",
		"atomic_mipsx.s",
		"atomic_ppc64x.s",
		"atomic_riscv64.s",
		"duff_386.s",
		"duff_arm.s",
		"duff_mips64x.s",
		"duff_ppc64x.s",
		"duff_s390x.s",
		"libfuzzer_amd64.s",
		"libfuzzer_arm64.s",
		"libfuzzer_loong64.s",
		"memclr_386.s",
		"memclr_arm.s",
		"memclr_arm64.s",
		"memclr_loong64.s",
		"memclr_mips64x.s",
		"memclr_mipsx.s",
		"memclr_plan9_386.s",
		"memclr_plan9_amd64.s",
		"memclr_ppc64x.s",
		"memclr_riscv64.s",
		"memclr_s390x.s",
		"memclr_wasm.s",
		"memmove_386.s",
		"memmove_arm.s",
		"memmove_arm64.s",
		"memmove_loong64.s",
		"memmove_mips64x.s",
		"memmove_mipsx.s",
		"memmove_plan9_386.s",
		"memmove_plan9_amd64.s",
		"memmove_ppc64x.s",
		"memmove_riscv64.s",
		"memmove_s390x.s",
		"memmove_wasm.s",
		"msan_amd64.s",
		"msan_arm64.s",
		"msan_loong64.s",
		"preempt_386.s",
		"preempt_arm.s",
		"preempt_arm64.s",
		"preempt_loong64.s",
		"preempt_mips64x.s",
		"preempt_mipsx.s",
		"preempt_ppc64x.s",
		"preempt_riscv64.s",
		"preempt_s390x.s",
		"preempt_wasm.s",
		"race_amd64.s",
		"race_arm64.s",
		"race_loong64.s",
		"race_ppc64le.s",
		"race_riscv64.s",
		"race_s390x.s",
		"rt0_aix_ppc64.s",
		"rt0_android_386.s",
		"rt0_android_amd64.s",
		"rt0_android_arm.s",
		"rt0_android_arm64.s",
		"rt0_darwin_amd64.s",
		"rt0_darwin_arm64.s",
		"rt0_dragonfly_amd64.s",
		"rt0_freebsd_386.s",
		"rt0_freebsd_amd64.s",
		"rt0_freebsd_arm.s",
		"rt0_freebsd_arm64.s",
		"rt0_freebsd_riscv64.s",
		"rt0_illumos_amd64.s",
		"rt0_ios_amd64.s",
		"rt0_ios_arm64.s",
		"rt0_js_wasm.s",
		"rt0_linux_386.s",
		"rt0_linux_amd64.s",
		"rt0_linux_arm.s",
		"rt0_linux_arm64.s",
		"rt0_linux_loong64.s",
		"rt0_linux_mips64x.s",
		"rt0_linux_mipsx.s",
		"rt0_linux_ppc64x.s",
		"rt0_linux_riscv64.s",
		"rt0_linux_s390x.s",
		"rt0_netbsd_386.s",
		"rt0_netbsd_amd64.s",
		"rt0_netbsd_arm.s",
		"rt0_netbsd_arm64.s",
		"rt0_openbsd_386.s",
		"rt0_openbsd_amd64.s",
		"rt0_openbsd_arm.s",
		"rt0_openbsd_arm64.s",
		"rt0_openbsd_ppc64.s",
		"rt0_openbsd_riscv64.s",
		"rt0_plan9_386.s",
		"rt0_plan9_amd64.s",
		"rt0_plan9_arm.s",
		"rt0_solaris_amd64.s",
		"rt0_wasip1_wasm.s",
		"rt0_windows_386.s",
		"rt0_windows_arm64.s",
		"secret_arm64.s",
		"sys_aix_ppc64.s",
		"sys_darwin_amd64.s",
		"sys_darwin_arm64.s",
		"sys_dragonfly_amd64.s",
		"sys_freebsd_386.s",
		"sys_freebsd_amd64.s",
		"sys_freebsd_arm.s",
		"sys_freebsd_arm64.s",
		"sys_freebsd_riscv64.s",
		"sys_ios_arm64.s",
		"sys_linux_386.s",
		"sys_linux_amd64.s",
		"sys_linux_arm.s",
		"sys_linux_arm64.s",
		"sys_linux_loong64.s",
		"sys_linux_mips64x.s",
		"sys_linux_mipsx.s",
		"sys_linux_ppc64x.s",
		"sys_linux_riscv64.s",
		"sys_linux_s390x.s",
		"sys_netbsd_386.s",
		"sys_netbsd_amd64.s",
		"sys_netbsd_arm.s",
		"sys_netbsd_arm64.s",
		"sys_openbsd_386.s",
		"sys_openbsd_amd64.s",
		"sys_openbsd_arm.s",
		"sys_openbsd_arm64.s",
		"sys_openbsd_ppc64.s",
		"sys_openbsd_riscv64.s",
		"sys_plan9_386.s",
		"sys_plan9_amd64.s",
		"sys_plan9_arm.s",
		"sys_solaris_amd64.s",
		"sys_wasm.s",
		"sys_windows_386.s",
		"sys_windows_arm64.s",
		"time_linux_amd64.s",
		"time_windows_386.s",
		"time_windows_arm64.s",
		"tls_arm.s",
		"tls_arm64.h",
		"tls_arm64.s",
		"tls_loong64.s",
		"tls_mips64x.s",
		"tls_mipsx.s",
		"tls_ppc64x.s",
		"tls_riscv64.s",
		"tls_s390x.s",
		"valgrind_amd64.s",
		"valgrind_arm64.s",
		"vlop_386.s",
		"vlop_arm.s",
		"zcallback_windows_arm64.s"
	],
	"HFiles": [
		"asm_amd64.h",
		"asm_ppc64x.h",
		"funcdata.h",
		"go_tls.h",
		"textflag.h",
		"time_windows.h"
	],
	"SFiles": [
		"asm.s",
		"asm_amd64.s",
		"ints.s",
		"memclr_amd64.s",
		"memmove_amd64.s",
		"preempt_amd64.s",
		"rt0_windows_amd64.s",
		"secret_amd64.s",
		"sys_windows_amd64.s",
		"test_amd64.s",
		"time_windows_amd64.s",
		"zcallback_windows.s"
	],
	"Imports": [
		"internal/abi",
		"internal/bytealg",
		"internal/byteorder",
		"internal/chacha8rand",
		"internal/coverage/rtcov",
		"internal/cpu",
		"internal/goarch",
		"internal/godebugs",
		"internal/goexperiment",
		"internal/goos",
		"internal/profilerecord",
		"internal/runtime/atomic",
		"internal/runtime/exithook",
		"internal/runtime/gc",
		"internal/runtime/gc/scan",
		"internal/runtime/maps",
		"internal/runtime/math",
		"internal/runtime/pprof/label",
		"internal/runtime/sys",
		"internal/runtime/syscall/windows",
		"internal/strconv",
		"internal/stringslite",
		"internal/trace/tracev2",
		"math/bits",
		"unsafe"
	],
	"Deps": [
		"internal/abi",
		"internal/asan",
		"internal/bytealg",
		"internal/byteorder",
		"internal/chacha8rand",
		"internal/coverage/rtcov",
		"internal/cpu",
		"internal/goarch",
		"internal/godebugs",
		"internal/goexperiment",
		"internal/goos",
		"internal/msan",
		"internal/profilerecord",
		"internal/race",
		"internal/runtime/atomic",
		"internal/runtime/exithook",
		"internal/runtime/gc",
		"internal/runtime/gc/scan",
		"internal/runtime/maps",
		"internal/runtime/math",
		"internal/runtime/pprof/label",
		"internal/runtime/sys",
		"internal/runtime/syscall/windows",
		"internal/strconv",
		"internal/stringslite",
		"internal/trace/tracev2",
		"math/bits",
		"unsafe"
	],
	"TestGoFiles": [
		"align_runtime_test.go",
		"export_debuglog_test.go",
		"export_test.go",
		"export_windows_test.go",
		"importx_test.go",
		"proc_runtime_test.go",
		"symtabinl_test.go",
		"tracebackx_test.go"
	],
	"TestImports": [
		"internal/abi",
		"internal/goarch",
		"internal/goos",
		"internal/runtime/atomic",
		"internal/runtime/gc",
		"internal/runtime/maps",
		"internal/runtime/sys",
		"internal/runtime/syscall/windows",
		"internal/stringslite",
		"unsafe"
	],
	"XTestGoFiles": [
		"abi_test.go",
		"align_test.go",
		"arena_test.go",
		"bitcursor_test.go",
		"callers_test.go",
		"chan_test.go",
		"chanbarrier_test.go",
		"checkptr_test.go",
		"closure_test.go",
		"complex_test.go",
		"coro_test.go",
		"cpuflags_amd64_test.go",
		"crash_cgo_test.go",
		"crash_test.go",
		"debuglog_test.go",
		"decoratemappings_test.go",
		"defer_test.go",
		"ehooks_test.go",
		"env_test.go",
		"example_test.go",
		"fastlog2_test.go",
		"float_test.go",
		"gc_test.go",
		"gcinfo_test.go",
		"gomaxprocs_windows_test.go",
		"goroutineleakprofile_test.go",
		"hash_test.go",
		"heap_test.go",
		"hexdump_test.go",
		"histogram_test.go",
		"iface_test.go",
		"import_test.go",
		"lfstack_test.go",
		"list_manual_test.go",
		"list_test.go",
		"lockrank_test.go",
		"malloc_bench_generated_test.go",
		"malloc_stubs_test.go",
		"malloc_test.go",
		"map_benchmark_test.go",
		"map_test.go",
		"mcleanup_test.go",
		"memmove_test.go",
		"metrics_cgo_test.go",
		"metrics_test.go",
		"mfinal_test.go",
		"mgclimit_test.go",
		"mgcpacer_test.go",
		"mgcscavenge_test.go",
		"minmax_test.go",
		"mpagealloc_test.go",
		"mpagecache_test.go",
		"mpallocbits_test.go",
		"mprof_test.go",
		"mranges_test.go",
		"netpoll_os_test.go",
		"norace_test.go",
		"panic_test.go",
		"panicnil_test.go",
		"pinner_test.go",
		"print_quoted_test.go",
		"print_test.go",
		"proc_test.go",
		"profbuf_test.go",
		"rand_test.go",
		"runtime-gdb_test.go",
		"runtime-lldb_test.go",
		"runtime-seh_windows_test.go",
		"runtime_test.go",
		"rwmutex_test.go",
		"sema_test.go",
		"signal_test.go",
		"signal_windows_test.go",
		"sizeof_test.go",
		"slice_test.go",
		"softfloat64_test.go",
		"stack_test.go",
		"start_line_amd64_test.go",
		"start_line_test.go",
		"string_test.go",
		"symtab_test.go",
		"synctest_test.go",
		"syscall_test.go",
		"syscall_windows_test.go",
		"time_test.go",
		"trace2map_test.go",
		"trace_cgo_test.go",
		"traceback_system_test.go",
		"traceback_test.go",
		"tracestack_test.go",
		"typelinksrace_test.go",
		"unsafepoint_test.go"
	],
	"XTestImports": [
		"bufio",
		"bytes",
		"context",
		"crypto/rand",
		"encoding/binary",
		"errors",
		"flag",
		"fmt",
		"go/ast",
		"go/build",
		"go/importer",
		"go/parser",
		"go/printer",
		"go/token",
		"go/types",
		"internal/abi",
		"internal/asan",
		"internal/byteorder",
		"internal/cpu",
		"internal/goarch",
		"internal/goexperiment",
		"internal/goos",
		"internal/msan",
		"internal/profile",
		"internal/race",
		"internal/runtime/atomic",
		"internal/runtime/maps",
		"internal/runtime/startlinetest",
		"internal/runtime/sys",
		"internal/synctest",
		"internal/syscall/windows",
		"internal/syscall/windows/sysdll",
		"internal/testenv",
		"internal/trace",
		"internal/trace/testtrace",
		"io",
		"log",
		"math",
		"math/bits",
		"math/cmplx",
		"math/rand",
		"net",
		"os",
		"os/exec",
		"path/filepath",
		"reflect",
		"regexp",
		"runtime",
		"runtime/debug",
		"runtime/metrics",
		"runtime/pprof",
		"runtime/trace",
		"slices",
		"sort",
		"strconv",
		"strings",
		"sync",
		"sync/atomic",
		"syscall",
		"testing",
		"time",
		"unicode/utf8",
		"unsafe",
		"weak"
	]
}
{
	"Dir": "C:\\Program Files\\Go\\src\\internal\\reflectlite",
	"ImportPath": "internal/reflectlite",
	"Name": "reflectlite",
	"Doc": "Package reflectlite implements lightweight version of reflect, not using any package except for \"runtime\", \"unsafe\", and \"internal/abi\"",
	"Root": "C:\\Program Files\\Go",
	"Goroot": true,
	"Standard": true,
	"DepOnly": true,
	"GoFiles": [
		"swapper.go",
		"type.go",
		"value.go"
	],
	"SFiles": [
		"asm.s"
	],
	"Imports": [
		"internal/abi",
		"internal/goarch",
		"internal/unsafeheader",
		"runtime",
		"unsafe"
	],
	"Deps": [
		"internal/abi",
		"internal/asan",
		"internal/bytealg",
		"internal/byteorder",
		"internal/chacha8rand",
		"internal/coverage/rtcov",
		"internal/cpu",
		"internal/goarch",
		"internal/godebugs",
		"internal/goexperiment",
		"internal/goos",
		"internal/msan",
		"internal/profilerecord",
		"internal/race",
		"internal/runtime/atomic",
		"internal/runtime/exithook",
		"internal/runtime/gc",
		"internal/runtime/gc/scan",
		"internal/runtime/maps",
		"internal/runtime/math",
		"internal/runtime/pprof/label",
		"internal/runtime/sys",
		"internal/runtime/syscall/windows",
		"internal/strconv",
		"internal/stringslite",
		"internal/trace/tracev2",
		"internal/unsafeheader",
		"math/bits",
		"runtime",
		"unsafe"
	],
	"TestGoFiles": [
		"export_test.go"
	],
	"TestImports": [
		"unsafe"
	],
	"XTestGoFiles": [
		"all_test.go",
		"reflect_mirror_test.go",
		"set_test.go",
		"tostring_test.go"
	],
	"XTestImports": [
		"bytes",
		"encoding/base64",
		"fmt",
		"go/ast",
		"go/parser",
		"go/token",
		"internal/abi",
		"internal/reflectlite",
		"io",
		"io/fs",
		"math",
		"os",
		"path/filepath",
		"reflect",
		"runtime",
		"slices",
		"strconv",
		"strings",
		"sync",
		"testing",
		"unsafe"
	]
}
{
	"Dir": "C:\\Program Files\\Go\\src\\errors",
	"ImportPath": "errors",
	"Name": "errors",
	"Doc": "Package errors implements functions to manipulate errors.",
	"Root": "C:\\Program Files\\Go",
	"Goroot": true,
	"Standard": true,
	"DepOnly": true,
	"GoFiles": [
		"errors.go",
		"join.go",
		"wrap.go"
	],
	"Imports": [
		"internal/reflectlite",
		"unsafe"
	],
	"Deps": [
		"internal/abi",
		"internal/asan",
		"internal/bytealg",
		"internal/byteorder",
		"internal/chacha8rand",
		"internal/coverage/rtcov",
		"internal/cpu",
		"internal/goarch",
		"internal/godebugs",
		"internal/goexperiment",
		"internal/goos",
		"internal/msan",
		"internal/profilerecord",
		"internal/race",
		"internal/reflectlite",
		"internal/runtime/atomic",
		"internal/runtime/exithook",
		"internal/runtime/gc",
		"internal/runtime/gc/scan",
		"internal/runtime/maps",
		"internal/runtime/math",
		"internal/runtime/pprof/label",
		"internal/runtime/sys",
		"internal/runtime/syscall/windows",
		"internal/strconv",
		"internal/stringslite",
		"internal/trace/tracev2",
		"internal/unsafeheader",
		"math/bits",
		"runtime",
		"unsafe"
	],
	"XTestGoFiles": [
		"errors_test.go",
		"example_test.go",
		"join_test.go",
		"wrap_test.go"
	],
	"XTestImports": [
		"errors",
		"fmt",
		"io/fs",
		"os",
		"reflect",
		"testing",
		"time"
	]
}
{
	"Dir": "C:\\Program Files\\Go\\src\\sync\\atomic",
	"ImportPath": "sync/atomic",
	"Name": "atomic",
	"Doc": "Package atomic provides low-level atomic memory primitives useful for implementing synchronization algorithms.",
	"Root": "C:\\Program Files\\Go",
	"Goroot": true,
	"Standard": true,
	"DepOnly": true,
	"GoFiles": [
		"doc.go",
		"doc_64.go",
		"type.go",
		"value.go"
	],
	"IgnoredGoFiles": [
		"doc_32.go"
	],
	"IgnoredOtherFiles": [
		"race.s"
	],
	"SFiles": [
		"asm.s"
	],
	"Imports": [
		"unsafe"
	],
	"Deps": [
		"unsafe"
	],
	"XTestGoFiles": [
		"atomic_test.go",
		"example_test.go",
		"value_test.go"
	],
	"XTestImports": [
		"fmt",
		"math/rand",
		"reflect",
		"runtime",
		"runtime/debug",
		"strconv",
		"strings",
		"sync",
		"sync/atomic",
		"testing",
		"time",
		"unsafe"
	]
}
{
	"Dir": "C:\\Program Files\\Go\\src\\internal\\sync",
	"ImportPath": "internal/sync",
	"Name": "sync",
	"Doc": "Package sync provides basic synchronization primitives such as mutual exclusion locks to internal packages (including ones that depend on sync).",
	"Root": "C:\\Program Files\\Go",
	"Goroot": true,
	"Standard": true,
	"DepOnly": true,
	"GoFiles": [
		"hashtriemap.go",
		"mutex.go",
		"runtime.go"
	],
	"Imports": [
		"internal/abi",
		"internal/goarch",
		"internal/race",
		"sync/atomic",
		"unsafe"
	],
	"Deps": [
		"internal/abi",
		"internal/goarch",
		"internal/race",
		"sync/atomic",
		"unsafe"
	],
	"TestGoFiles": [
		"export_test.go"
	],
	"TestImports": [
		"internal/abi",
		"unsafe"
	],
	"XTestGoFiles": [
		"hashtriemap_bench_test.go",
		"hashtriemap_test.go"
	],
	"XTestImports": [
		"fmt",
		"internal/sync",
		"math",
		"runtime",
		"strconv",
		"sync",
		"testing",
		"weak"
	]
}
{
	"Dir": "C:\\Program Files\\Go\\src\\internal\\synctest",
	"ImportPath": "internal/synctest",
	"Name": "synctest",
	"Doc": "Package synctest provides support for testing concurrent code.",
	"Root": "C:\\Program Files\\Go",
	"Goroot": true,
	"Standard": true,
	"DepOnly": true,
	"GoFiles": [
		"synctest.go"
	],
	"Imports": [
		"internal/abi",
		"unsafe"
	],
	"Deps": [
		"internal/abi",
		"internal/goarch",
		"unsafe"
	],
	"XTestGoFiles": [
		"synctest_test.go"
	],
	"XTestImports": [
		"context",
		"fmt",
		"internal/synctest",
		"internal/testenv",
		"iter",
		"os",
		"reflect",
		"runtime",
		"slices",
		"strconv",
		"strings",
		"sync",
		"sync/atomic",
		"testing",
		"time",
		"weak"
	]
}
{
	"Dir": "C:\\Program Files\\Go\\src\\sync",
	"ImportPath": "sync",
	"Name": "sync",
	"Doc": "Package sync provides basic synchronization primitives such as mutual exclusion locks.",
	"Root": "C:\\Program Files\\Go",
	"Goroot": true,
	"Standard": true,
	"DepOnly": true,
	"GoFiles": [
		"cond.go",
		"map.go",
		"mutex.go",
		"once.go",
		"oncefunc.go",
		"pool.go",
		"poolqueue.go",
		"runtime.go",
		"runtime2.go",
		"rwmutex.go",
		"waitgroup.go"
	],
	"IgnoredGoFiles": [
		"runtime2_lockrank.go"
	],
	"Imports": [
		"internal/race",
		"internal/runtime/atomic",
		"internal/sync",
		"internal/synctest",
		"runtime",
		"sync/atomic",
		"unsafe"
	],
	"Deps": [
		"internal/abi",
		"internal/asan",
		"internal/bytealg",
		"internal/byteorder",
		"internal/chacha8rand",
		"internal/coverage/rtcov",
		"internal/cpu",
		"internal/goarch",
		"internal/godebugs",
		"internal/goexperiment",
		"internal/goos",
		"internal/msan",
		"internal/profilerecord",
		"internal/race",
		"internal/runtime/atomic",
		"internal/runtime/exithook",
		"internal/runtime/gc",
		"internal/runtime/gc/scan",
		"internal/runtime/maps",
		"internal/runtime/math",
		"internal/runtime/pprof/label",
		"internal/runtime/sys",
		"internal/runtime/syscall/windows",
		"internal/strconv",
		"internal/stringslite",
		"internal/sync",
		"internal/synctest",
		"internal/trace/tracev2",
		"math/bits",
		"runtime",
		"sync/atomic",
		"unsafe"
	],
	"TestGoFiles": [
		"export_test.go"
	],
	"XTestGoFiles": [
		"cond_test.go",
		"example_pool_test.go",
		"example_test.go",
		"map_bench_test.go",
		"map_reference_test.go",
		"map_test.go",
		"mutex_test.go",
		"once_test.go",
		"oncefunc_test.go",
		"pool_test.go",
		"runtime_sema_test.go",
		"rwmutex_test.go",
		"waitgroup_test.go"
	],
	"XTestImports": [
		"bytes",
		"fmt",
		"internal/sync",
		"internal/testenv",
		"io",
		"math",
		"math/rand",
		"os",
		"os/exec",
		"reflect",
		"runtime",
		"runtime/debug",
		"slices",
		"strings",
		"sync",
		"sync/atomic",
		"testing",
		"testing/quick",
		"time",
		"unsafe"
	]
}
{
	"Dir": "C:\\Program Files\\Go\\src\\io",
	"ImportPath": "io",
	"Name": "io",
	"Doc": "Package io provides basic interfaces to I/O primitives.",
	"Root": "C:\\Program Files\\Go",
	"Goroot": true,
	"Standard": true,
	"DepOnly": true,
	"GoFiles": [
		"io.go",
		"multi.go",
		"pipe.go"
	],
	"Imports": [
		"errors",
		"sync"
	],
	"Deps": [
		"errors",
		"internal/abi",
		"internal/asan",
		"internal/bytealg",
		"internal/byteorder",
		"internal/chacha8rand",
		"internal/coverage/rtcov",
		"internal/cpu",
		"internal/goarch",
		"internal/godebugs",
		"internal/goexperiment",
		"internal/goos",
		"internal/msan",
		"internal/profilerecord",
		"internal/race",
		"internal/reflectlite",
		"internal/runtime/atomic",
		"internal/runtime/exithook",
		"internal/runtime/gc",
		"internal/runtime/gc/scan",
		"internal/runtime/maps",
		"internal/runtime/math",
		"internal/runtime/pprof/label",
		"internal/runtime/sys",
		"internal/runtime/syscall/windows",
		"internal/strconv",
		"internal/stringslite",
		"internal/sync",
		"internal/synctest",
		"internal/trace/tracev2",
		"internal/unsafeheader",
		"math/bits",
		"runtime",
		"sync",
		"sync/atomic",
		"unsafe"
	],
	"TestGoFiles": [
		"export_test.go"
	],
	"XTestGoFiles": [
		"example_test.go",
		"io_test.go",
		"multi_test.go",
		"pipe_test.go"
	],
	"XTestImports": [
		"bytes",
		"crypto/sha1",
		"errors",
		"fmt",
		"io",
		"log",
		"os",
		"runtime",
		"slices",
		"strings",
		"sync",
		"sync/atomic",
		"testing",
		"time"
	]
}
{
	"Dir": "C:\\Program Files\\Go\\src\\iter",
	"ImportPath": "iter",
	"Name": "iter",
	"Doc": "Package iter provides basic definitions and operations related to iterators over sequences.",
	"Root": "C:\\Program Files\\Go",
	"Goroot": true,
	"Standard": true,
	"DepOnly": true,
	"GoFiles": [
		"iter.go"
	],
	"Imports": [
		"internal/race",
		"runtime",
		"unsafe"
	],
	"Deps": [
		"internal/abi",
		"internal/asan",
		"internal/bytealg",
		"internal/byteorder",
		"internal/chacha8rand",
		"internal/coverage/rtcov",
		"internal/cpu",
		"internal/goarch",
		"internal/godebugs",
		"internal/goexperiment",
		"internal/goos",
		"internal/msan",
		"internal/profilerecord",
		"internal/race",
		"internal/runtime/atomic",
		"internal/runtime/exithook",
		"internal/runtime/gc",
		"internal/runtime/gc/scan",
		"internal/runtime/maps",
		"internal/runtime/math",
		"internal/runtime/pprof/label",
		"internal/runtime/sys",
		"internal/runtime/syscall/windows",
		"internal/strconv",
		"internal/stringslite",
		"internal/trace/tracev2",
		"math/bits",
		"runtime",
		"unsafe"
	],
	"XTestGoFiles": [
		"pull_test.go"
	],
	"XTestImports": [
		"fmt",
		"iter",
		"runtime",
		"testing"
	]
}
{
	"Dir": "C:\\Program Files\\Go\\src\\unicode",
	"ImportPath": "unicode",
	"Name": "unicode",
	"Doc": "Package unicode provides data and functions to test some properties of Unicode code points.",
	"Root": "C:\\Program Files\\Go",
	"Goroot": true,
	"Standard": true,
	"DepOnly": true,
	"GoFiles": [
		"casetables.go",
		"digit.go",
		"graphic.go",
		"letter.go",
		"tables.go"
	],
	"XTestGoFiles": [
		"digit_test.go",
		"example_test.go",
		"graphic_test.go",
		"letter_test.go",
		"script_test.go"
	],
	"XTestImports": [
		"flag",
		"fmt",
		"runtime",
		"sort",
		"strings",
		"testing",
		"unicode"
	]
}
{
	"Dir": "C:\\Program Files\\Go\\src\\unicode\\utf8",
	"ImportPath": "unicode/utf8",
	"Name": "utf8",
	"Doc": "Package utf8 implements functions and constants to support text encoded in UTF-8.",
	"Root": "C:\\Program Files\\Go",
	"Goroot": true,
	"Standard": true,
	"DepOnly": true,
	"GoFiles": [
		"utf8.go"
	],
	"XTestGoFiles": [
		"example_test.go",
		"utf8_test.go"
	],
	"XTestImports": [
		"bytes",
		"fmt",
		"strings",
		"testing",
		"unicode",
		"unicode/utf8"
	]
}
{
	"Dir": "C:\\Program Files\\Go\\src\\bytes",
	"ImportPath": "bytes",
	"Name": "bytes",
	"Doc": "Package bytes implements functions for the manipulation of byte slices.",
	"Root": "C:\\Program Files\\Go",
	"Goroot": true,
	"Standard": true,
	"DepOnly": true,
	"GoFiles": [
		"buffer.go",
		"bytes.go",
		"iter.go",
		"reader.go"
	],
	"IgnoredGoFiles": [
		"boundary_test.go",
		"bytes_js_wasm_test.go"
	],
	"Imports": [
		"errors",
		"internal/bytealg",
		"io",
		"iter",
		"math/bits",
		"unicode",
		"unicode/utf8",
		"unsafe"
	],
	"Deps": [
		"errors",
		"internal/abi",
		"internal/asan",
		"internal/bytealg",
		"internal/byteorder",
		"internal/chacha8rand",
		"internal/coverage/rtcov",
		"internal/cpu",
		"internal/goarch",
		"internal/godebugs",
		"internal/goexperiment",
		"internal/goos",
		"internal/msan",
		"internal/profilerecord",
		"internal/race",
		"internal/reflectlite",
		"internal/runtime/atomic",
		"internal/runtime/exithook",
		"internal/runtime/gc",
		"internal/runtime/gc/scan",
		"internal/runtime/maps",
		"internal/runtime/math",
		"internal/runtime/pprof/label",
		"internal/runtime/sys",
		"internal/runtime/syscall/windows",
		"internal/strconv",
		"internal/stringslite",
		"internal/sync",
		"internal/synctest",
		"internal/trace/tracev2",
		"internal/unsafeheader",
		"io",
		"iter",
		"math/bits",
		"runtime",
		"sync",
		"sync/atomic",
		"unicode",
		"unicode/utf8",
		"unsafe"
	],
	"XTestGoFiles": [
		"buffer_test.go",
		"bytes_test.go",
		"compare_test.go",
		"example_test.go",
		"iter_test.go",
		"reader_test.go"
	],
	"XTestImports": [
		"bytes",
		"encoding/base64",
		"fmt",
		"internal/asan",
		"internal/testenv",
		"io",
		"iter",
		"math",
		"math/rand",
		"os",
		"slices",
		"strconv",
		"strings",
		"sync",
		"testing",
		"unicode",
		"unicode/utf8",
		"unsafe"
	]
}
{
	"Dir": "C:\\Program Files\\Go\\src\\internal\\syscall\\windows\\sysdll",
	"ImportPath": "internal/syscall/windows/sysdll",
	"Name": "sysdll",
	"Doc": "Package sysdll is an internal leaf package that records and reports which Windows DLL names are used by Go itself.",
	"Root": "C:\\Program Files\\Go",
	"Goroot": true,
	"Standard": true,
	"DepOnly": true,
	"GoFiles": [
		"sysdll.go"
	]
}
{
	"Dir": "C:\\Program Files\\Go\\src\\internal\\oserror",
	"ImportPath": "internal/oserror",
	"Name": "oserror",
	"Doc": "Package oserror defines errors values used in the os package.",
	"Root": "C:\\Program Files\\Go",
	"Goroot": true,
	"Standard": true,
	"DepOnly": true,
	"GoFiles": [
		"errors.go"
	],
	"Imports": [
		"errors"
	],
	"Deps": [
		"errors",
		"internal/abi",
		"internal/asan",
		"internal/bytealg",
		"internal/byteorder",
		"internal/chacha8rand",
		"internal/coverage/rtcov",
		"internal/cpu",
		"internal/goarch",
		"internal/godebugs",
		"internal/goexperiment",
		"internal/goos",
		"internal/msan",
		"internal/profilerecord",
		"internal/race",
		"internal/reflectlite",
		"internal/runtime/atomic",
		"internal/runtime/exithook",
		"internal/runtime/gc",
		"internal/runtime/gc/scan",
		"internal/runtime/maps",
		"internal/runtime/math",
		"internal/runtime/pprof/label",
		"internal/runtime/sys",
		"internal/runtime/syscall/windows",
		"internal/strconv",
		"internal/stringslite",
		"internal/trace/tracev2",
		"internal/unsafeheader",
		"math/bits",
		"runtime",
		"unsafe"
	]
}
{
	"Dir": "C:\\Program Files\\Go\\src\\cmp",
	"ImportPath": "cmp",
	"Name": "cmp",
	"Doc": "Package cmp provides types and functions related to comparing ordered values.",
	"Root": "C:\\Program Files\\Go",
	"Goroot": true,
	"Standard": true,
	"DepOnly": true,
	"GoFiles": [
		"cmp.go"
	],
	"XTestGoFiles": [
		"cmp_test.go"
	],
	"XTestImports": [
		"cmp",
		"fmt",
		"math",
		"slices",
		"sort",
		"strings",
		"testing",
		"unsafe"
	]
}
{
	"Dir": "C:\\Program Files\\Go\\src\\slices",
	"ImportPath": "slices",
	"Name": "slices",
	"Doc": "Package slices defines various functions useful with slices of any type.",
	"Root": "C:\\Program Files\\Go",
	"Goroot": true,
	"Standard": true,
	"DepOnly": true,
	"GoFiles": [
		"iter.go",
		"slices.go",
		"sort.go",
		"zsortanyfunc.go",
		"zsortordered.go"
	],
	"Imports": [
		"cmp",
		"iter",
		"math/bits",
		"unsafe"
	],
	"Deps": [
		"cmp",
		"internal/abi",
		"internal/asan",
		"internal/bytealg",
		"internal/byteorder",
		"internal/chacha8rand",
		"internal/coverage/rtcov",
		"internal/cpu",
		"internal/goarch",
		"internal/godebugs",
		"internal/goexperiment",
		"internal/goos",
		"internal/msan",
		"internal/profilerecord",
		"internal/race",
		"internal/runtime/atomic",
		"internal/runtime/exithook",
		"internal/runtime/gc",
		"internal/runtime/gc/scan",
		"internal/runtime/maps",
		"internal/runtime/math",
		"internal/runtime/pprof/label",
		"internal/runtime/sys",
		"internal/runtime/syscall/windows",
		"internal/strconv",
		"internal/stringslite",
		"internal/trace/tracev2",
		"iter",
		"math/bits",
		"runtime",
		"unsafe"
	],
	"XTestGoFiles": [
		"example_test.go",
		"iter_test.go",
		"slices_test.go",
		"sort_benchmark_test.go",
		"sort_test.go"
	],
	"XTestImports": [
		"cmp",
		"fmt",
		"internal/asan",
		"internal/msan",
		"internal/race",
		"internal/testenv",
		"iter",
		"math",
		"math/rand",
		"math/rand/v2",
		"slices",
		"strconv",
		"strings",
		"testing",
		"unsafe"
	]
}
{
	"Dir": "C:\\Program Files\\Go\\src\\unicode\\utf16",
	"ImportPath": "unicode/utf16",
	"Name": "utf16",
	"Doc": "Package utf16 implements encoding and decoding of UTF-16 sequences.",
	"Root": "C:\\Program Files\\Go",
	"Goroot": true,
	"Standard": true,
	"DepOnly": true,
	"GoFiles": [
		"utf16.go"
	],
	"TestGoFiles": [
		"export_test.go"
	],
	"XTestGoFiles": [
		"utf16_test.go"
	],
	"XTestImports": [
		"internal/testenv",
		"slices",
		"testing",
		"unicode",
		"unicode/utf16"
	]
}
{
	"Dir": "C:\\Program Files\\Go\\src\\syscall",
	"ImportPath": "syscall",
	"Name": "syscall",
	"Doc": "Package syscall contains an interface to the low-level operating system primitives.",
	"Root": "C:\\Program Files\\Go",
	"Goroot": true,
	"Standard": true,
	"DepOnly": true,
	"GoFiles": [
		"dll_windows.go",
		"env_windows.go",
		"exec_windows.go",
		"net.go",
		"security_windows.go",
		"syscall.go",
		"syscall_windows.go",
		"time_nofake.go",
		"types_windows.go",
		"types_windows_amd64.go",
		"wtf8_windows.go",
		"zerrors_windows.go",
		"zsyscall_windows.go"
	],
	"IgnoredGoFiles": [
		"badlinkname_unix.go",
		"bpf_bsd.go",
		"const_plan9.go",
		"creds_test.go",
		"dir_plan9.go",
		"dirent.go",
		"dirent_test.go",
		"env_unix.go",
		"env_unix_test.go",
		"errors_plan9.go",
		"exec_aix_test.go",
		"exec_bsd.go",
		"exec_freebsd.go",
		"exec_freebsd_test.go",
		"exec_libc.go",
		"exec_libc2.go",
		"exec_linux.go",
		"exec_linux_test.go",
		"exec_pdeathsig_test.go",
		"exec_plan9.go",
		"exec_solaris_test.go",
		"exec_unix.go",
		"exec_unix_test.go",
		"export_bsd_test.go",
		"export_linux_test.go",
		"export_rlimit_test.go",
		"export_wasip1_test.go",
		"flock_aix.go",
		"flock_bsd.go",
		"flock_linux.go",
		"flock_linux_32bit.go",
		"forkpipe.go",
		"forkpipe2.go",
		"fs_js.go",
		"fs_wasip1.go",
		"fs_wasip1_test.go",
		"getdirentries_test.go",
		"linkname_bsd.go",
		"linkname_darwin.go",
		"linkname_libc.go",
		"linkname_openbsd.go",
		"linkname_unix.go",
		"lsf_linux.go",
		"mkasm.go",
		"mkpost.go",
		"mksyscall_windows.go",
		"mmap_unix_test.go",
		"net_fake.go",
		"net_js.go",
		"net_wasip1.go",
		"netlink_linux.go",
		"os_wasip1.go",
		"pwd_plan9.go",
		"rlimit.go",
		"rlimit_darwin.go",
		"rlimit_stub.go",
		"rlimit_test.go",
		"route_bsd.go",
		"route_darwin.go",
		"route_dragonfly.go",
		"route_freebsd.go",
		"route_freebsd_32bit.go",
		"route_freebsd_64bit.go",
		"route_netbsd.go",
		"route_openbsd.go",
		"setuidgid_32_linux.go",
		"setuidgid_linux.go",
		"sockcmsg_dragonfly.go",
		"sockcmsg_linux.go",
		"sockcmsg_unix.go",
		"sockcmsg_unix_other.go",
		"syscall_aix.go",
		"syscall_aix_ppc64.go",
		"syscall_bsd.go",
		"syscall_bsd_test.go",
		"syscall_darwin.go",
		"syscall_darwin_amd64.go",
		"syscall_darwin_arm64.go",
		"syscall_dragonfly.go",
		"syscall_dragonfly_amd64.go",
		"syscall_freebsd.go",
		"syscall_freebsd_386.go",
		"syscall_freebsd_amd64.go",
		"syscall_freebsd_arm.go",
		"syscall_freebsd_arm64.go",
		"syscall_freebsd_riscv64.go",
		"syscall_freebsd_test.go",
		"syscall_illumos.go",
		"syscall_js.go",
		"syscall_linux.go",
		"syscall_linux_386.go",
		"syscall_linux_amd64.go",
		"syscall_linux_arm.go",
		"syscall_linux_arm64.go",
		"syscall_linux_loong64.go",
		"syscall_linux_mips64x.go",
		"syscall_linux_mipsx.go",
		"syscall_linux_ppc64x.go",
		"syscall_linux_riscv64.go",
		"syscall_linux_s390x.go",
		"syscall_linux_test.go",
		"syscall_netbsd.go",
		"syscall_netbsd_386.go",
		"syscall_netbsd_amd64.go",
		"syscall_netbsd_arm.go",
		"syscall_netbsd_arm64.go",
		"syscall_openbsd.go",
		"syscall_openbsd_386.go",
		"syscall_openbsd_amd64.go",
		"syscall_openbsd_arm.go",
		"syscall_openbsd_arm64.go",
		"syscall_openbsd_ppc64.go",
		"syscall_openbsd_riscv64.go",
		"syscall_plan9.go",
		"syscall_plan9_test.go",
		"syscall_ptrace_test.go",
		"syscall_solaris.go",
		"syscall_solaris_amd64.go",
		"syscall_solarisonly.go",
		"syscall_unix.go",
		"syscall_unix_test.go",
		"syscall_wasip1.go",
		"tables_js.go",
		"tables_wasip1.go",
		"time_fake.go",
		"timestruct.go",
		"types_aix.go",
		"types_darwin.go",
		"types_dragonfly.go",
		"types_freebsd.go",
		"types_illumos_amd64.go",
		"types_linux.go",
		"types_netbsd.go",
		"types_openbsd.go",
		"types_solaris.go",
		"types_windows_386.go",
		"types_windows_arm64.go",
		"zerrors_aix_ppc64.go",
		"zerrors_darwin_amd64.go",
		"zerrors_darwin_arm64.go",
		"zerrors_dragonfly_amd64.go",
		"zerrors_freebsd_386.go",
		"zerrors_freebsd_amd64.go",
		"zerrors_freebsd_arm.go",
		"zerrors_freebsd_arm64.go",
		"zerrors_freebsd_riscv64.go",
		"zerrors_linux_386.go",
		"zerrors_linux_amd64.go",
		"zerrors_linux_arm.go",
		"zerrors_linux_arm64.go",
		"zerrors_linux_loong64.go",
		"zerrors_linux_mips.go",
		"zerrors_linux_mips64.go",
		"zerrors_linux_mips64le.go",
		"zerrors_linux_mipsle.go",
		"zerrors_linux_ppc64.go",
		"zerrors_linux_ppc64le.go",
		"zerrors_linux_riscv64.go",
		"zerrors_linux_s390x.go",
		"zerrors_netbsd_386.go",
		"zerrors_netbsd_amd64.go",
		"zerrors_netbsd_arm.go",
		"zerrors_netbsd_arm64.go",
		"zerrors_openbsd_386.go",
		"zerrors_openbsd_amd64.go",
		"zerrors_openbsd_arm.go",
		"zerrors_openbsd_arm64.go",
		"zerrors_openbsd_ppc64.go",
		"zerrors_openbsd_riscv64.go",
		"zerrors_solaris_amd64.go",
		"zsyscall_aix_ppc64.go",
		"zsyscall_darwin_amd64.go",
		"zsyscall_darwin_arm64.go",
		"zsyscall_dragonfly_amd64.go",
		"zsyscall_freebsd_386.go",
		"zsyscall_freebsd_amd64.go",
		"zsyscall_freebsd_arm.go",
		"zsyscall_freebsd_arm64.go",
		"zsyscall_freebsd_riscv64.go",
		"zsyscall_linux_386.go",
		"zsyscall_linux_amd64.go",
		"zsyscall_linux_arm.go",
		"zsyscall_linux_arm64.go",
		"zsyscall_linux_loong64.go",
		"zsyscall_linux_mips.go",
		"zsyscall_linux_mips64.go",
		"zsyscall_linux_mips64le.go",
		"zsyscall_linux_mipsle.go",
		"zsyscall_linux_ppc64.go",
		"zsyscall_linux_ppc64le.go",
		"zsyscall_linux_riscv64.go",
		"zsyscall_linux_s390x.go",
		"zsyscall_netbsd_386.go",
		"zsyscall_netbsd_amd64.go",
		"zsyscall_netbsd_arm.go",
		"zsyscall_netbsd_arm64.go",
		"zsyscall_openbsd_386.go",
		"zsyscall_openbsd_amd64.go",
		"zsyscall_openbsd_arm.go",
		"zsyscall_openbsd_arm64.go",
		"zsyscall_openbsd_ppc64.go",
		"zsyscall_openbsd_riscv64.go",
		"zsyscall_plan9_386.go",
		"zsyscall_plan9_amd64.go",
		"zsyscall_plan9_arm.go",
		"zsyscall_solaris_amd64.go",
		"zsysctl_openbsd.go",
		"zsysnum_darwin_amd64.go",
		"zsysnum_darwin_arm64.go",
		"zsysnum_dragonfly_amd64.go",
		"zsysnum_freebsd_386.go",
		"zsysnum_freebsd_amd64.go",
		"zsysnum_freebsd_arm.go",
		"zsysnum_freebsd_arm64.go",
		"zsysnum_freebsd_riscv64.go",
		"zsysnum_linux_386.go",
		"zsysnum_linux_amd64.go",
		"zsysnum_linux_arm.go",
		"zsysnum_linux_arm64.go",
		"zsysnum_linux_loong64.go",
		"zsysnum_linux_mips.go",
		"zsysnum_linux_mips64.go",
		"zsysnum_linux_mips64le.go",
		"zsysnum_linux_mipsle.go",
		"zsysnum_linux_ppc64.go",
		"zsysnum_linux_ppc64le.go",
		"zsysnum_linux_riscv64.go",
		"zsysnum_linux_s390x.go",
		"zsysnum_netbsd_386.go",
		"zsysnum_netbsd_amd64.go",
		"zsysnum_netbsd_arm.go",
		"zsysnum_netbsd_arm64.go",
		"zsysnum_openbsd_386.go",
		"zsysnum_openbsd_amd64.go",
		"zsysnum_openbsd_arm.go",
		"zsysnum_openbsd_arm64.go",
		"zsysnum_openbsd_ppc64.go",
		"zsysnum_openbsd_riscv64.go",
		"zsysnum_plan9.go",
		"zsysnum_solaris_amd64.go",
		"ztypes_aix_ppc64.go",
		"ztypes_darwin_amd64.go",
		"ztypes_darwin_arm64.go",
		"ztypes_dragonfly_amd64.go",
		"ztypes_freebsd_386.go",
		"ztypes_freebsd_amd64.go",
		"ztypes_freebsd_arm.go",
		"ztypes_freebsd_arm64.go",
		"ztypes_freebsd_riscv64.go",
		"ztypes_linux_386.go",
		"ztypes_linux_amd64.go",
		"ztypes_linux_arm.go",
		"ztypes_linux_arm64.go",
		"ztypes_linux_loong64.go",
		"ztypes_linux_mips.go",
		"ztypes_linux_mips64.go",
		"ztypes_linux_mips64le.go",
		"ztypes_linux_mipsle.go",
		"ztypes_linux_ppc64.go",
		"ztypes_linux_ppc64le.go",
		"ztypes_linux_riscv64.go",
		"ztypes_linux_s390x.go",
		"ztypes_netbsd_386.go",
		"ztypes_netbsd_amd64.go",
		"ztypes_netbsd_arm.go",
		"ztypes_netbsd_arm64.go",
		"ztypes_openbsd_386.go",
		"ztypes_openbsd_amd64.go",
		"ztypes_openbsd_arm.go",
		"ztypes_openbsd_arm64.go",
		"ztypes_openbsd_ppc64.go",
		"ztypes_openbsd_riscv64.go",
		"ztypes_solaris_amd64.go"
	],
	"IgnoredOtherFiles": [
		"asm9_unix2_amd64.s",
		"asm_aix_ppc64.s",
		"asm_darwin_amd64.s",
		"asm_darwin_arm64.s",
		"asm_freebsd_arm.s",
		"asm_freebsd_arm64.s",
		"asm_freebsd_riscv64.s",
		"asm_linux_386.s",
		"asm_linux_amd64.s",
		"asm_linux_arm.s",
		"asm_linux_arm64.s",
		"asm_linux_loong64.s",
		"asm_linux_mips64x.s",
		"asm_linux_mipsx.s",
		"asm_linux_ppc64x.s",
		"asm_linux_riscv64.s",
		"asm_linux_s390x.s",
		"asm_netbsd_arm.s",
		"asm_netbsd_arm64.s",
		"asm_openbsd_386.s",
		"asm_openbsd_amd64.s",
		"asm_openbsd_arm.s",
		"asm_openbsd_arm64.s",
		"asm_openbsd_ppc64.s",
		"asm_openbsd_riscv64.s",
		"asm_plan9_386.s",
		"asm_plan9_amd64.s",
		"asm_plan9_arm.s",
		"asm_solaris_amd64.s",
		"asm_unix_386.s",
		"asm_unix_amd64.s",
		"zsyscall_darwin_amd64.s",
		"zsyscall_darwin_arm64.s",
		"zsyscall_openbsd_386.s",
		"zsyscall_openbsd_amd64.s",
		"zsyscall_openbsd_arm.s",
		"zsyscall_openbsd_arm64.s",
		"zsyscall_openbsd_ppc64.s",
		"zsyscall_openbsd_riscv64.s"
	],
	"Imports": [
		"errors",
		"internal/asan",
		"internal/bytealg",
		"internal/msan",
		"internal/oserror",
		"internal/race",
		"internal/strconv",
		"internal/syscall/windows/sysdll",
		"runtime",
		"slices",
		"sync",
		"sync/atomic",
		"unicode/utf16",
		"unicode/utf8",
		"unsafe"
	],
	"Deps": [
		"cmp",
		"errors",
		"internal/abi",
		"internal/asan",
		"internal/bytealg",
		"internal/byteorder",
		"internal/chacha8rand",
		"internal/coverage/rtcov",
		"internal/cpu",
		"internal/goarch",
		"internal/godebugs",
		"internal/goexperiment",
		"internal/goos",
		"internal/msan",
		"internal/oserror",
		"internal/profilerecord",
		"internal/race",
		"internal/reflectlite",
		"internal/runtime/atomic",
		"internal/runtime/exithook",
		"internal/runtime/gc",
		"internal/runtime/gc/scan",
		"internal/runtime/maps",
		"internal/runtime/math",
		"internal/runtime/pprof/label",
		"internal/runtime/sys",
		"internal/runtime/syscall/windows",
		"internal/strconv",
		"internal/stringslite",
		"internal/sync",
		"internal/synctest",
		"internal/syscall/windows/sysdll",
		"internal/trace/tracev2",
		"internal/unsafeheader",
		"iter",
		"math/bits",
		"runtime",
		"slices",
		"sync",
		"sync/atomic",
		"unicode/utf16",
		"unicode/utf8",
		"unsafe"
	],
	"TestGoFiles": [
		"export_windows_test.go"
	],
	"XTestGoFiles": [
		"exec_windows_test.go",
		"syscall_test.go",
		"syscall_windows_test.go",
		"wtf8_windows_test.go"
	],
	"XTestImports": [
		"fmt",
		"internal/testenv",
		"os",
		"os/exec",
		"path/filepath",
		"runtime",
		"slices",
		"strings",
		"syscall",
		"testing",
		"time",
		"unicode/utf16",
		"unicode/utf8",
		"unsafe"
	]
}
{
	"Dir": "C:\\Program Files\\Go\\src\\internal\\syscall\\windows\\registry",
	"ImportPath": "internal/syscall/windows/registry",
	"Name": "registry",
	"Doc": "Package registry provides access to the Windows registry.",
	"Root": "C:\\Program Files\\Go",
	"Goroot": true,
	"Standard": true,
	"DepOnly": true,
	"GoFiles": [
		"key.go",
		"syscall.go",
		"value.go",
		"zsyscall_windows.go"
	],
	"IgnoredGoFiles": [
		"mksyscall.go"
	],
	"Imports": [
		"errors",
		"internal/syscall/windows/sysdll",
		"runtime",
		"syscall",
		"unicode/utf16",
		"unsafe"
	],
	"Deps": [
		"cmp",
		"errors",
		"internal/abi",
		"internal/asan",
		"internal/bytealg",
		"internal/byteorder",
		"internal/chacha8rand",
		"internal/coverage/rtcov",
		"internal/cpu",
		"internal/goarch",
		"internal/godebugs",
		"internal/goexperiment",
		"internal/goos",
		"internal/msan",
		"internal/oserror",
		"internal/profilerecord",
		"internal/race",
		"internal/reflectlite",
		"internal/runtime/atomic",
		"internal/runtime/exithook",
		"internal/runtime/gc",
		"internal/runtime/gc/scan",
		"internal/runtime/maps",
		"internal/runtime/math",
		"internal/runtime/pprof/label",
		"internal/runtime/sys",
		"internal/runtime/syscall/windows",
		"internal/strconv",
		"internal/stringslite",
		"internal/sync",
		"internal/synctest",
		"internal/syscall/windows/sysdll",
		"internal/trace/tracev2",
		"internal/unsafeheader",
		"iter",
		"math/bits",
		"runtime",
		"slices",
		"sync",
		"sync/atomic",
		"syscall",
		"unicode/utf16",
		"unicode/utf8",
		"unsafe"
	],
	"TestGoFiles": [
		"export_test.go"
	],
	"XTestGoFiles": [
		"registry_test.go"
	],
	"XTestImports": [
		"bytes",
		"crypto/rand",
		"internal/syscall/windows/registry",
		"os",
		"slices",
		"syscall",
		"testing",
		"unsafe"
	]
}
{
	"Dir": "C:\\Program Files\\Go\\src\\time",
	"ImportPath": "time",
	"Name": "time",
	"Doc": "Package time provides functionality for measuring and displaying time.",
	"Root": "C:\\Program Files\\Go",
	"Goroot": true,
	"Standard": true,
	"DepOnly": true,
	"GoFiles": [
		"format.go",
		"format_rfc3339.go",
		"sleep.go",
		"sys_windows.go",
		"tick.go",
		"time.go",
		"zoneinfo.go",
		"zoneinfo_abbrs_windows.go",
		"zoneinfo_goroot.go",
		"zoneinfo_read.go",
		"zoneinfo_windows.go"
	],
	"IgnoredGoFiles": [
		"embed.go",
		"export_android_test.go",
		"genzabbrs.go",
		"sys_plan9.go",
		"sys_unix.go",
		"zoneinfo_android.go",
		"zoneinfo_android_test.go",
		"zoneinfo_ios.go",
		"zoneinfo_js.go",
		"zoneinfo_plan9.go",
		"zoneinfo_unix.go",
		"zoneinfo_unix_test.go",
		"zoneinfo_wasip1.go"
	],
	"Imports": [
		"errors",
		"internal/bytealg",
		"internal/stringslite",
		"internal/syscall/windows/registry",
		"math/bits",
		"runtime",
		"sync",
		"syscall",
		"unsafe"
	],
	"Deps": [
		"cmp",
		"errors",
		"internal/abi",
		"internal/asan",
		"internal/bytealg",
		"internal/byteorder",
		"internal/chacha8rand",
		"internal/coverage/rtcov",
		"internal/cpu",
		"internal/goarch",
		"internal/godebugs",
		"internal/goexperiment",
		"internal/goos",
		"internal/msan",
		"internal/oserror",
		"internal/profilerecord",
		"internal/race",
		"internal/reflectlite",
		"internal/runtime/atomic",
		"internal/runtime/exithook",
		"internal/runtime/gc",
		"internal/runtime/gc/scan",
		"internal/runtime/maps",
		"internal/runtime/math",
		"internal/runtime/pprof/label",
		"internal/runtime/sys",
		"internal/runtime/syscall/windows",
		"internal/strconv",
		"internal/stringslite",
		"internal/sync",
		"internal/synctest",
		"internal/syscall/windows/registry",
		"internal/syscall/windows/sysdll",
		"internal/trace/tracev2",
		"internal/unsafeheader",
		"iter",
		"math/bits",
		"runtime",
		"slices",
		"sync",
		"sync/atomic",
		"syscall",
		"unicode/utf16",
		"unicode/utf8",
		"unsafe"
	],
	"TestGoFiles": [
		"abs_test.go",
		"export_test.go",
		"export_windows_test.go",
		"internal_test.go"
	],
	"TestImports": [
		"sync"
	],
	"XTestGoFiles": [
		"example_test.go",
		"format_test.go",
		"linkname_test.go",
		"mono_test.go",
		"sleep_test.go",
		"tick_test.go",
		"time_test.go",
		"tzdata_test.go",
		"zoneinfo_test.go",
		"zoneinfo_windows_test.go"
	],
	"XTestImports": [
		"bytes",
		"encoding/gob",
		"encoding/json",
		"errors",
		"fmt",
		"internal/goexperiment",
		"internal/syscall/windows/registry",
		"internal/testenv",
		"math",
		"math/big",
		"math/rand",
		"os",
		"reflect",
		"runtime",
		"slices",
		"strconv",
		"strings",
		"sync",
		"sync/atomic",
		"testing",
		"testing/quick",
		"time",
		"time/tzdata",
		"unsafe"
	]
}
{
	"Dir": "C:\\Program Files\\Go\\src\\context",
	"ImportPath": "context",
	"Name": "context",
	"Doc": "Package context defines the Context type, which carries deadlines, cancellation signals, and other request-scoped values across API boundaries and between processes.",
	"Root": "C:\\Program Files\\Go",
	"Goroot": true,
	"Standard": true,
	"DepOnly": true,
	"GoFiles": [
		"context.go"
	],
	"Imports": [
		"errors",
		"internal/reflectlite",
		"sync",
		"sync/atomic",
		"time"
	],
	"Deps": [
		"cmp",
		"errors",
		"internal/abi",
		"internal/asan",
		"internal/bytealg",
		"internal/byteorder",
		"internal/chacha8rand",
		"internal/coverage/rtcov",
		"internal/cpu",
		"internal/goarch",
		"internal/godebugs",
		"internal/goexperiment",
		"internal/goos",
		"internal/msan",
		"internal/oserror",
		"internal/profilerecord",
		"internal/race",
		"internal/reflectlite",
		"internal/runtime/atomic",
		"internal/runtime/exithook",
		"internal/runtime/gc",
		"internal/runtime/gc/scan",
		"internal/runtime/maps",
		"internal/runtime/math",
		"internal/runtime/pprof/label",
		"internal/runtime/sys",
		"internal/runtime/syscall/windows",
		"internal/strconv",
		"internal/stringslite",
		"internal/sync",
		"internal/synctest",
		"internal/syscall/windows/registry",
		"internal/syscall/windows/sysdll",
		"internal/trace/tracev2",
		"internal/unsafeheader",
		"iter",
		"math/bits",
		"runtime",
		"slices",
		"sync",
		"sync/atomic",
		"syscall",
		"time",
		"unicode/utf16",
		"unicode/utf8",
		"unsafe"
	],
	"TestGoFiles": [
		"context_test.go"
	],
	"TestImports": [
		"time"
	],
	"XTestGoFiles": [
		"afterfunc_test.go",
		"benchmark_test.go",
		"example_test.go",
		"net_test.go",
		"x_test.go"
	],
	"XTestImports": [
		"context",
		"errors",
		"fmt",
		"internal/asan",
		"math/rand",
		"net",
		"runtime",
		"strings",
		"sync",
		"testing",
		"time"
	]
}
{
	"Dir": "C:\\Program Files\\Go\\src\\math",
	"ImportPath": "math",
	"Name": "math",
	"Doc": "Package math provides basic constants and mathematical functions.",
	"Root": "C:\\Program Files\\Go",
	"Goroot": true,
	"Standard": true,
	"DepOnly": true,
	"GoFiles": [
		"abs.go",
		"acosh.go",
		"asin.go",
		"asinh.go",
		"atan.go",
		"atan2.go",
		"atanh.go",
		"bits.go",
		"cbrt.go",
		"const.go",
		"copysign.go",
		"dim.go",
		"dim_asm.go",
		"erf.go",
		"erfinv.go",
		"exp.go",
		"exp2_noasm.go",
		"exp_amd64.go",
		"exp_asm.go",
		"expm1.go",
		"floor.go",
		"floor_asm.go",
		"fma.go",
		"frexp.go",
		"gamma.go",
		"hypot.go",
		"hypot_asm.go",
		"j0.go",
		"j1.go",
		"jn.go",
		"ldexp.go",
		"lgamma.go",
		"log.go",
		"log10.go",
		"log1p.go",
		"log_asm.go",
		"logb.go",
		"mod.go",
		"modf.go",
		"nextafter.go",
		"pow.go",
		"pow10.go",
		"remainder.go",
		"signbit.go",
		"sin.go",
		"sincos.go",
		"sinh.go",
		"sqrt.go",
		"stubs.go",
		"tan.go",
		"tanh.go",
		"trig_reduce.go",
		"unsafe.go"
	],
	"IgnoredGoFiles": [
		"arith_s390x.go",
		"arith_s390x_test.go",
		"dim_noasm.go",
		"exp2_asm.go",
		"exp_noasm.go",
		"export_s390x_test.go",
		"floor_noasm.go",
		"hypot_noasm.go",
		"log_stub.go"
	],
	"IgnoredOtherFiles": [
		"acos_s390x.s",
		"acosh_s390x.s",
		"asin_s390x.s",
		"asinh_s390x.s",
		"atan2_s390x.s",
		"atan_s390x.s",
		"atanh_s390x.s",
		"cbrt_s390x.s",
		"cosh_s390x.s",
		"dim_arm64.s",
		"dim_loong64.s",
		"dim_riscv64.s",
		"dim_s390x.s",
		"erf_s390x.s",
		"erfc_s390x.s",
		"exp_arm64.s",
		"exp_loong64.s",
		"exp_riscv64.s",
		"exp_s390x.s",
		"expm1_s390x.s",
		"floor_386.s",
		"floor_arm64.s",
		"floor_loong64.s",
		"floor_ppc64x.s",
		"floor_riscv64.s",
		"floor_s390x.s",
		"floor_wasm.s",
		"hypot_386.s",
		"log10_s390x.s",
		"log1p_s390x.s",
		"log_s390x.s",
		"pow_s390x.s",
		"sin_s390x.s",
		"sinh_s390x.s",
		"stubs_s390x.s",
		"tan_s390x.s",
		"tanh_s390x.s"
	],
	"SFiles": [
		"dim_amd64.s",
		"exp_amd64.s",
		"floor_amd64.s",
		"hypot_amd64.s",
		"log_amd64.s"
	],
	"Imports": [
		"internal/cpu",
		"math/bits",
		"unsafe"
	],
	"Deps": [
		"internal/cpu",
		"math/bits",
		"unsafe"
	],
	"TestGoFiles": [
		"export_test.go"
	],
	"XTestGoFiles": [
		"all_test.go",
		"const_test.go",
		"example_test.go",
		"huge_test.go"
	],
	"XTestImports": [
		"fmt",
		"math",
		"testing",
		"unsafe"
	]
}
{
	"Dir": "C:\\Program Files\\Go\\src\\strconv",
	"ImportPath": "strconv",
	"Name": "strconv",
	"Doc": "Package strconv implements conversions to and from string representations of basic data types.",
	"Root": "C:\\Program Files\\Go",
	"Goroot": true,
	"Standard": true,
	"DepOnly": true,
	"GoFiles": [
		"bytealg.go",
		"doc.go",
		"isprint.go",
		"number.go",
		"quote.go"
	],
	"IgnoredGoFiles": [
		"bytealg_bootstrap.go",
		"makeisprint.go"
	],
	"Imports": [
		"errors",
		"internal/bytealg",
		"internal/strconv",
		"internal/stringslite",
		"unicode/utf8"
	],
	"Deps": [
		"errors",
		"internal/abi",
		"internal/asan",
		"internal/bytealg",
		"internal/byteorder",
		"internal/chacha8rand",
		"internal/coverage/rtcov",
		"internal/cpu",
		"internal/goarch",
		"internal/godebugs",
		"internal/goexperiment",
		"internal/goos",
		"internal/msan",
		"internal/profilerecord",
		"internal/race",
		"internal/reflectlite",
		"internal/runtime/atomic",
		"internal/runtime/exithook",
		"internal/runtime/gc",
		"internal/runtime/gc/scan",
		"internal/runtime/maps",
		"internal/runtime/math",
		"internal/runtime/pprof/label",
		"internal/runtime/sys",
		"internal/runtime/syscall/windows",
		"internal/strconv",
		"internal/stringslite",
		"internal/trace/tracev2",
		"internal/unsafeheader",
		"math/bits",
		"runtime",
		"unicode/utf8",
		"unsafe"
	],
	"TestGoFiles": [
		"export_test.go"
	],
	"XTestGoFiles": [
		"example_test.go",
		"import_test.go",
		"number_test.go",
		"quote_test.go",
		"strconv_test.go"
	],
	"XTestImports": [
		"bytes",
		"errors",
		"fmt",
		"log",
		"math",
		"math/cmplx",
		"reflect",
		"runtime",
		"strconv",
		"strings",
		"testing",
		"unicode"
	]
}
{
	"Dir": "C:\\Program Files\\Go\\src\\reflect",
	"ImportPath": "reflect",
	"Name": "reflect",
	"Doc": "Package reflect implements run-time reflection, allowing a program to manipulate objects with arbitrary types.",
	"Root": "C:\\Program Files\\Go",
	"Goroot": true,
	"Standard": true,
	"DepOnly": true,
	"GoFiles": [
		"abi.go",
		"badlinkname.go",
		"deepequal.go",
		"float32reg_generic.go",
		"iter.go",
		"makefunc.go",
		"map.go",
		"swapper.go",
		"type.go",
		"value.go",
		"visiblefields.go"
	],
	"IgnoredGoFiles": [
		"arena.go",
		"stubs_ppc64x.go",
		"stubs_riscv64.go",
		"stubs_s390x.go"
	],
	"IgnoredOtherFiles": [
		"asm_386.s",
		"asm_arm.s",
		"asm_arm64.s",
		"asm_loong64.s",
		"asm_mips64x.s",
		"asm_mipsx.s",
		"asm_ppc64x.s",
		"asm_riscv64.s",
		"asm_s390x.s",
		"asm_wasm.s",
		"float32reg_ppc64x.s",
		"float32reg_riscv64.s",
		"float32reg_s390x.s"
	],
	"SFiles": [
		"asm_amd64.s"
	],
	"Imports": [
		"errors",
		"internal/abi",
		"internal/bytealg",
		"internal/goarch",
		"internal/goexperiment",
		"internal/race",
		"internal/runtime/maps",
		"internal/runtime/sys",
		"internal/strconv",
		"internal/unsafeheader",
		"iter",
		"math",
		"runtime",
		"strconv",
		"sync",
		"unicode",
		"unicode/utf8",
		"unsafe"
	],
	"Deps": [
		"errors",
		"internal/abi",
		"internal/asan",
		"internal/bytealg",
		"internal/byteorder",
		"internal/chacha8rand",
		"internal/coverage/rtcov",
		"internal/cpu",
		"internal/goarch",
		"internal/godebugs",
		"internal/goexperiment",
		"internal/goos",
		"internal/msan",
		"internal/profilerecord",
		"internal/race",
		"internal/reflectlite",
		"internal/runtime/atomic",
		"internal/runtime/exithook",
		"internal/runtime/gc",
		"internal/runtime/gc/scan",
		"internal/runtime/maps",
		"internal/runtime/math",
		"internal/runtime/pprof/label",
		"internal/runtime/sys",
		"internal/runtime/syscall/windows",
		"internal/strconv",
		"internal/stringslite",
		"internal/sync",
		"internal/synctest",
		"internal/trace/tracev2",
		"internal/unsafeheader",
		"iter",
		"math",
		"math/bits",
		"runtime",
		"strconv",
		"sync",
		"sync/atomic",
		"unicode",
		"unicode/utf8",
		"unsafe"
	],
	"TestGoFiles": [
		"export_test.go"
	],
	"TestImports": [
		"internal/abi",
		"internal/goarch",
		"sync",
		"unsafe"
	],
	"XTestGoFiles": [
		"abi_test.go",
		"all_test.go",
		"benchmark_test.go",
		"example_test.go",
		"iter_test.go",
		"map_test.go",
		"nih_test.go",
		"set_test.go",
		"tostring_test.go",
		"type_test.go",
		"visiblefields_test.go"
	],
	"XTestImports": [
		"bytes",
		"encoding/base64",
		"encoding/json",
		"flag",
		"fmt",
		"go/ast",
		"go/token",
		"internal/abi",
		"internal/asan",
		"internal/goarch",
		"internal/msan",
		"internal/race",
		"internal/testenv",
		"io",
		"iter",
		"maps",
		"math",
		"math/rand",
		"net",
		"os",
		"reflect",
		"reflect/internal/example1",
		"reflect/internal/example2",
		"runtime",
		"runtime/cgo",
		"runtime/debug",
		"slices",
		"strconv",
		"strings",
		"sync",
		"sync/atomic",
		"testing",
		"testing/quick",
		"time",
		"unsafe"
	]
}
{
	"Dir": "C:\\Program Files\\Go\\src\\internal\\fmtsort",
	"ImportPath": "internal/fmtsort",
	"Name": "fmtsort",
	"Doc": "Package fmtsort provides a general stable ordering mechanism for maps, on behalf of the fmt and text/template packages.",
	"Root": "C:\\Program Files\\Go",
	"Goroot": true,
	"Standard": true,
	"DepOnly": true,
	"GoFiles": [
		"sort.go"
	],
	"Imports": [
		"cmp",
		"reflect",
		"slices"
	],
	"Deps": [
		"cmp",
		"errors",
		"internal/abi",
		"internal/asan",
		"internal/bytealg",
		"internal/byteorder",
		"internal/chacha8rand",
		"internal/coverage/rtcov",
		"internal/cpu",
		"internal/goarch",
		"internal/godebugs",
		"internal/goexperiment",
		"internal/goos",
		"internal/msan",
		"internal/profilerecord",
		"internal/race",
		"internal/reflectlite",
		"internal/runtime/atomic",
		"internal/runtime/exithook",
		"internal/runtime/gc",
		"internal/runtime/gc/scan",
		"internal/runtime/maps",
		"internal/runtime/math",
		"internal/runtime/pprof/label",
		"internal/runtime/sys",
		"internal/runtime/syscall/windows",
		"internal/strconv",
		"internal/stringslite",
		"internal/sync",
		"internal/synctest",
		"internal/trace/tracev2",
		"internal/unsafeheader",
		"iter",
		"math",
		"math/bits",
		"reflect",
		"runtime",
		"slices",
		"strconv",
		"sync",
		"sync/atomic",
		"unicode",
		"unicode/utf8",
		"unsafe"
	],
	"TestGoFiles": [
		"export_test.go"
	],
	"TestImports": [
		"reflect"
	],
	"XTestGoFiles": [
		"sort_test.go"
	],
	"XTestImports": [
		"cmp",
		"fmt",
		"internal/fmtsort",
		"math",
		"reflect",
		"runtime",
		"slices",
		"strings",
		"testing",
		"unsafe"
	]
}
{
	"Dir": "C:\\Program Files\\Go\\src\\structs",
	"ImportPath": "structs",
	"Name": "structs",
	"Doc": "Package structs defines marker types that can be used as struct fields to modify the properties of a struct.",
	"Root": "C:\\Program Files\\Go",
	"Goroot": true,
	"Standard": true,
	"DepOnly": true,
	"GoFiles": [
		"doc.go",
		"hostlayout.go"
	]
}
{
	"Dir": "C:\\Program Files\\Go\\src\\internal\\syscall\\windows",
	"ImportPath": "internal/syscall/windows",
	"Name": "windows",
	"Root": "C:\\Program Files\\Go",
	"Goroot": true,
	"Standard": true,
	"DepOnly": true,
	"GoFiles": [
		"at_windows.go",
		"net_windows.go",
		"nonblocking_windows.go",
		"psapi_windows.go",
		"reparse_windows.go",
		"security_windows.go",
		"string_windows.go",
		"symlink_windows.go",
		"syscall_windows.go",
		"types_windows.go",
		"version_windows.go",
		"zsyscall_windows.go"
	],
	"IgnoredGoFiles": [
		"mksyscall.go"
	],
	"Imports": [
		"errors",
		"internal/oserror",
		"internal/runtime/syscall/windows",
		"internal/syscall/windows/sysdll",
		"runtime",
		"structs",
		"sync",
		"syscall",
		"unsafe"
	],
	"Deps": [
		"cmp",
		"errors",
		"internal/abi",
		"internal/asan",
		"internal/bytealg",
		"internal/byteorder",
		"internal/chacha8rand",
		"internal/coverage/rtcov",
		"internal/cpu",
		"internal/goarch",
		"internal/godebugs",
		"internal/goexperiment",
		"internal/goos",
		"internal/msan",
		"internal/oserror",
		"internal/profilerecord",
		"internal/race",
		"internal/reflectlite",
		"internal/runtime/atomic",
		"internal/runtime/exithook",
		"internal/runtime/gc",
		"internal/runtime/gc/scan",
		"internal/runtime/maps",
		"internal/runtime/math",
		"internal/runtime/pprof/label",
		"internal/runtime/sys",
		"internal/runtime/syscall/windows",
		"internal/strconv",
		"internal/stringslite",
		"internal/sync",
		"internal/synctest",
		"internal/syscall/windows/sysdll",
		"internal/trace/tracev2",
		"internal/unsafeheader",
		"iter",
		"math/bits",
		"runtime",
		"slices",
		"structs",
		"sync",
		"sync/atomic",
		"syscall",
		"unicode/utf16",
		"unicode/utf8",
		"unsafe"
	],
	"XTestGoFiles": [
		"at_windows_test.go",
		"exec_windows_test.go",
		"string_windows_test.go",
		"syscall_windows_test.go",
		"version_windows_test.go"
	],
	"XTestImports": [
		"errors",
		"fmt",
		"internal/syscall/windows",
		"internal/testenv",
		"math",
		"os",
		"os/exec",
		"path/filepath",
		"strings",
		"syscall",
		"testing",
		"unicode/utf16",
		"unsafe"
	]
}
{
	"Dir": "C:\\Program Files\\Go\\src\\path",
	"ImportPath": "path",
	"Name": "path",
	"Doc": "Package path implements utility routines for manipulating slash-separated paths.",
	"Root": "C:\\Program Files\\Go",
	"Goroot": true,
	"Standard": true,
	"DepOnly": true,
	"GoFiles": [
		"match.go",
		"path.go"
	],
	"Imports": [
		"errors",
		"internal/bytealg",
		"unicode/utf8"
	],
	"Deps": [
		"errors",
		"internal/abi",
		"internal/asan",
		"internal/bytealg",
		"internal/byteorder",
		"internal/chacha8rand",
		"internal/coverage/rtcov",
		"internal/cpu",
		"internal/goarch",
		"internal/godebugs",
		"internal/goexperiment",
		"internal/goos",
		"internal/msan",
		"internal/profilerecord",
		"internal/race",
		"internal/reflectlite",
		"internal/runtime/atomic",
		"internal/runtime/exithook",
		"internal/runtime/gc",
		"internal/runtime/gc/scan",
		"internal/runtime/maps",
		"internal/runtime/math",
		"internal/runtime/pprof/label",
		"internal/runtime/sys",
		"internal/runtime/syscall/windows",
		"internal/strconv",
		"internal/stringslite",
		"internal/trace/tracev2",
		"internal/unsafeheader",
		"math/bits",
		"runtime",
		"unicode/utf8",
		"unsafe"
	],
	"XTestGoFiles": [
		"example_test.go",
		"match_test.go",
		"path_test.go"
	],
	"XTestImports": [
		"fmt",
		"path",
		"runtime",
		"testing"
	]
}
{
	"Dir": "C:\\Program Files\\Go\\src\\io\\fs",
	"ImportPath": "io/fs",
	"Name": "fs",
	"Doc": "Package fs defines basic interfaces to a file system.",
	"Root": "C:\\Program Files\\Go",
	"Goroot": true,
	"Standard": true,
	"DepOnly": true,
	"GoFiles": [
		"format.go",
		"fs.go",
		"glob.go",
		"readdir.go",
		"readfile.go",
		"readlink.go",
		"stat.go",
		"sub.go",
		"walk.go"
	],
	"Imports": [
		"errors",
		"internal/bytealg",
		"internal/oserror",
		"io",
		"path",
		"slices",
		"time",
		"unicode/utf8"
	],
	"Deps": [
		"cmp",
		"errors",
		"internal/abi",
		"internal/asan",
		"internal/bytealg",
		"internal/byteorder",
		"internal/chacha8rand",
		"internal/coverage/rtcov",
		"internal/cpu",
		"internal/goarch",
		"internal/godebugs",
		"internal/goexperiment",
		"internal/goos",
		"internal/msan",
		"internal/oserror",
		"internal/profilerecord",
		"internal/race",
		"internal/reflectlite",
		"internal/runtime/atomic",
		"internal/runtime/exithook",
		"internal/runtime/gc",
		"internal/runtime/gc/scan",
		"internal/runtime/maps",
		"internal/runtime/math",
		"internal/runtime/pprof/label",
		"internal/runtime/sys",
		"internal/runtime/syscall/windows",
		"internal/strconv",
		"internal/stringslite",
		"internal/sync",
		"internal/synctest",
		"internal/syscall/windows/registry",
		"internal/syscall/windows/sysdll",
		"internal/trace/tracev2",
		"internal/unsafeheader",
		"io",
		"iter",
		"math/bits",
		"path",
		"runtime",
		"slices",
		"sync",
		"sync/atomic",
		"syscall",
		"time",
		"unicode/utf16",
		"unicode/utf8",
		"unsafe"
	],
	"XTestGoFiles": [
		"example_test.go",
		"format_test.go",
		"fs_test.go",
		"glob_test.go",
		"readdir_test.go",
		"readfile_test.go",
		"readlink_test.go",
		"stat_test.go",
		"sub_test.go",
		"walk_test.go"
	],
	"XTestImports": [
		"errors",
		"fmt",
		"io/fs",
		"log",
		"os",
		"path",
		"path/filepath",
		"slices",
		"strings",
		"testing",
		"testing/fstest",
		"time"
	]
}
{
	"Dir": "C:\\Program Files\\Go\\src\\internal\\filepathlite",
	"ImportPath": "internal/filepathlite",
	"Name": "filepathlite",
	"Doc": "Package filepathlite implements a subset of path/filepath, only using packages which may be imported by \"os\".",
	"Root": "C:\\Program Files\\Go",
	"Goroot": true,
	"Standard": true,
	"DepOnly": true,
	"GoFiles": [
		"path.go",
		"path_windows.go"
	],
	"IgnoredGoFiles": [
		"path_nonwindows.go",
		"path_plan9.go",
		"path_unix.go"
	],
	"Imports": [
		"errors",
		"internal/bytealg",
		"internal/stringslite",
		"internal/syscall/windows",
		"io/fs",
		"slices",
		"syscall"
	],
	"Deps": [
		"cmp",
		"errors",
		"internal/abi",
		"internal/asan",
		"internal/bytealg",
		"internal/byteorder",
		"internal/chacha8rand",
		"internal/coverage/rtcov",
		"internal/cpu",
		"internal/goarch",
		"internal/godebugs",
		"internal/goexperiment",
		"internal/goos",
		"internal/msan",
		"internal/oserror",
		"internal/profilerecord",
		"internal/race",
		"internal/reflectlite",
		"internal/runtime/atomic",
		"internal/runtime/exithook",
		"internal/runtime/gc",
		"internal/runtime/gc/scan",
		"internal/runtime/maps",
		"internal/runtime/math",
		"internal/runtime/pprof/label",
		"internal/runtime/sys",
		"internal/runtime/syscall/windows",
		"internal/strconv",
		"internal/stringslite",
		"internal/sync",
		"internal/synctest",
		"internal/syscall/windows",
		"internal/syscall/windows/registry",
		"internal/syscall/windows/sysdll",
		"internal/trace/tracev2",
		"internal/unsafeheader",
		"io",
		"io/fs",
		"iter",
		"math/bits",
		"path",
		"runtime",
		"slices",
		"structs",
		"sync",
		"sync/atomic",
		"syscall",
		"time",
		"unicode/utf16",
		"unicode/utf8",
		"unsafe"
	]
}
{
	"Dir": "C:\\Program Files\\Go\\src\\internal\\bisect",
	"ImportPath": "internal/bisect",
	"Name": "bisect",
	"Doc": "Package bisect can be used by compilers and other programs to serve as a target for the bisect debugging tool.",
	"Root": "C:\\Program Files\\Go",
	"Goroot": true,
	"Standard": true,
	"DepOnly": true,
	"GoFiles": [
		"bisect.go"
	],
	"Imports": [
		"runtime",
		"sync",
		"sync/atomic"
	],
	"Deps": [
		"internal/abi",
		"internal/asan",
		"internal/bytealg",
		"internal/byteorder",
		"internal/chacha8rand",
		"internal/coverage/rtcov",
		"internal/cpu",
		"internal/goarch",
		"internal/godebugs",
		"internal/goexperiment",
		"internal/goos",
		"internal/msan",
		"internal/profilerecord",
		"internal/race",
		"internal/runtime/atomic",
		"internal/runtime/exithook",
		"internal/runtime/gc",
		"internal/runtime/gc/scan",
		"internal/runtime/maps",
		"internal/runtime/math",
		"internal/runtime/pprof/label",
		"internal/runtime/sys",
		"internal/runtime/syscall/windows",
		"internal/strconv",
		"internal/stringslite",
		"internal/sync",
		"internal/synctest",
		"internal/trace/tracev2",
		"math/bits",
		"runtime",
		"sync",
		"sync/atomic",
		"unsafe"
	]
}
{
	"Dir": "C:\\Program Files\\Go\\src\\internal\\godebug",
	"ImportPath": "internal/godebug",
	"Name": "godebug",
	"Doc": "Package godebug makes the settings in the $GODEBUG environment variable available to other packages.",
	"Root": "C:\\Program Files\\Go",
	"Goroot": true,
	"Standard": true,
	"DepOnly": true,
	"GoFiles": [
		"godebug.go"
	],
	"Imports": [
		"internal/bisect",
		"internal/godebugs",
		"sync",
		"sync/atomic",
		"unsafe"
	],
	"Deps": [
		"internal/abi",
		"internal/asan",
		"internal/bisect",
		"internal/bytealg",
		"internal/byteorder",
		"internal/chacha8rand",
		"internal/coverage/rtcov",
		"internal/cpu",
		"internal/goarch",
		"internal/godebugs",
		"internal/goexperiment",
		"internal/goos",
		"internal/msan",
		"internal/profilerecord",
		"internal/race",
		"internal/runtime/atomic",
		"internal/runtime/exithook",
		"internal/runtime/gc",
		"internal/runtime/gc/scan",
		"internal/runtime/maps",
		"internal/runtime/math",
		"internal/runtime/pprof/label",
		"internal/runtime/sys",
		"internal/runtime/syscall/windows",
		"internal/strconv",
		"internal/stringslite",
		"internal/sync",
		"internal/synctest",
		"internal/trace/tracev2",
		"math/bits",
		"runtime",
		"sync",
		"sync/atomic",
		"unsafe"
	],
	"XTestGoFiles": [
		"godebug_test.go"
	],
	"XTestImports": [
		"fmt",
		"internal/godebug",
		"internal/race",
		"internal/testenv",
		"os",
		"os/exec",
		"runtime/metrics",
		"slices",
		"strings",
		"testing"
	]
}
{
	"Dir": "C:\\Program Files\\Go\\src\\internal\\poll",
	"ImportPath": "internal/poll",
	"Name": "poll",
	"Doc": "Package poll supports non-blocking I/O on file descriptors with polling.",
	"Root": "C:\\Program Files\\Go",
	"Goroot": true,
	"Standard": true,
	"DepOnly": true,
	"GoFiles": [
		"errno_windows.go",
		"fd.go",
		"fd_fsync_windows.go",
		"fd_mutex.go",
		"fd_poll_runtime.go",
		"fd_posix.go",
		"fd_windows.go",
		"hook_windows.go",
		"sendfile.go",
		"sendfile_windows.go",
		"sockopt.go",
		"sockopt_windows.go",
		"sockoptip.go"
	],
	"IgnoredGoFiles": [
		"copy_file_range_freebsd.go",
		"copy_file_range_linux.go",
		"copy_file_range_unix.go",
		"errno_unix.go",
		"error_linux_test.go",
		"export_linux_test.go",
		"fd_fsync_darwin.go",
		"fd_fsync_posix.go",
		"fd_io_plan9.go",
		"fd_opendir_darwin.go",
		"fd_plan9.go",
		"fd_poll_js.go",
		"fd_unix.go",
		"fd_unixjs.go",
		"fd_wasip1.go",
		"fd_writev_libc.go",
		"fd_writev_unix.go",
		"file_plan9.go",
		"fstatat_unix.go",
		"hook_cloexec.go",
		"hook_unix.go",
		"iovec_solaris.go",
		"iovec_unix.go",
		"sendfile_solaris.go",
		"sendfile_unix.go",
		"sock_cloexec.go",
		"sock_cloexec_solaris.go",
		"sockopt_linux.go",
		"sockopt_unix.go",
		"splice_linux.go",
		"splice_linux_test.go",
		"sys_cloexec.go",
		"writev.go"
	],
	"Imports": [
		"errors",
		"internal/race",
		"internal/syscall/windows",
		"io",
		"runtime",
		"sync",
		"sync/atomic",
		"syscall",
		"time",
		"unicode/utf16",
		"unicode/utf8",
		"unsafe"
	],
	"Deps": [
		"cmp",
		"errors",
		"internal/abi",
		"internal/asan",
		"internal/bytealg",
		"internal/byteorder",
		"internal/chacha8rand",
		"internal/coverage/rtcov",
		"internal/cpu",
		"internal/goarch",
		"internal/godebugs",
		"internal/goexperiment",
		"internal/goos",
		"internal/msan",
		"internal/oserror",
		"internal/profilerecord",
		"internal/race",
		"internal/reflectlite",
		"internal/runtime/atomic",
		"internal/runtime/exithook",
		"internal/runtime/gc",
		"internal/runtime/gc/scan",
		"internal/runtime/maps",
		"internal/runtime/math",
		"internal/runtime/pprof/label",
		"internal/runtime/sys",
		"internal/runtime/syscall/windows",
		"internal/strconv",
		"internal/stringslite",
		"internal/sync",
		"internal/synctest",
		"internal/syscall/windows",
		"internal/syscall/windows/registry",
		"internal/syscall/windows/sysdll",
		"internal/trace/tracev2",
		"internal/unsafeheader",
		"io",
		"iter",
		"math/bits",
		"runtime",
		"slices",
		"structs",
		"sync",
		"sync/atomic",
		"syscall",
		"time",
		"unicode/utf16",
		"unicode/utf8",
		"unsafe"
	],
	"TestGoFiles": [
		"export_posix_test.go",
		"export_test.go",
		"export_windows_test.go"
	],
	"XTestGoFiles": [
		"error_stub_test.go",
		"error_test.go",
		"fd_mutex_test.go",
		"fd_posix_test.go",
		"fd_windows_test.go",
		"read_test.go",
		"writev_test.go"
	],
	"XTestImports": [
		"errors",
		"fmt",
		"internal/poll",
		"internal/syscall/windows",
		"io",
		"io/fs",
		"math/rand",
		"net",
		"os",
		"path/filepath",
		"reflect",
		"runtime",
		"strings",
		"sync",
		"syscall",
		"testing",
		"time",
		"unsafe"
	]
}
{
	"Dir": "C:\\Program Files\\Go\\src\\internal\\syscall\\execenv",
	"ImportPath": "internal/syscall/execenv",
	"Name": "execenv",
	"Root": "C:\\Program Files\\Go",
	"Goroot": true,
	"Standard": true,
	"DepOnly": true,
	"GoFiles": [
		"execenv_windows.go"
	],
	"IgnoredGoFiles": [
		"execenv_default.go"
	],
	"Imports": [
		"internal/syscall/windows",
		"syscall",
		"unsafe"
	],
	"Deps": [
		"cmp",
		"errors",
		"internal/abi",
		"internal/asan",
		"internal/bytealg",
		"internal/byteorder",
		"internal/chacha8rand",
		"internal/coverage/rtcov",
		"internal/cpu",
		"internal/goarch",
		"internal/godebugs",
		"internal/goexperiment",
		"internal/goos",
		"internal/msan",
		"internal/oserror",
		"internal/profilerecord",
		"internal/race",
		"internal/reflectlite",
		"internal/runtime/atomic",
		"internal/runtime/exithook",
		"internal/runtime/gc",
		"internal/runtime/gc/scan",
		"internal/runtime/maps",
		"internal/runtime/math",
		"internal/runtime/pprof/label",
		"internal/runtime/sys",
		"internal/runtime/syscall/windows",
		"internal/strconv",
		"internal/stringslite",
		"internal/sync",
		"internal/synctest",
		"internal/syscall/windows",
		"internal/syscall/windows/sysdll",
		"internal/trace/tracev2",
		"internal/unsafeheader",
		"iter",
		"math/bits",
		"runtime",
		"slices",
		"structs",
		"sync",
		"sync/atomic",
		"syscall",
		"unicode/utf16",
		"unicode/utf8",
		"unsafe"
	]
}
{
	"Dir": "C:\\Program Files\\Go\\src\\internal\\testlog",
	"ImportPath": "internal/testlog",
	"Name": "testlog",
	"Doc": "Package testlog provides a back-channel communication path between tests and package os, so that cmd/go can see which environment variables and files a test consults.",
	"Root": "C:\\Program Files\\Go",
	"Goroot": true,
	"Standard": true,
	"DepOnly": true,
	"GoFiles": [
		"exit.go",
		"log.go"
	],
	"Imports": [
		"sync",
		"sync/atomic",
		"unsafe"
	],
	"Deps": [
		"internal/abi",
		"internal/asan",
		"internal/bytealg",
		"internal/byteorder",
		"internal/chacha8rand",
		"internal/coverage/rtcov",
		"internal/cpu",
		"internal/goarch",
		"internal/godebugs",
		"internal/goexperiment",
		"internal/goos",
		"internal/msan",
		"internal/profilerecord",
		"internal/race",
		"internal/runtime/atomic",
		"internal/runtime/exithook",
		"internal/runtime/gc",
		"internal/runtime/gc/scan",
		"internal/runtime/maps",
		"internal/runtime/math",
		"internal/runtime/pprof/label",
		"internal/runtime/sys",
		"internal/runtime/syscall/windows",
		"internal/strconv",
		"internal/stringslite",
		"internal/sync",
		"internal/synctest",
		"internal/trace/tracev2",
		"math/bits",
		"runtime",
		"sync",
		"sync/atomic",
		"unsafe"
	]
}
{
	"Dir": "C:\\Program Files\\Go\\src\\os",
	"ImportPath": "os",
	"Name": "os",
	"Doc": "Package os provides a platform-independent interface to operating system functionality.",
	"Root": "C:\\Program Files\\Go",
	"Goroot": true,
	"Standard": true,
	"DepOnly": true,
	"GoFiles": [
		"dir.go",
		"dir_windows.go",
		"env.go",
		"error.go",
		"error_errno.go",
		"exec.go",
		"exec_posix.go",
		"exec_windows.go",
		"executable.go",
		"executable_windows.go",
		"file.go",
		"file_posix.go",
		"file_windows.go",
		"getwd.go",
		"path.go",
		"path_windows.go",
		"pidfd_other.go",
		"proc.go",
		"rawconn.go",
		"removeall_at.go",
		"removeall_windows.go",
		"root.go",
		"root_openat.go",
		"root_windows.go",
		"stat.go",
		"stat_windows.go",
		"sticky_notbsd.go",
		"sys.go",
		"sys_windows.go",
		"tempfile.go",
		"types.go",
		"types_windows.go",
		"zero_copy_posix.go",
		"zero_copy_stub.go"
	],
	"IgnoredGoFiles": [
		"dir_darwin.go",
		"dir_plan9.go",
		"dir_unix.go",
		"dirent_aix.go",
		"dirent_dragonfly.go",
		"dirent_freebsd.go",
		"dirent_js.go",
		"dirent_linux.go",
		"dirent_netbsd.go",
		"dirent_openbsd.go",
		"dirent_solaris.go",
		"dirent_wasip1.go",
		"eloop_netbsd.go",
		"eloop_other.go",
		"env_unix_test.go",
		"error_plan9.go",
		"error_unix_test.go",
		"example_other_test.go",
		"exec_linux.go",
		"exec_nohandle.go",
		"exec_nohandle_test.go",
		"exec_plan9.go",
		"exec_unix.go",
		"exec_unix_test.go",
		"executable_darwin.go",
		"executable_dragonfly.go",
		"executable_freebsd.go",
		"executable_netbsd.go",
		"executable_path.go",
		"executable_plan9.go",
		"executable_procfs.go",
		"executable_solaris.go",
		"executable_sysctl.go",
		"executable_wasm.go",
		"export_freebsd_test.go",
		"export_linux_test.go",
		"export_unix_test.go",
		"fifo_test.go",
		"file_mutex_plan9.go",
		"file_open_unix.go",
		"file_open_wasip1.go",
		"file_plan9.go",
		"file_unix.go",
		"file_wasip1.go",
		"getwd_unix_test.go",
		"os_unix_test.go",
		"path_plan9.go",
		"path_unix.go",
		"pidfd_linux.go",
		"pidfd_linux_test.go",
		"pipe2_unix.go",
		"pipe_unix.go",
		"pipe_wasm.go",
		"readfrom_freebsd_test.go",
		"readfrom_linux_test.go",
		"readfrom_sendfile_test.go",
		"readfrom_solaris_test.go",
		"readfrom_unix_test.go",
		"removeall_noat.go",
		"removeall_unix.go",
		"root_js.go",
		"root_nonwindows.go",
		"root_noopenat.go",
		"root_plan9.go",
		"root_unix.go",
		"root_unix_test.go",
		"stat_aix.go",
		"stat_darwin.go",
		"stat_dragonfly.go",
		"stat_freebsd.go",
		"stat_js.go",
		"stat_linux.go",
		"stat_netbsd.go",
		"stat_openbsd.go",
		"stat_plan9.go",
		"stat_solaris.go",
		"stat_unix.go",
		"stat_wasip1.go",
		"statat.go",
		"statat_other.go",
		"statat_unix.go",
		"sticky_bsd.go",
		"sys_aix.go",
		"sys_bsd.go",
		"sys_js.go",
		"sys_linux.go",
		"sys_plan9.go",
		"sys_solaris.go",
		"sys_unix.go",
		"sys_wasip1.go",
		"timeout_unix_test.go",
		"types_plan9.go",
		"types_unix.go",
		"wait6_dragonfly.go",
		"wait6_freebsd64.go",
		"wait6_freebsd_386.go",
		"wait6_freebsd_arm.go",
		"wait6_netbsd.go",
		"wait_unimp.go",
		"wait_wait6.go",
		"wait_waitid.go",
		"writeto_linux_test.go",
		"zero_copy_freebsd.go",
		"zero_copy_linux.go",
		"zero_copy_solaris.go"
	],
	"Imports": [
		"errors",
		"internal/bytealg",
		"internal/filepathlite",
		"internal/godebug",
		"internal/poll",
		"internal/strconv",
		"internal/stringslite",
		"internal/syscall/execenv",
		"internal/syscall/windows",
		"internal/testlog",
		"io",
		"io/fs",
		"runtime",
		"slices",
		"sync",
		"sync/atomic",
		"syscall",
		"time",
		"unsafe"
	],
	"Deps": [
		"cmp",
		"errors",
		"internal/abi",
		"internal/asan",
		"internal/bisect",
		"internal/bytealg",
		"internal/byteorder",
		"internal/chacha8rand",
		"internal/coverage/rtcov",
		"internal/cpu",
		"internal/filepathlite",
		"internal/goarch",
		"internal/godebug",
		"internal/godebugs",
		"internal/goexperiment",
		"internal/goos",
		"internal/msan",
		"internal/oserror",
		"internal/poll",
		"internal/profilerecord",
		"internal/race",
		"internal/reflectlite",
		"internal/runtime/atomic",
		"internal/runtime/exithook",
		"internal/runtime/gc",
		"internal/runtime/gc/scan",
		"internal/runtime/maps",
		"internal/runtime/math",
		"internal/runtime/pprof/label",
		"internal/runtime/sys",
		"internal/runtime/syscall/windows",
		"internal/strconv",
		"internal/stringslite",
		"internal/sync",
		"internal/synctest",
		"internal/syscall/execenv",
		"internal/syscall/windows",
		"internal/syscall/windows/registry",
		"internal/syscall/windows/sysdll",
		"internal/testlog",
		"internal/trace/tracev2",
		"internal/unsafeheader",
		"io",
		"io/fs",
		"iter",
		"math/bits",
		"path",
		"runtime",
		"slices",
		"structs",
		"sync",
		"sync/atomic",
		"syscall",
		"time",
		"unicode/utf16",
		"unicode/utf8",
		"unsafe"
	],
	"TestGoFiles": [
		"export_test.go",
		"export_windows_test.go"
	],
	"XTestGoFiles": [
		"copy_test.go",
		"env_test.go",
		"error_test.go",
		"error_windows_test.go",
		"example_test.go",
		"example_windows_test.go",
		"exec_test.go",
		"exec_windows_test.go",
		"executable_test.go",
		"file_test.go",
		"os_test.go",
		"os_windows_test.go",
		"path_test.go",
		"path_windows_test.go",
		"pipe_test.go",
		"rawconn_test.go",
		"read_test.go",
		"removeall_test.go",
		"root_test.go",
		"root_windows_test.go",
		"stat_test.go",
		"tempfile_test.go",
		"timeout_test.go",
		"timeout_windows_test.go"
	],
	"XTestImports": [
		"bufio",
		"bytes",
		"errors",
		"flag",
		"fmt",
		"internal/godebug",
		"internal/poll",
		"internal/strconv",
		"internal/syscall/windows",
		"internal/syscall/windows/registry",
		"internal/testenv",
		"io",
		"io/fs",
		"iter",
		"log",
		"math/rand",
		"math/rand/v2",
		"net",
		"os",
		"os/exec",
		"os/signal",
		"path",
		"path/filepath",
		"regexp",
		"runtime",
		"runtime/debug",
		"slices",
		"strconv",
		"strings",
		"sync",
		"sync/atomic",
		"syscall",
		"testing",
		"testing/fstest",
		"time",
		"unicode/utf16",
		"unsafe",
		"vendor/golang.org/x/net/nettest"
	]
}
{
	"Dir": "C:\\Program Files\\Go\\src\\fmt",
	"ImportPath": "fmt",
	"Name": "fmt",
	"Doc": "Package fmt implements formatted I/O with functions analogous to C's printf and scanf.",
	"Root": "C:\\Program Files\\Go",
	"Goroot": true,
	"Standard": true,
	"DepOnly": true,
	"GoFiles": [
		"doc.go",
		"errors.go",
		"format.go",
		"print.go",
		"scan.go"
	],
	"Imports": [
		"errors",
		"internal/fmtsort",
		"internal/stringslite",
		"io",
		"math",
		"os",
		"reflect",
		"slices",
		"strconv",
		"sync",
		"unicode/utf8"
	],
	"Deps": [
		"cmp",
		"errors",
		"internal/abi",
		"internal/asan",
		"internal/bisect",
		"internal/bytealg",
		"internal/byteorder",
		"internal/chacha8rand",
		"internal/coverage/rtcov",
		"internal/cpu",
		"internal/filepathlite",
		"internal/fmtsort",
		"internal/goarch",
		"internal/godebug",
		"internal/godebugs",
		"internal/goexperiment",
		"internal/goos",
		"internal/msan",
		"internal/oserror",
		"internal/poll",
		"internal/profilerecord",
		"internal/race",
		"internal/reflectlite",
		"internal/runtime/atomic",
		"internal/runtime/exithook",
		"internal/runtime/gc",
		"internal/runtime/gc/scan",
		"internal/runtime/maps",
		"internal/runtime/math",
		"internal/runtime/pprof/label",
		"internal/runtime/sys",
		"internal/runtime/syscall/windows",
		"internal/strconv",
		"internal/stringslite",
		"internal/sync",
		"internal/synctest",
		"internal/syscall/execenv",
		"internal/syscall/windows",
		"internal/syscall/windows/registry",
		"internal/syscall/windows/sysdll",
		"internal/testlog",
		"internal/trace/tracev2",
		"internal/unsafeheader",
		"io",
		"io/fs",
		"iter",
		"math",
		"math/bits",
		"os",
		"path",
		"reflect",
		"runtime",
		"slices",
		"strconv",
		"structs",
		"sync",
		"sync/atomic",
		"syscall",
		"time",
		"unicode",
		"unicode/utf16",
		"unicode/utf8",
		"unsafe"
	],
	"TestGoFiles": [
		"export_test.go"
	],
	"XTestGoFiles": [
		"errors_test.go",
		"example_test.go",
		"fmt_test.go",
		"gostringer_example_test.go",
		"scan_test.go",
		"state_test.go",
		"stringer_example_test.go",
		"stringer_test.go"
	],
	"XTestImports": [
		"bufio",
		"bytes",
		"errors",
		"fmt",
		"internal/race",
		"io",
		"math",
		"os",
		"reflect",
		"regexp",
		"strings",
		"testing",
		"testing/iotest",
		"time",
		"unicode",
		"unicode/utf8"
	]
}
{
	"Dir": "C:\\Program Files\\Go\\src\\strings",
	"ImportPath": "strings",
	"Name": "strings",
	"Doc": "Package strings implements simple functions to manipulate UTF-8 encoded strings.",
	"Root": "C:\\Program Files\\Go",
	"Goroot": true,
	"Standard": true,
	"DepOnly": true,
	"GoFiles": [
		"builder.go",
		"clone.go",
		"compare.go",
		"iter.go",
		"reader.go",
		"replace.go",
		"search.go",
		"strings.go"
	],
	"Imports": [
		"errors",
		"internal/abi",
		"internal/bytealg",
		"internal/stringslite",
		"io",
		"iter",
		"math/bits",
		"sync",
		"unicode",
		"unicode/utf8",
		"unsafe"
	],
	"Deps": [
		"errors",
		"internal/abi",
		"internal/asan",
		"internal/bytealg",
		"internal/byteorder",
		"internal/chacha8rand",
		"internal/coverage/rtcov",
		"internal/cpu",
		"internal/goarch",
		"internal/godebugs",
		"internal/goexperiment",
		"internal/goos",
		"internal/msan",
		"internal/profilerecord",
		"internal/race",
		"internal/reflectlite",
		"internal/runtime/atomic",
		"internal/runtime/exithook",
		"internal/runtime/gc",
		"internal/runtime/gc/scan",
		"internal/runtime/maps",
		"internal/runtime/math",
		"internal/runtime/pprof/label",
		"internal/runtime/sys",
		"internal/runtime/syscall/windows",
		"internal/strconv",
		"internal/stringslite",
		"internal/sync",
		"internal/synctest",
		"internal/trace/tracev2",
		"internal/unsafeheader",
		"io",
		"iter",
		"math/bits",
		"runtime",
		"sync",
		"sync/atomic",
		"unicode",
		"unicode/utf8",
		"unsafe"
	],
	"TestGoFiles": [
		"export_test.go"
	],
	"XTestGoFiles": [
		"builder_test.go",
		"clone_test.go",
		"compare_test.go",
		"example_test.go",
		"iter_test.go",
		"reader_test.go",
		"replace_test.go",
		"search_test.go",
		"strings_test.go"
	],
	"XTestImports": [
		"bytes",
		"fmt",
		"internal/asan",
		"internal/testenv",
		"io",
		"iter",
		"math",
		"math/rand",
		"slices",
		"strconv",
		"strings",
		"sync",
		"testing",
		"unicode",
		"unicode/utf8",
		"unsafe"
	]
}
{
	"Dir": "C:\\Program Files\\Go\\src\\bufio",
	"ImportPath": "bufio",
	"Name": "bufio",
	"Doc": "Package bufio implements buffered I/O. It wraps an io.Reader or io.Writer object, creating another object (Reader or Writer) that also implements the interface but provides buffering and some help for textual I/O.",
	"Root": "C:\\Program Files\\Go",
	"Goroot": true,
	"Standard": true,
	"DepOnly": true,
	"GoFiles": [
		"bufio.go",
		"scan.go"
	],
	"IgnoredGoFiles": [
		"net_test.go"
	],
	"Imports": [
		"bytes",
		"errors",
		"io",
		"strings",
		"unicode/utf8"
	],
	"Deps": [
		"bytes",
		"errors",
		"internal/abi",
		"internal/asan",
		"internal/bytealg",
		"internal/byteorder",
		"internal/chacha8rand",
		"internal/coverage/rtcov",
		"internal/cpu",
		"internal/goarch",
		"internal/godebugs",
		"internal/goexperiment",
		"internal/goos",
		"internal/msan",
		"internal/profilerecord",
		"internal/race",
		"internal/reflectlite",
		"internal/runtime/atomic",
		"internal/runtime/exithook",
		"internal/runtime/gc",
		"internal/runtime/gc/scan",
		"internal/runtime/maps",
		"internal/runtime/math",
		"internal/runtime/pprof/label",
		"internal/runtime/sys",
		"internal/runtime/syscall/windows",
		"internal/strconv",
		"internal/stringslite",
		"internal/sync",
		"internal/synctest",
		"internal/trace/tracev2",
		"internal/unsafeheader",
		"io",
		"iter",
		"math/bits",
		"runtime",
		"strings",
		"sync",
		"sync/atomic",
		"unicode",
		"unicode/utf8",
		"unsafe"
	],
	"TestGoFiles": [
		"export_test.go"
	],
	"TestImports": [
		"unicode/utf8"
	],
	"XTestGoFiles": [
		"bufio_test.go",
		"example_test.go",
		"scan_test.go"
	],
	"XTestImports": [
		"bufio",
		"bytes",
		"errors",
		"fmt",
		"internal/asan",
		"io",
		"math/rand",
		"os",
		"strconv",
		"strings",
		"testing",
		"testing/iotest",
		"time",
		"unicode",
		"unicode/utf8"
	]
}
{
	"Dir": "C:\\Program Files\\Go\\src\\compress\\flate",
	"ImportPath": "compress/flate",
	"Name": "flate",
	"Doc": "Package flate implements the DEFLATE compressed data format, described in RFC 1951.",
	"Root": "C:\\Program Files\\Go",
	"Goroot": true,
	"Standard": true,
	"DepOnly": true,
	"GoFiles": [
		"deflate.go",
		"deflatefast.go",
		"dict_decoder.go",
		"huffman_bit_writer.go",
		"huffman_code.go",
		"inflate.go",
		"level1.go",
		"level2.go",
		"level3.go",
		"level4.go",
		"level5.go",
		"level6.go",
		"load_store.go",
		"regmask_amd64.go",
		"token.go"
	],
	"IgnoredGoFiles": [
		"regmask_other.go"
	],
	"Imports": [
		"bufio",
		"errors",
		"fmt",
		"io",
		"math",
		"math/bits",
		"slices",
		"strconv",
		"sync"
	],
	"Deps": [
		"bufio",
		"bytes",
		"cmp",
		"errors",
		"fmt",
		"internal/abi",
		"internal/asan",
		"internal/bisect",
		"internal/bytealg",
		"internal/byteorder",
		"internal/chacha8rand",
		"internal/coverage/rtcov",
		"internal/cpu",
		"internal/filepathlite",
		"internal/fmtsort",
		"internal/goarch",
		"internal/godebug",
		"internal/godebugs",
		"internal/goexperiment",
		"internal/goos",
		"internal/msan",
		"internal/oserror",
		"internal/poll",
		"internal/profilerecord",
		"internal/race",
		"internal/reflectlite",
		"internal/runtime/atomic",
		"internal/runtime/exithook",
		"internal/runtime/gc",
		"internal/runtime/gc/scan",
		"internal/runtime/maps",
		"internal/runtime/math",
		"internal/runtime/pprof/label",
		"internal/runtime/sys",
		"internal/runtime/syscall/windows",
		"internal/strconv",
		"internal/stringslite",
		"internal/sync",
		"internal/synctest",
		"internal/syscall/execenv",
		"internal/syscall/windows",
		"internal/syscall/windows/registry",
		"internal/syscall/windows/sysdll",
		"internal/testlog",
		"internal/trace/tracev2",
		"internal/unsafeheader",
		"io",
		"io/fs",
		"iter",
		"math",
		"math/bits",
		"os",
		"path",
		"reflect",
		"runtime",
		"slices",
		"strconv",
		"strings",
		"structs",
		"sync",
		"sync/atomic",
		"syscall",
		"time",
		"unicode",
		"unicode/utf16",
		"unicode/utf8",
		"unsafe"
	],
	"TestGoFiles": [
		"deflate_test.go",
		"dict_decoder_test.go",
		"flate_test.go",
		"fuzz_test.go",
		"huffman_bit_writer_test.go",
		"inflate_test.go",
		"reader_test.go",
		"writer_test.go"
	],
	"TestImports": [
		"bufio",
		"bytes",
		"encoding/hex",
		"errors",
		"flag",
		"fmt",
		"internal/testenv",
		"io",
		"math",
		"math/rand",
		"os",
		"path/filepath",
		"reflect",
		"runtime",
		"runtime/debug",
		"strconv",
		"strings",
		"sync",
		"testing"
	],
	"XTestGoFiles": [
		"example_test.go"
	],
	"XTestImports": [
		"bytes",
		"compress/flate",
		"fmt",
		"io",
		"log",
		"os",
		"strings",
		"sync"
	]
}
{
	"Dir": "C:\\Program Files\\Go\\src\\encoding\\binary",
	"ImportPath": "encoding/binary",
	"Name": "binary",
	"Doc": "Package binary implements simple translation between numbers and byte sequences and encoding and decoding of varints.",
	"Root": "C:\\Program Files\\Go",
	"Goroot": true,
	"Standard": true,
	"DepOnly": true,
	"GoFiles": [
		"binary.go",
		"native_endian_little.go",
		"varint.go"
	],
	"IgnoredGoFiles": [
		"native_endian_big.go"
	],
	"Imports": [
		"errors",
		"io",
		"math",
		"reflect",
		"slices",
		"sync"
	],
	"Deps": [
		"cmp",
		"errors",
		"internal/abi",
		"internal/asan",
		"internal/bytealg",
		"internal/byteorder",
		"internal/chacha8rand",
		"internal/coverage/rtcov",
		"internal/cpu",
		"internal/goarch",
		"internal/godebugs",
		"internal/goexperiment",
		"internal/goos",
		"internal/msan",
		"internal/profilerecord",
		"internal/race",
		"internal/reflectlite",
		"internal/runtime/atomic",
		"internal/runtime/exithook",
		"internal/runtime/gc",
		"internal/runtime/gc/scan",
		"internal/runtime/maps",
		"internal/runtime/math",
		"internal/runtime/pprof/label",
		"internal/runtime/sys",
		"internal/runtime/syscall/windows",
		"internal/strconv",
		"internal/stringslite",
		"internal/sync",
		"internal/synctest",
		"internal/trace/tracev2",
		"internal/unsafeheader",
		"io",
		"iter",
		"math",
		"math/bits",
		"reflect",
		"runtime",
		"slices",
		"strconv",
		"sync",
		"sync/atomic",
		"unicode",
		"unicode/utf8",
		"unsafe"
	],
	"TestGoFiles": [
		"binary_test.go",
		"varint_test.go"
	],
	"TestImports": [
		"bytes",
		"fmt",
		"internal/asan",
		"io",
		"math",
		"reflect",
		"strings",
		"sync",
		"testing",
		"unsafe"
	],
	"XTestGoFiles": [
		"example_test.go"
	],
	"XTestImports": [
		"bytes",
		"encoding/binary",
		"fmt",
		"math"
	]
}
{
	"Dir": "C:\\Program Files\\Go\\src\\hash",
	"ImportPath": "hash",
	"Name": "hash",
	"Doc": "Package hash provides interfaces for hash functions.",
	"Root": "C:\\Program Files\\Go",
	"Goroot": true,
	"Standard": true,
	"DepOnly": true,
	"GoFiles": [
		"hash.go"
	],
	"Imports": [
		"io"
	],
	"Deps": [
		"errors",
		"internal/abi",
		"internal/asan",
		"internal/bytealg",
		"internal/byteorder",
		"internal/chacha8rand",
		"internal/coverage/rtcov",
		"internal/cpu",
		"internal/goarch",
		"internal/godebugs",
		"internal/goexperiment",
		"internal/goos",
		"internal/msan",
		"internal/profilerecord",
		"internal/race",
		"internal/reflectlite",
		"internal/runtime/atomic",
		"internal/runtime/exithook",
		"internal/runtime/gc",
		"internal/runtime/gc/scan",
		"internal/runtime/maps",
		"internal/runtime/math",
		"internal/runtime/pprof/label",
		"internal/runtime/sys",
		"internal/runtime/syscall/windows",
		"internal/strconv",
		"internal/stringslite",
		"internal/sync",
		"internal/synctest",
		"internal/trace/tracev2",
		"internal/unsafeheader",
		"io",
		"math/bits",
		"runtime",
		"sync",
		"sync/atomic",
		"unsafe"
	],
	"XTestGoFiles": [
		"example_test.go",
		"marshal_test.go"
	],
	"XTestImports": [
		"bytes",
		"crypto/md5",
		"crypto/sha1",
		"crypto/sha256",
		"crypto/sha512",
		"encoding",
		"encoding/hex",
		"fmt",
		"hash",
		"hash/adler32",
		"hash/crc32",
		"hash/crc64",
		"hash/fnv",
		"log",
		"testing"
	]
}
{
	"Dir": "C:\\Program Files\\Go\\src\\hash\\crc32",
	"ImportPath": "hash/crc32",
	"Name": "crc32",
	"Doc": "Package crc32 implements the 32-bit cyclic redundancy check, or CRC-32, checksum.",
	"Root": "C:\\Program Files\\Go",
	"Goroot": true,
	"Standard": true,
	"DepOnly": true,
	"GoFiles": [
		"crc32.go",
		"crc32_amd64.go",
		"crc32_generic.go",
		"gen.go"
	],
	"IgnoredGoFiles": [
		"crc32_arm64.go",
		"crc32_loong64.go",
		"crc32_otherarch.go",
		"crc32_ppc64le.go",
		"crc32_s390x.go",
		"gen_const_ppc64le.go"
	],
	"IgnoredOtherFiles": [
		"crc32_arm64.s",
		"crc32_loong64.s",
		"crc32_ppc64le.s",
		"crc32_s390x.s",
		"crc32_table_ppc64le.s"
	],
	"SFiles": [
		"crc32_amd64.s"
	],
	"Imports": [
		"errors",
		"hash",
		"internal/byteorder",
		"internal/cpu",
		"sync",
		"sync/atomic",
		"unsafe"
	],
	"Deps": [
		"errors",
		"hash",
		"internal/abi",
		"internal/asan",
		"internal/bytealg",
		"internal/byteorder",
		"internal/chacha8rand",
		"internal/coverage/rtcov",
		"internal/cpu",
		"internal/goarch",
		"internal/godebugs",
		"internal/goexperiment",
		"internal/goos",
		"internal/msan",
		"internal/profilerecord",
		"internal/race",
		"internal/reflectlite",
		"internal/runtime/atomic",
		"internal/runtime/exithook",
		"internal/runtime/gc",
		"internal/runtime/gc/scan",
		"internal/runtime/maps",
		"internal/runtime/math",
		"internal/runtime/pprof/label",
		"internal/runtime/sys",
		"internal/runtime/syscall/windows",
		"internal/strconv",
		"internal/stringslite",
		"internal/sync",
		"internal/synctest",
		"internal/trace/tracev2",
		"internal/unsafeheader",
		"io",
		"math/bits",
		"runtime",
		"sync",
		"sync/atomic",
		"unsafe"
	],
	"TestGoFiles": [
		"crc32_test.go"
	],
	"TestImports": [
		"encoding",
		"fmt",
		"hash",
		"internal/testhash",
		"io",
		"math/rand",
		"strings",
		"testing"
	],
	"XTestGoFiles": [
		"example_test.go"
	],
	"XTestImports": [
		"fmt",
		"hash/crc32"
	]
}
{
	"Dir": "C:\\Program Files\\Go\\src\\compress\\gzip",
	"ImportPath": "compress/gzip",
	"Name": "gzip",
	"Doc": "Package gzip implements reading and writing of gzip format compressed files, as specified in RFC 1952.",
	"Root": "C:\\Program Files\\Go",
	"Goroot": true,
	"Standard": true,
	"DepOnly": true,
	"GoFiles": [
		"gunzip.go",
		"gzip.go"
	],
	"Imports": [
		"bufio",
		"compress/flate",
		"encoding/binary",
		"errors",
		"fmt",
		"hash/crc32",
		"io",
		"time"
	],
	"Deps": [
		"bufio",
		"bytes",
		"cmp",
		"compress/flate",
		"encoding/binary",
		"errors",
		"fmt",
		"hash",
		"hash/crc32",
		"internal/abi",
		"internal/asan",
		"internal/bisect",
		"internal/bytealg",
		"internal/byteorder",
		"internal/chacha8rand",
		"internal/coverage/rtcov",
		"internal/cpu",
		"internal/filepathlite",
		"internal/fmtsort",
		"internal/goarch",
		"internal/godebug",
		"internal/godebugs",
		"internal/goexperiment",
		"internal/goos",
		"internal/msan",
		"internal/oserror",
		"internal/poll",
		"internal/profilerecord",
		"internal/race",
		"internal/reflectlite",
		"internal/runtime/atomic",
		"internal/runtime/exithook",
		"internal/runtime/gc",
		"internal/runtime/gc/scan",
		"internal/runtime/maps",
		"internal/runtime/math",
		"internal/runtime/pprof/label",
		"internal/runtime/sys",
		"internal/runtime/syscall/windows",
		"internal/strconv",
		"internal/stringslite",
		"internal/sync",
		"internal/synctest",
		"internal/syscall/execenv",
		"internal/syscall/windows",
		"internal/syscall/windows/registry",
		"internal/syscall/windows/sysdll",
		"internal/testlog",
		"internal/trace/tracev2",
		"internal/unsafeheader",
		"io",
		"io/fs",
		"iter",
		"math",
		"math/bits",
		"os",
		"path",
		"reflect",
		"runtime",
		"slices",
		"strconv",
		"strings",
		"structs",
		"sync",
		"sync/atomic",
		"syscall",
		"time",
		"unicode",
		"unicode/utf16",
		"unicode/utf8",
		"unsafe"
	],
	"TestGoFiles": [
		"fuzz_test.go",
		"gunzip_test.go",
		"gzip_test.go",
		"issue14937_test.go"
	],
	"TestImports": [
		"bufio",
		"bytes",
		"compress/flate",
		"encoding/base64",
		"internal/testenv",
		"io",
		"io/fs",
		"os",
		"path/filepath",
		"reflect",
		"runtime",
		"strings",
		"testing",
		"time"
	],
	"XTestGoFiles": [
		"example_test.go"
	],
	"XTestImports": [
		"bytes",
		"compress/gzip",
		"fmt",
		"io",
		"log",
		"net/http",
		"net/http/httptest",
		"os",
		"strings",
		"time"
	]
}
{
	"Dir": "C:\\Program Files\\Go\\src\\crypto",
	"ImportPath": "crypto",
	"Name": "crypto",
	"Doc": "Package crypto collects common cryptographic constants.",
	"Root": "C:\\Program Files\\Go",
	"Goroot": true,
	"Standard": true,
	"DepOnly": true,
	"GoFiles": [
		"crypto.go"
	],
	"Imports": [
		"hash",
		"io",
		"strconv"
	],
	"Deps": [
		"errors",
		"hash",
		"internal/abi",
		"internal/asan",
		"internal/bytealg",
		"internal/byteorder",
		"internal/chacha8rand",
		"internal/coverage/rtcov",
		"internal/cpu",
		"internal/goarch",
		"internal/godebugs",
		"internal/goexperiment",
		"internal/goos",
		"internal/msan",
		"internal/profilerecord",
		"internal/race",
		"internal/reflectlite",
		"internal/runtime/atomic",
		"internal/runtime/exithook",
		"internal/runtime/gc",
		"internal/runtime/gc/scan",
		"internal/runtime/maps",
		"internal/runtime/math",
		"internal/runtime/pprof/label",
		"internal/runtime/sys",
		"internal/runtime/syscall/windows",
		"internal/strconv",
		"internal/stringslite",
		"internal/sync",
		"internal/synctest",
		"internal/trace/tracev2",
		"internal/unsafeheader",
		"io",
		"math/bits",
		"runtime",
		"strconv",
		"sync",
		"sync/atomic",
		"unicode/utf8",
		"unsafe"
	],
	"XTestGoFiles": [
		"crypto_test.go",
		"issue21104_test.go",
		"purego_test.go"
	],
	"XTestImports": [
		"bytes",
		"crypto",
		"crypto/aes",
		"crypto/cipher",
		"crypto/rand",
		"crypto/rc4",
		"crypto/rsa",
		"crypto/sha256",
		"crypto/x509",
		"encoding/pem",
		"errors",
		"fmt",
		"go/build",
		"internal/testenv",
		"io",
		"io/fs",
		"log",
		"os",
		"path/filepath",
		"regexp",
		"strings",
		"testing"
	]
}
{
	"Dir": "C:\\Program Files\\Go\\src\\crypto\\internal\\fips140deps\\godebug",
	"ImportPath": "crypto/internal/fips140deps/godebug",
	"Name": "godebug",
	"Root": "C:\\Program Files\\Go",
	"Goroot": true,
	"Standard": true,
	"DepOnly": true,
	"GoFiles": [
		"godebug.go"
	],
	"Imports": [
		"internal/godebug"
	],
	"Deps": [
		"internal/abi",
		"internal/asan",
		"internal/bisect",
		"internal/bytealg",
		"internal/byteorder",
		"internal/chacha8rand",
		"internal/coverage/rtcov",
		"internal/cpu",
		"internal/goarch",
		"internal/godebug",
		"internal/godebugs",
		"internal/goexperiment",
		"internal/goos",
		"internal/msan",
		"internal/profilerecord",
		"internal/race",
		"internal/runtime/atomic",
		"internal/runtime/exithook",
		"internal/runtime/gc",
		"internal/runtime/gc/scan",
		"internal/runtime/maps",
		"internal/runtime/math",
		"internal/runtime/pprof/label",
		"internal/runtime/sys",
		"internal/runtime/syscall/windows",
		"internal/strconv",
		"internal/stringslite",
		"internal/sync",
		"internal/synctest",
		"internal/trace/tracev2",
		"math/bits",
		"runtime",
		"sync",
		"sync/atomic",
		"unsafe"
	]
}
{
	"Dir": "C:\\Program Files\\Go\\src\\crypto\\internal\\fips140",
	"ImportPath": "crypto/internal/fips140",
	"Name": "fips140",
	"Root": "C:\\Program Files\\Go",
	"Goroot": true,
	"Standard": true,
	"DepOnly": true,
	"GoFiles": [
		"cast.go",
		"fips140.go",
		"indicator.go",
		"notasan.go",
		"notboring.go",
		"notpurego.go"
	],
	"IgnoredGoFiles": [
		"asan.go",
		"boring.go",
		"purego.go"
	],
	"Imports": [
		"crypto/internal/fips140deps/godebug",
		"errors",
		"runtime",
		"strings",
		"unsafe"
	],
	"Deps": [
		"crypto/internal/fips140deps/godebug",
		"errors",
		"internal/abi",
		"internal/asan",
		"internal/bisect",
		"internal/bytealg",
		"internal/byteorder",
		"internal/chacha8rand",
		"internal/coverage/rtcov",
		"internal/cpu",
		"internal/goarch",
		"internal/godebug",
		"internal/godebugs",
		"internal/goexperiment",
		"internal/goos",
		"internal/msan",
		"internal/profilerecord",
		"internal/race",
		"internal/reflectlite",
		"internal/runtime/atomic",
		"internal/runtime/exithook",
		"internal/runtime/gc",
		"internal/runtime/gc/scan",
		"internal/runtime/maps",
		"internal/runtime/math",
		"internal/runtime/pprof/label",
		"internal/runtime/sys",
		"internal/runtime/syscall/windows",
		"internal/strconv",
		"internal/stringslite",
		"internal/sync",
		"internal/synctest",
		"internal/trace/tracev2",
		"internal/unsafeheader",
		"io",
		"iter",
		"math/bits",
		"runtime",
		"strings",
		"sync",
		"sync/atomic",
		"unicode",
		"unicode/utf8",
		"unsafe"
	],
	"TestGoFiles": [
		"export_test.go"
	],
	"XTestGoFiles": [
		"compile_test.go"
	],
	"XTestImports": [
		"crypto/internal/fips140",
		"slices",
		"testing"
	]
}
{
	"Dir": "C:\\Program Files\\Go\\src\\crypto\\internal\\fips140\\alias",
	"ImportPath": "crypto/internal/fips140/alias",
	"Name": "alias",
	"Doc": "Package alias implements memory aliasing tests.",
	"Root": "C:\\Program Files\\Go",
	"Goroot": true,
	"Standard": true,
	"DepOnly": true,
	"GoFiles": [
		"alias.go"
	],
	"Imports": [
		"unsafe"
	],
	"Deps": [
		"unsafe"
	]
}
{
	"Dir": "C:\\Program Files\\Go\\src\\crypto\\internal\\fips140deps\\byteorder",
	"ImportPath": "crypto/internal/fips140deps/byteorder",
	"Name": "byteorder",
	"Root": "C:\\Program Files\\Go",
	"Goroot": true,
	"Standard": true,
	"DepOnly": true,
	"GoFiles": [
		"byteorder.go"
	],
	"Imports": [
		"internal/byteorder"
	],
	"Deps": [
		"internal/byteorder"
	]
}
{
	"Dir": "C:\\Program Files\\Go\\src\\crypto\\internal\\fips140deps\\cpu",
	"ImportPath": "crypto/internal/fips140deps/cpu",
	"Name": "cpu",
	"Root": "C:\\Program Files\\Go",
	"Goroot": true,
	"Standard": true,
	"DepOnly": true,
	"GoFiles": [
		"cpu.go"
	],
	"Imports": [
		"internal/cpu",
		"internal/goarch"
	],
	"Deps": [
		"internal/cpu",
		"internal/goarch",
		"unsafe"
	]
}
{
	"Dir": "C:\\Program Files\\Go\\src\\crypto\\internal\\impl",
	"ImportPath": "crypto/internal/impl",
	"Name": "impl",
	"Doc": "Package impl is a registry of alternative implementations of cryptographic primitives, to allow selecting them for testing.",
	"Root": "C:\\Program Files\\Go",
	"Goroot": true,
	"Standard": true,
	"DepOnly": true,
	"GoFiles": [
		"impl.go"
	],
	"Imports": [
		"strings"
	],
	"Deps": [
		"errors",
		"internal/abi",
		"internal/asan",
		"internal/bytealg",
		"internal/byteorder",
		"internal/chacha8rand",
		"internal/coverage/rtcov",
		"internal/cpu",
		"internal/goarch",
		"internal/godebugs",
		"internal/goexperiment",
		"internal/goos",
		"internal/msan",
		"internal/profilerecord",
		"internal/race",
		"internal/reflectlite",
		"internal/runtime/atomic",
		"internal/runtime/exithook",
		"internal/runtime/gc",
		"internal/runtime/gc/scan",
		"internal/runtime/maps",
		"internal/runtime/math",
		"internal/runtime/pprof/label",
		"internal/runtime/sys",
		"internal/runtime/syscall/windows",
		"internal/strconv",
		"internal/stringslite",
		"internal/sync",
		"internal/synctest",
		"internal/trace/tracev2",
		"internal/unsafeheader",
		"io",
		"iter",
		"math/bits",
		"runtime",
		"strings",
		"sync",
		"sync/atomic",
		"unicode",
		"unicode/utf8",
		"unsafe"
	]
}
{
	"Dir": "C:\\Program Files\\Go\\src\\crypto\\internal\\fips140\\sha256",
	"ImportPath": "crypto/internal/fips140/sha256",
	"Name": "sha256",
	"Doc": "Package sha256 implements the SHA-224 and SHA-256 hash algorithms as defined in FIPS 180-4.",
	"Root": "C:\\Program Files\\Go",
	"Goroot": true,
	"Standard": true,
	"DepOnly": true,
	"GoFiles": [
		"cast.go",
		"sha256.go",
		"sha256block.go",
		"sha256block_amd64.go"
	],
	"IgnoredGoFiles": [
		"sha256block_arm64.go",
		"sha256block_asm.go",
		"sha256block_noasm.go",
		"sha256block_ppc64x.go",
		"sha256block_s390x.go"
	],
	"IgnoredOtherFiles": [
		"sha256block_386.s",
		"sha256block_arm64.s",
		"sha256block_loong64.s",
		"sha256block_ppc64x.s",
		"sha256block_riscv64.s",
		"sha256block_s390x.s"
	],
	"SFiles": [
		"sha256block_amd64.s"
	],
	"Imports": [
		"bytes",
		"crypto/internal/fips140",
		"crypto/internal/fips140deps/byteorder",
		"crypto/internal/fips140deps/cpu",
		"crypto/internal/impl",
		"errors",
		"hash",
		"math/bits"
	],
	"Deps": [
		"bytes",
		"crypto/internal/fips140",
		"crypto/internal/fips140deps/byteorder",
		"crypto/internal/fips140deps/cpu",
		"crypto/internal/fips140deps/godebug",
		"crypto/internal/impl",
		"errors",
		"hash",
		"internal/abi",
		"internal/asan",
		"internal/bisect",
		"internal/bytealg",
		"internal/byteorder",
		"internal/chacha8rand",
		"internal/coverage/rtcov",
		"internal/cpu",
		"internal/goarch",
		"internal/godebug",
		"internal/godebugs",
		"internal/goexperiment",
		"internal/goos",
		"internal/msan",
		"internal/profilerecord",
		"internal/race",
		"internal/reflectlite",
		"internal/runtime/atomic",
		"internal/runtime/exithook",
		"internal/runtime/gc",
		"internal/runtime/gc/scan",
		"internal/runtime/maps",
		"internal/runtime/math",
		"internal/runtime/pprof/label",
		"internal/runtime/sys",
		"internal/runtime/syscall/windows",
		"internal/strconv",
		"internal/stringslite",
		"internal/sync",
		"internal/synctest",
		"internal/trace/tracev2",
		"internal/unsafeheader",
		"io",
		"iter",
		"math/bits",
		"runtime",
		"strings",
		"sync",
		"sync/atomic",
		"unicode",
		"unicode/utf8",
		"unsafe"
	]
}
{
	"Dir": "C:\\Program Files\\Go\\src\\crypto\\internal\\constanttime",
	"ImportPath": "crypto/internal/constanttime",
	"Name": "constanttime",
	"Root": "C:\\Program Files\\Go",
	"Goroot": true,
	"Standard": true,
	"DepOnly": true,
	"GoFiles": [
		"constant_time.go"
	]
}
{
	"Dir": "C:\\Program Files\\Go\\src\\crypto\\internal\\fips140\\subtle",
	"ImportPath": "crypto/internal/fips140/subtle",
	"Name": "subtle",
	"Root": "C:\\Program Files\\Go",
	"Goroot": true,
	"Standard": true,
	"DepOnly": true,
	"GoFiles": [
		"constant_time.go",
		"xor.go",
		"xor_asm.go"
	],
	"IgnoredGoFiles": [
		"xor_generic.go",
		"xor_loong64.go",
		"xor_riscv64.go"
	],
	"IgnoredOtherFiles": [
		"xor_arm64.s",
		"xor_loong64.s",
		"xor_ppc64x.s",
		"xor_riscv64.s"
	],
	"SFiles": [
		"xor_amd64.s"
	],
	"Imports": [
		"crypto/internal/constanttime",
		"crypto/internal/fips140/alias",
		"crypto/internal/fips140deps/byteorder",
		"math/bits"
	],
	"Deps": [
		"crypto/internal/constanttime",
		"crypto/internal/fips140/alias",
		"crypto/internal/fips140deps/byteorder",
		"internal/byteorder",
		"math/bits",
		"unsafe"
	],
	"TestGoFiles": [
		"constant_time_test.go"
	],
	"TestImports": [
		"bytes",
		"crypto/internal/fips140deps/byteorder",
		"math/rand/v2",
		"testing",
		"time"
	]
}
{
	"Dir": "C:\\Program Files\\Go\\src\\crypto\\internal\\fips140\\sha3",
	"ImportPath": "crypto/internal/fips140/sha3",
	"Name": "sha3",
	"Doc": "Package sha3 implements the SHA-3 fixed-output-length hash functions and the SHAKE variable-output-length functions defined by [FIPS 202], as well as the cSHAKE extendable-output-length functions defined by [SP 800-185].",
	"Root": "C:\\Program Files\\Go",
	"Goroot": true,
	"Standard": true,
	"DepOnly": true,
	"GoFiles": [
		"cast.go",
		"hashes.go",
		"keccakf.go",
		"sha3.go",
		"sha3_amd64.go",
		"shake.go"
	],
	"IgnoredGoFiles": [
		"sha3_arm64.go",
		"sha3_noasm.go",
		"sha3_s390x.go"
	],
	"IgnoredOtherFiles": [
		"sha3_arm64.s",
		"sha3_s390x.s"
	],
	"SFiles": [
		"sha3_amd64.s"
	],
	"Imports": [
		"bytes",
		"crypto/internal/fips140",
		"crypto/internal/fips140/subtle",
		"crypto/internal/fips140deps/byteorder",
		"crypto/internal/fips140deps/cpu",
		"errors",
		"math/bits",
		"unsafe"
	],
	"Deps": [
		"bytes",
		"crypto/internal/constanttime",
		"crypto/internal/fips140",
		"crypto/internal/fips140/alias",
		"crypto/internal/fips140/subtle",
		"crypto/internal/fips140deps/byteorder",
		"crypto/internal/fips140deps/cpu",
		"crypto/internal/fips140deps/godebug",
		"errors",
		"internal/abi",
		"internal/asan",
		"internal/bisect",
		"internal/bytealg",
		"internal/byteorder",
		"internal/chacha8rand",
		"internal/coverage/rtcov",
		"internal/cpu",
		"internal/goarch",
		"internal/godebug",
		"internal/godebugs",
		"internal/goexperiment",
		"internal/goos",
		"internal/msan",
		"internal/profilerecord",
		"internal/race",
		"internal/reflectlite",
		"internal/runtime/atomic",
		"internal/runtime/exithook",
		"internal/runtime/gc",
		"internal/runtime/gc/scan",
		"internal/runtime/maps",
		"internal/runtime/math",
		"internal/runtime/pprof/label",
		"internal/runtime/sys",
		"internal/runtime/syscall/windows",
		"internal/strconv",
		"internal/stringslite",
		"internal/sync",
		"internal/synctest",
		"internal/trace/tracev2",
		"internal/unsafeheader",
		"io",
		"iter",
		"math/bits",
		"runtime",
		"strings",
		"sync",
		"sync/atomic",
		"unicode",
		"unicode/utf8",
		"unsafe"
	]
}
{
	"Dir": "C:\\Program Files\\Go\\src\\crypto\\internal\\fips140\\sha512",
	"ImportPath": "crypto/internal/fips140/sha512",
	"Name": "sha512",
	"Doc": "Package sha512 implements the SHA-384, SHA-512, SHA-512/224, and SHA-512/256 hash algorithms as defined in FIPS 180-4.",
	"Root": "C:\\Program Files\\Go",
	"Goroot": true,
	"Standard": true,
	"DepOnly": true,
	"GoFiles": [
		"cast.go",
		"sha512.go",
		"sha512block.go",
		"sha512block_amd64.go"
	],
	"IgnoredGoFiles": [
		"sha512block_arm64.go",
		"sha512block_asm.go",
		"sha512block_noasm.go",
		"sha512block_ppc64x.go",
		"sha512block_s390x.go"
	],
	"IgnoredOtherFiles": [
		"sha512block_arm64.s",
		"sha512block_loong64.s",
		"sha512block_ppc64x.s",
		"sha512block_riscv64.s",
		"sha512block_s390x.s"
	],
	"SFiles": [
		"sha512block_amd64.s"
	],
	"Imports": [
		"bytes",
		"crypto/internal/fips140",
		"crypto/internal/fips140deps/byteorder",
		"crypto/internal/fips140deps/cpu",
		"crypto/internal/impl",
		"errors",
		"hash",
		"math/bits"
	],
	"Deps": [
		"bytes",
		"crypto/internal/fips140",
		"crypto/internal/fips140deps/byteorder",
		"crypto/internal/fips140deps/cpu",
		"crypto/internal/fips140deps/godebug",
		"crypto/internal/impl",
		"errors",
		"hash",
		"internal/abi",
		"internal/asan",
		"internal/bisect",
		"internal/bytealg",
		"internal/byteorder",
		"internal/chacha8rand",
		"internal/coverage/rtcov",
		"internal/cpu",
		"internal/goarch",
		"internal/godebug",
		"internal/godebugs",
		"internal/goexperiment",
		"internal/goos",
		"internal/msan",
		"internal/profilerecord",
		"internal/race",
		"internal/reflectlite",
		"internal/runtime/atomic",
		"internal/runtime/exithook",
		"internal/runtime/gc",
		"internal/runtime/gc/scan",
		"internal/runtime/maps",
		"internal/runtime/math",
		"internal/runtime/pprof/label",
		"internal/runtime/sys",
		"internal/runtime/syscall/windows",
		"internal/strconv",
		"internal/stringslite",
		"internal/sync",
		"internal/synctest",
		"internal/trace/tracev2",
		"internal/unsafeheader",
		"io",
		"iter",
		"math/bits",
		"runtime",
		"strings",
		"sync",
		"sync/atomic",
		"unicode",
		"unicode/utf8",
		"unsafe"
	]
}
{
	"Dir": "C:\\Program Files\\Go\\src\\crypto\\internal\\fips140\\hmac",
	"ImportPath": "crypto/internal/fips140/hmac",
	"Name": "hmac",
	"Doc": "Package hmac implements HMAC according to [FIPS 198-1].",
	"Root": "C:\\Program Files\\Go",
	"Goroot": true,
	"Standard": true,
	"DepOnly": true,
	"GoFiles": [
		"cast.go",
		"hmac.go"
	],
	"Imports": [
		"bytes",
		"crypto/internal/fips140",
		"crypto/internal/fips140/sha256",
		"crypto/internal/fips140/sha3",
		"crypto/internal/fips140/sha512",
		"errors",
		"hash"
	],
	"Deps": [
		"bytes",
		"crypto/internal/constanttime",
		"crypto/internal/fips140",
		"crypto/internal/fips140/alias",
		"crypto/internal/fips140/sha256",
		"crypto/internal/fips140/sha3",
		"crypto/internal/fips140/sha512",
		"crypto/internal/fips140/subtle",
		"crypto/internal/fips140deps/byteorder",
		"crypto/internal/fips140deps/cpu",
		"crypto/internal/fips140deps/godebug",
		"crypto/internal/impl",
		"errors",
		"hash",
		"internal/abi",
		"internal/asan",
		"internal/bisect",
		"internal/bytealg",
		"internal/byteorder",
		"internal/chacha8rand",
		"internal/coverage/rtcov",
		"internal/cpu",
		"internal/goarch",
		"internal/godebug",
		"internal/godebugs",
		"internal/goexperiment",
		"internal/goos",
		"internal/msan",
		"internal/profilerecord",
		"internal/race",
		"internal/reflectlite",
		"internal/runtime/atomic",
		"internal/runtime/exithook",
		"internal/runtime/gc",
		"internal/runtime/gc/scan",
		"internal/runtime/maps",
		"internal/runtime/math",
		"internal/runtime/pprof/label",
		"internal/runtime/sys",
		"internal/runtime/syscall/windows",
		"internal/strconv",
		"internal/stringslite",
		"internal/sync",
		"internal/synctest",
		"internal/trace/tracev2",
		"internal/unsafeheader",
		"io",
		"iter",
		"math/bits",
		"runtime",
		"strings",
		"sync",
		"sync/atomic",
		"unicode",
		"unicode/utf8",
		"unsafe"
	]
}
{
	"Dir": "C:\\Program Files\\Go\\src\\crypto\\internal\\fips140\\check",
	"ImportPath": "crypto/internal/fips140/check",
	"Name": "check",
	"Doc": "Package check implements the FIPS 140 load-time code+data verification.",
	"Root": "C:\\Program Files\\Go",
	"Goroot": true,
	"Standard": true,
	"DepOnly": true,
	"GoFiles": [
		"check.go"
	],
	"Imports": [
		"crypto/internal/fips140",
		"crypto/internal/fips140/hmac",
		"crypto/internal/fips140/sha256",
		"crypto/internal/fips140deps/byteorder",
		"crypto/internal/fips140deps/godebug",
		"io",
		"unsafe"
	],
	"Deps": [
		"bytes",
		"crypto/internal/constanttime",
		"crypto/internal/fips140",
		"crypto/internal/fips140/alias",
		"crypto/internal/fips140/hmac",
		"crypto/internal/fips140/sha256",
		"crypto/internal/fips140/sha3",
		"crypto/internal/fips140/sha512",
		"crypto/internal/fips140/subtle",
		"crypto/internal/fips140deps/byteorder",
		"crypto/internal/fips140deps/cpu",
		"crypto/internal/fips140deps/godebug",
		"crypto/internal/impl",
		"errors",
		"hash",
		"internal/abi",
		"internal/asan",
		"internal/bisect",
		"internal/bytealg",
		"internal/byteorder",
		"internal/chacha8rand",
		"internal/coverage/rtcov",
		"internal/cpu",
		"internal/goarch",
		"internal/godebug",
		"internal/godebugs",
		"internal/goexperiment",
		"internal/goos",
		"internal/msan",
		"internal/profilerecord",
		"internal/race",
		"internal/reflectlite",
		"internal/runtime/atomic",
		"internal/runtime/exithook",
		"internal/runtime/gc",
		"internal/runtime/gc/scan",
		"internal/runtime/maps",
		"internal/runtime/math",
		"internal/runtime/pprof/label",
		"internal/runtime/sys",
		"internal/runtime/syscall/windows",
		"internal/strconv",
		"internal/stringslite",
		"internal/sync",
		"internal/synctest",
		"internal/trace/tracev2",
		"internal/unsafeheader",
		"io",
		"iter",
		"math/bits",
		"runtime",
		"strings",
		"sync",
		"sync/atomic",
		"unicode",
		"unicode/utf8",
		"unsafe"
	]
}
{
	"Dir": "C:\\Program Files\\Go\\src\\crypto\\internal\\fips140\\aes",
	"ImportPath": "crypto/internal/fips140/aes",
	"Name": "aes",
	"Root": "C:\\Program Files\\Go",
	"Goroot": true,
	"Standard": true,
	"DepOnly": true,
	"GoFiles": [
		"aes.go",
		"aes_asm.go",
		"aes_generic.go",
		"cast.go",
		"cbc.go",
		"cbc_noasm.go",
		"const.go",
		"ctr.go",
		"ctr_asm.go"
	],
	"IgnoredGoFiles": [
		"aes_noasm.go",
		"aes_s390x.go",
		"cbc_ppc64x.go",
		"cbc_s390x.go",
		"ctr_arm64_gen.go",
		"ctr_noasm.go",
		"ctr_s390x.go"
	],
	"IgnoredOtherFiles": [
		"aes_arm64.s",
		"aes_ppc64x.s",
		"aes_s390x.s",
		"ctr_arm64.s"
	],
	"SFiles": [
		"aes_amd64.s",
		"ctr_amd64.s"
	],
	"Imports": [
		"bytes",
		"crypto/internal/fips140",
		"crypto/internal/fips140/alias",
		"crypto/internal/fips140/check",
		"crypto/internal/fips140/subtle",
		"crypto/internal/fips140deps/byteorder",
		"crypto/internal/fips140deps/cpu",
		"crypto/internal/fips140deps/godebug",
		"crypto/internal/impl",
		"errors",
		"math/bits",
		"strconv"
	],
	"Deps": [
		"bytes",
		"crypto/internal/constanttime",
		"crypto/internal/fips140",
		"crypto/internal/fips140/alias",
		"crypto/internal/fips140/check",
		"crypto/internal/fips140/hmac",
		"crypto/internal/fips140/sha256",
		"crypto/internal/fips140/sha3",
		"crypto/internal/fips140/sha512",
		"crypto/internal/fips140/subtle",
		"crypto/internal/fips140deps/byteorder",
		"crypto/internal/fips140deps/cpu",
		"crypto/internal/fips140deps/godebug",
		"crypto/internal/impl",
		"errors",
		"hash",
		"internal/abi",
		"internal/asan",
		"internal/bisect",
		"internal/bytealg",
		"internal/byteorder",
		"internal/chacha8rand",
		"internal/coverage/rtcov",
		"internal/cpu",
		"internal/goarch",
		"internal/godebug",
		"internal/godebugs",
		"internal/goexperiment",
		"internal/goos",
		"internal/msan",
		"internal/profilerecord",
		"internal/race",
		"internal/reflectlite",
		"internal/runtime/atomic",
		"internal/runtime/exithook",
		"internal/runtime/gc",
		"internal/runtime/gc/scan",
		"internal/runtime/maps",
		"internal/runtime/math",
		"internal/runtime/pprof/label",
		"internal/runtime/sys",
		"internal/runtime/syscall/windows",
		"internal/strconv",
		"internal/stringslite",
		"internal/sync",
		"internal/synctest",
		"internal/trace/tracev2",
		"internal/unsafeheader",
		"io",
		"iter",
		"math/bits",
		"runtime",
		"strconv",
		"strings",
		"sync",
		"sync/atomic",
		"unicode",
		"unicode/utf8",
		"unsafe"
	],
	"TestGoFiles": [
		"aes_test.go"
	],
	"TestImports": [
		"testing"
	],
	"XTestGoFiles": [
		"interface_test.go"
	],
	"XTestImports": [
		"crypto/cipher",
		"crypto/internal/fips140/aes"
	]
}
{
	"Dir": "C:\\Program Files\\Go\\src\\crypto\\internal\\fips140deps\\time",
	"ImportPath": "crypto/internal/fips140deps/time",
	"Name": "time",
	"Root": "C:\\Program Files\\Go",
	"Goroot": true,
	"Standard": true,
	"DepOnly": true,
	"GoFiles": [
		"time_windows.go"
	],
	"IgnoredGoFiles": [
		"time.go"
	],
	"Imports": [
		"internal/syscall/windows"
	],
	"Deps": [
		"cmp",
		"errors",
		"internal/abi",
		"internal/asan",
		"internal/bytealg",
		"internal/byteorder",
		"internal/chacha8rand",
		"internal/coverage/rtcov",
		"internal/cpu",
		"internal/goarch",
		"internal/godebugs",
		"internal/goexperiment",
		"internal/goos",
		"internal/msan",
		"internal/oserror",
		"internal/profilerecord",
		"internal/race",
		"internal/reflectlite",
		"internal/runtime/atomic",
		"internal/runtime/exithook",
		"internal/runtime/gc",
		"internal/runtime/gc/scan",
		"internal/runtime/maps",
		"internal/runtime/math",
		"internal/runtime/pprof/label",
		"internal/runtime/sys",
		"internal/runtime/syscall/windows",
		"internal/strconv",
		"internal/stringslite",
		"internal/sync",
		"internal/synctest",
		"internal/syscall/windows",
		"internal/syscall/windows/sysdll",
		"internal/trace/tracev2",
		"internal/unsafeheader",
		"iter",
		"math/bits",
		"runtime",
		"slices",
		"structs",
		"sync",
		"sync/atomic",
		"syscall",
		"unicode/utf16",
		"unicode/utf8",
		"unsafe"
	]
}
{
	"Dir": "C:\\Program Files\\Go\\src\\crypto\\internal\\entropy\\v1.0.0",
	"ImportPath": "crypto/internal/entropy/v1.0.0",
	"Name": "entropy",
	"Doc": "Package entropy implements a CPU jitter-based SP 800-90B entropy source.",
	"Root": "C:\\Program Files\\Go",
	"Goroot": true,
	"Standard": true,
	"DepOnly": true,
	"GoFiles": [
		"entropy.go",
		"sha384.go"
	],
	"Imports": [
		"crypto/internal/fips140deps/time",
		"errors",
		"math/bits",
		"sync/atomic",
		"unsafe"
	],
	"Deps": [
		"cmp",
		"crypto/internal/fips140deps/time",
		"errors",
		"internal/abi",
		"internal/asan",
		"internal/bytealg",
		"internal/byteorder",
		"internal/chacha8rand",
		"internal/coverage/rtcov",
		"internal/cpu",
		"internal/goarch",
		"internal/godebugs",
		"internal/goexperiment",
		"internal/goos",
		"internal/msan",
		"internal/oserror",
		"internal/profilerecord",
		"internal/race",
		"internal/reflectlite",
		"internal/runtime/atomic",
		"internal/runtime/exithook",
		"internal/runtime/gc",
		"internal/runtime/gc/scan",
		"internal/runtime/maps",
		"internal/runtime/math",
		"internal/runtime/pprof/label",
		"internal/runtime/sys",
		"internal/runtime/syscall/windows",
		"internal/strconv",
		"internal/stringslite",
		"internal/sync",
		"internal/synctest",
		"internal/syscall/windows",
		"internal/syscall/windows/sysdll",
		"internal/trace/tracev2",
		"internal/unsafeheader",
		"iter",
		"math/bits",
		"runtime",
		"slices",
		"structs",
		"sync",
		"sync/atomic",
		"syscall",
		"unicode/utf16",
		"unicode/utf8",
		"unsafe"
	]
}
{
	"Dir": "C:\\Program Files\\Go\\src\\crypto\\internal\\sysrand",
	"ImportPath": "crypto/internal/sysrand",
	"Name": "sysrand",
	"Doc": "Package rand provides cryptographically secure random bytes from the operating system.",
	"Root": "C:\\Program Files\\Go",
	"Goroot": true,
	"Standard": true,
	"DepOnly": true,
	"GoFiles": [
		"rand.go",
		"rand_windows.go"
	],
	"IgnoredGoFiles": [
		"rand_aix.go",
		"rand_arc4random.go",
		"rand_getrandom.go",
		"rand_js.go",
		"rand_linux_test.go",
		"rand_netbsd.go",
		"rand_plan9.go",
		"rand_wasip1.go"
	],
	"Imports": [
		"internal/syscall/windows",
		"os",
		"sync",
		"sync/atomic",
		"time",
		"unsafe"
	],
	"Deps": [
		"cmp",
		"errors",
		"internal/abi",
		"internal/asan",
		"internal/bisect",
		"internal/bytealg",
		"internal/byteorder",
		"internal/chacha8rand",
		"internal/coverage/rtcov",
		"internal/cpu",
		"internal/filepathlite",
		"internal/goarch",
		"internal/godebug",
		"internal/godebugs",
		"internal/goexperiment",
		"internal/goos",
		"internal/msan",
		"internal/oserror",
		"internal/poll",
		"internal/profilerecord",
		"internal/race",
		"internal/reflectlite",
		"internal/runtime/atomic",
		"internal/runtime/exithook",
		"internal/runtime/gc",
		"internal/runtime/gc/scan",
		"internal/runtime/maps",
		"internal/runtime/math",
		"internal/runtime/pprof/label",
		"internal/runtime/sys",
		"internal/runtime/syscall/windows",
		"internal/strconv",
		"internal/stringslite",
		"internal/sync",
		"internal/synctest",
		"internal/syscall/execenv",
		"internal/syscall/windows",
		"internal/syscall/windows/registry",
		"internal/syscall/windows/sysdll",
		"internal/testlog",
		"internal/trace/tracev2",
		"internal/unsafeheader",
		"io",
		"io/fs",
		"iter",
		"math/bits",
		"os",
		"path",
		"runtime",
		"slices",
		"structs",
		"sync",
		"sync/atomic",
		"syscall",
		"time",
		"unicode/utf16",
		"unicode/utf8",
		"unsafe"
	],
	"TestGoFiles": [
		"rand_test.go"
	],
	"TestImports": [
		"bytes",
		"compress/flate",
		"internal/testenv",
		"os",
		"runtime",
		"sync",
		"testing"
	]
}
{
	"Dir": "C:\\Program Files\\Go\\src\\crypto\\internal\\fips140\\drbg",
	"ImportPath": "crypto/internal/fips140/drbg",
	"Name": "drbg",
	"Doc": "Package drbg provides cryptographically secure random bytes usable by FIPS code.",
	"Root": "C:\\Program Files\\Go",
	"Goroot": true,
	"Standard": true,
	"DepOnly": true,
	"GoFiles": [
		"cast.go",
		"ctrdrbg.go",
		"entropy_fips140.go",
		"rand.go"
	],
	"IgnoredGoFiles": [
		"entropy_wasm.go"
	],
	"Imports": [
		"bytes",
		"crypto/internal/entropy/v1.0.0",
		"crypto/internal/fips140",
		"crypto/internal/fips140/aes",
		"crypto/internal/fips140/check",
		"crypto/internal/fips140/subtle",
		"crypto/internal/fips140deps/byteorder",
		"crypto/internal/sysrand",
		"errors",
		"io",
		"math/bits",
		"sync",
		"sync/atomic"
	],
	"Deps": [
		"bytes",
		"cmp",
		"crypto/internal/constanttime",
		"crypto/internal/entropy/v1.0.0",
		"crypto/internal/fips140",
		"crypto/internal/fips140/aes",
		"crypto/internal/fips140/alias",
		"crypto/internal/fips140/check",
		"crypto/internal/fips140/hmac",
		"crypto/internal/fips140/sha256",
		"crypto/internal/fips140/sha3",
		"crypto/internal/fips140/sha512",
		"crypto/internal/fips140/subtle",
		"crypto/internal/fips140deps/byteorder",
		"crypto/internal/fips140deps/cpu",
		"crypto/internal/fips140deps/godebug",
		"crypto/internal/fips140deps/time",
		"crypto/internal/impl",
		"crypto/internal/sysrand",
		"errors",
		"hash",
		"internal/abi",
		"internal/asan",
		"internal/bisect",
		"internal/bytealg",
		"internal/byteorder",
		"internal/chacha8rand",
		"internal/coverage/rtcov",
		"internal/cpu",
		"internal/filepathlite",
		"internal/goarch",
		"internal/godebug",
		"internal/godebugs",
		"internal/goexperiment",
		"internal/goos",
		"internal/msan",
		"internal/oserror",
		"internal/poll",
		"internal/profilerecord",
		"internal/race",
		"internal/reflectlite",
		"internal/runtime/atomic",
		"internal/runtime/exithook",
		"internal/runtime/gc",
		"internal/runtime/gc/scan",
		"internal/runtime/maps",
		"internal/runtime/math",
		"internal/runtime/pprof/label",
		"internal/runtime/sys",
		"internal/runtime/syscall/windows",
		"internal/strconv",
		"internal/stringslite",
		"internal/sync",
		"internal/synctest",
		"internal/syscall/execenv",
		"internal/syscall/windows",
		"internal/syscall/windows/registry",
		"internal/syscall/windows/sysdll",
		"internal/testlog",
		"internal/trace/tracev2",
		"internal/unsafeheader",
		"io",
		"io/fs",
		"iter",
		"math/bits",
		"os",
		"path",
		"runtime",
		"slices",
		"strconv",
		"strings",
		"structs",
		"sync",
		"sync/atomic",
		"syscall",
		"time",
		"unicode",
		"unicode/utf16",
		"unicode/utf8",
		"unsafe"
	],
	"TestGoFiles": [
		"rand_test.go"
	],
	"TestImports": [
		"crypto/internal/fips140",
		"testing"
	]
}
{
	"Dir": "C:\\Program Files\\Go\\src\\crypto\\internal\\fips140\\aes\\gcm",
	"ImportPath": "crypto/internal/fips140/aes/gcm",
	"Name": "gcm",
	"Root": "C:\\Program Files\\Go",
	"Goroot": true,
	"Standard": true,
	"DepOnly": true,
	"GoFiles": [
		"cast.go",
		"cmac.go",
		"ctrkdf.go",
		"gcm.go",
		"gcm_asm.go",
		"gcm_generic.go",
		"gcm_nonces.go",
		"ghash.go"
	],
	"IgnoredGoFiles": [
		"gcm_noasm.go",
		"gcm_ppc64x.go",
		"gcm_s390x.go"
	],
	"IgnoredOtherFiles": [
		"gcm_arm64.s",
		"gcm_ppc64x.s",
		"gcm_s390x.s"
	],
	"SFiles": [
		"gcm_amd64.s"
	],
	"Imports": [
		"crypto/internal/fips140",
		"crypto/internal/fips140/aes",
		"crypto/internal/fips140/alias",
		"crypto/internal/fips140/check",
		"crypto/internal/fips140/drbg",
		"crypto/internal/fips140/subtle",
		"crypto/internal/fips140deps/byteorder",
		"crypto/internal/fips140deps/cpu",
		"crypto/internal/impl",
		"errors",
		"math"
	],
	"Deps": [
		"bytes",
		"cmp",
		"crypto/internal/constanttime",
		"crypto/internal/entropy/v1.0.0",
		"crypto/internal/fips140",
		"crypto/internal/fips140/aes",
		"crypto/internal/fips140/alias",
		"crypto/internal/fips140/check",
		"crypto/internal/fips140/drbg",
		"crypto/internal/fips140/hmac",
		"crypto/internal/fips140/sha256",
		"crypto/internal/fips140/sha3",
		"crypto/internal/fips140/sha512",
		"crypto/internal/fips140/subtle",
		"crypto/internal/fips140deps/byteorder",
		"crypto/internal/fips140deps/cpu",
		"crypto/internal/fips140deps/godebug",
		"crypto/internal/fips140deps/time",
		"crypto/internal/impl",
		"crypto/internal/sysrand",
		"errors",
		"hash",
		"internal/abi",
		"internal/asan",
		"internal/bisect",
		"internal/bytealg",
		"internal/byteorder",
		"internal/chacha8rand",
		"internal/coverage/rtcov",
		"internal/cpu",
		"internal/filepathlite",
		"internal/goarch",
		"internal/godebug",
		"internal/godebugs",
		"internal/goexperiment",
		"internal/goos",
		"internal/msan",
		"internal/oserror",
		"internal/poll",
		"internal/profilerecord",
		"internal/race",
		"internal/reflectlite",
		"internal/runtime/atomic",
		"internal/runtime/exithook",
		"internal/runtime/gc",
		"internal/runtime/gc/scan",
		"internal/runtime/maps",
		"internal/runtime/math",
		"internal/runtime/pprof/label",
		"internal/runtime/sys",
		"internal/runtime/syscall/windows",
		"internal/strconv",
		"internal/stringslite",
		"internal/sync",
		"internal/synctest",
		"internal/syscall/execenv",
		"internal/syscall/windows",
		"internal/syscall/windows/registry",
		"internal/syscall/windows/sysdll",
		"internal/testlog",
		"internal/trace/tracev2",
		"internal/unsafeheader",
		"io",
		"io/fs",
		"iter",
		"math",
		"math/bits",
		"os",
		"path",
		"runtime",
		"slices",
		"strconv",
		"strings",
		"structs",
		"sync",
		"sync/atomic",
		"syscall",
		"time",
		"unicode",
		"unicode/utf16",
		"unicode/utf8",
		"unsafe"
	],
	"XTestGoFiles": [
		"interface_test.go"
	],
	"XTestImports": [
		"crypto/cipher",
		"crypto/internal/fips140/aes/gcm"
	]
}
{
	"Dir": "C:\\Program Files\\Go\\src\\crypto\\fips140",
	"ImportPath": "crypto/fips140",
	"Name": "fips140",
	"Doc": "Package fips140 provides information about the FIPS 140-3 Go Cryptographic Module and FIPS 140-3 mode.",
	"Root": "C:\\Program Files\\Go",
	"Goroot": true,
	"Standard": true,
	"DepOnly": true,
	"GoFiles": [
		"enforcement.go",
		"fips140.go"
	],
	"Imports": [
		"crypto/internal/fips140",
		"crypto/internal/fips140/check",
		"internal/godebug",
		"unsafe"
	],
	"Deps": [
		"bytes",
		"crypto/internal/constanttime",
		"crypto/internal/fips140",
		"crypto/internal/fips140/alias",
		"crypto/internal/fips140/check",
		"crypto/internal/fips140/hmac",
		"crypto/internal/fips140/sha256",
		"crypto/internal/fips140/sha3",
		"crypto/internal/fips140/sha512",
		"crypto/internal/fips140/subtle",
		"crypto/internal/fips140deps/byteorder",
		"crypto/internal/fips140deps/cpu",
		"crypto/internal/fips140deps/godebug",
		"crypto/internal/impl",
		"errors",
		"hash",
		"internal/abi",
		"internal/asan",
		"internal/bisect",
		"internal/bytealg",
		"internal/byteorder",
		"internal/chacha8rand",
		"internal/coverage/rtcov",
		"internal/cpu",
		"internal/goarch",
		"internal/godebug",
		"internal/godebugs",
		"internal/goexperiment",
		"internal/goos",
		"internal/msan",
		"internal/profilerecord",
		"internal/race",
		"internal/reflectlite",
		"internal/runtime/atomic",
		"internal/runtime/exithook",
		"internal/runtime/gc",
		"internal/runtime/gc/scan",
		"internal/runtime/maps",
		"internal/runtime/math",
		"internal/runtime/pprof/label",
		"internal/runtime/sys",
		"internal/runtime/syscall/windows",
		"internal/strconv",
		"internal/stringslite",
		"internal/sync",
		"internal/synctest",
		"internal/trace/tracev2",
		"internal/unsafeheader",
		"io",
		"iter",
		"math/bits",
		"runtime",
		"strings",
		"sync",
		"sync/atomic",
		"unicode",
		"unicode/utf8",
		"unsafe"
	],
	"TestGoFiles": [
		"fips140_test.go"
	],
	"TestImports": [
		"internal/godebug",
		"internal/testenv",
		"testing"
	],
	"XTestGoFiles": [
		"enforcement_test.go"
	],
	"XTestImports": [
		"crypto/des",
		"crypto/fips140",
		"crypto/internal/cryptotest",
		"testing"
	]
}
{
	"Dir": "C:\\Program Files\\Go\\src\\crypto\\internal\\fips140only",
	"ImportPath": "crypto/internal/fips140only",
	"Name": "fips140only",
	"Root": "C:\\Program Files\\Go",
	"Goroot": true,
	"Standard": true,
	"DepOnly": true,
	"GoFiles": [
		"fips140only.go",
		"random_fips140v1.28.go"
	],
	"IgnoredGoFiles": [
		"random_fips140v1.0.go"
	],
	"Imports": [
		"crypto/fips140",
		"crypto/internal/fips140/drbg",
		"crypto/internal/fips140/sha256",
		"crypto/internal/fips140/sha3",
		"crypto/internal/fips140/sha512",
		"hash",
		"io"
	],
	"Deps": [
		"bytes",
		"cmp",
		"crypto/fips140",
		"crypto/internal/constanttime",
		"crypto/internal/entropy/v1.0.0",
		"crypto/internal/fips140",
		"crypto/internal/fips140/aes",
		"crypto/internal/fips140/alias",
		"crypto/internal/fips140/check",
		"crypto/internal/fips140/drbg",
		"crypto/internal/fips140/hmac",
		"crypto/internal/fips140/sha256",
		"crypto/internal/fips140/sha3",
		"crypto/internal/fips140/sha512",
		"crypto/internal/fips140/subtle",
		"crypto/internal/fips140deps/byteorder",
		"crypto/internal/fips140deps/cpu",
		"crypto/internal/fips140deps/godebug",
		"crypto/internal/fips140deps/time",
		"crypto/internal/impl",
		"crypto/internal/sysrand",
		"errors",
		"hash",
		"internal/abi",
		"internal/asan",
		"internal/bisect",
		"internal/bytealg",
		"internal/byteorder",
		"internal/chacha8rand",
		"internal/coverage/rtcov",
		"internal/cpu",
		"internal/filepathlite",
		"internal/goarch",
		"internal/godebug",
		"internal/godebugs",
		"internal/goexperiment",
		"internal/goos",
		"internal/msan",
		"internal/oserror",
		"internal/poll",
		"internal/profilerecord",
		"internal/race",
		"internal/reflectlite",
		"internal/runtime/atomic",
		"internal/runtime/exithook",
		"internal/runtime/gc",
		"internal/runtime/gc/scan",
		"internal/runtime/maps",
		"internal/runtime/math",
		"internal/runtime/pprof/label",
		"internal/runtime/sys",
		"internal/runtime/syscall/windows",
		"internal/strconv",
		"internal/stringslite",
		"internal/sync",
		"internal/synctest",
		"internal/syscall/execenv",
		"internal/syscall/windows",
		"internal/syscall/windows/registry",
		"internal/syscall/windows/sysdll",
		"internal/testlog",
		"internal/trace/tracev2",
		"internal/unsafeheader",
		"io",
		"io/fs",
		"iter",
		"math/bits",
		"os",
		"path",
		"runtime",
		"slices",
		"strconv",
		"strings",
		"structs",
		"sync",
		"sync/atomic",
		"syscall",
		"time",
		"unicode",
		"unicode/utf16",
		"unicode/utf8",
		"unsafe"
	],
	"XTestGoFiles": [
		"fips140only_test.go"
	],
	"XTestImports": [
		"crypto",
		"crypto/aes",
		"crypto/cipher",
		"crypto/des",
		"crypto/dsa",
		"crypto/ecdh",
		"crypto/ecdsa",
		"crypto/ed25519",
		"crypto/elliptic",
		"crypto/hkdf",
		"crypto/hmac",
		"crypto/hpke",
		"crypto/internal/cryptotest",
		"crypto/internal/fips140",
		"crypto/internal/fips140only",
		"crypto/md5",
		"crypto/mlkem",
		"crypto/mlkem/mlkemtest",
		"crypto/pbkdf2",
		"crypto/rand",
		"crypto/rc4",
		"crypto/rsa",
		"crypto/sha1",
		"crypto/sha256",
		"crypto/sha3",
		"crypto/sha512",
		"crypto/x509",
		"encoding/pem",
		"fmt",
		"internal/godebug",
		"io",
		"math/big",
		"os",
		"strings",
		"testing",
		"vendor/golang.org/x/crypto/chacha20poly1305"
	]
}
{
	"Dir": "C:\\Program Files\\Go\\src\\crypto\\subtle",
	"ImportPath": "crypto/subtle",
	"Name": "subtle",
	"Doc": "Package subtle implements functions that are often useful in cryptographic code but require careful thought to use correctly.",
	"Root": "C:\\Program Files\\Go",
	"Goroot": true,
	"Standard": true,
	"DepOnly": true,
	"GoFiles": [
		"constant_time.go",
		"dit.go",
		"xor.go"
	],
	"Imports": [
		"crypto/internal/constanttime",
		"crypto/internal/fips140/subtle",
		"internal/runtime/sys",
		"unsafe"
	],
	"Deps": [
		"crypto/internal/constanttime",
		"crypto/internal/fips140/alias",
		"crypto/internal/fips140/subtle",
		"crypto/internal/fips140deps/byteorder",
		"internal/byteorder",
		"internal/goarch",
		"internal/goos",
		"internal/runtime/sys",
		"math/bits",
		"unsafe"
	],
	"TestGoFiles": [
		"constant_time_test.go",
		"dit_test.go"
	],
	"TestImports": [
		"internal/cpu",
		"internal/runtime/sys",
		"testing",
		"testing/quick"
	],
	"XTestGoFiles": [
		"xor_test.go"
	],
	"XTestImports": [
		"bytes",
		"crypto/internal/cryptotest",
		"crypto/rand",
		"crypto/subtle",
		"fmt",
		"testing"
	]
}
{
	"Dir": "C:\\Program Files\\Go\\src\\crypto\\cipher",
	"ImportPath": "crypto/cipher",
	"Name": "cipher",
	"Doc": "Package cipher implements standard block cipher modes that can be wrapped around low-level block cipher implementations.",
	"Root": "C:\\Program Files\\Go",
	"Goroot": true,
	"Standard": true,
	"DepOnly": true,
	"GoFiles": [
		"cbc.go",
		"cfb.go",
		"cipher.go",
		"ctr.go",
		"gcm.go",
		"io.go",
		"ofb.go"
	],
	"IgnoredGoFiles": [
		"fuzz_test.go"
	],
	"Imports": [
		"bytes",
		"crypto/internal/fips140/aes",
		"crypto/internal/fips140/aes/gcm",
		"crypto/internal/fips140/alias",
		"crypto/internal/fips140only",
		"crypto/subtle",
		"errors",
		"internal/byteorder",
		"io"
	],
	"Deps": [
		"bytes",
		"cmp",
		"crypto/fips140",
		"crypto/internal/constanttime",
		"crypto/internal/entropy/v1.0.0",
		"crypto/internal/fips140",
		"crypto/internal/fips140/aes",
		"crypto/internal/fips140/aes/gcm",
		"crypto/internal/fips140/alias",
		"crypto/internal/fips140/check",
		"crypto/internal/fips140/drbg",
		"crypto/internal/fips140/hmac",
		"crypto/internal/fips140/sha256",
		"crypto/internal/fips140/sha3",
		"crypto/internal/fips140/sha512",
		"crypto/internal/fips140/subtle",
		"crypto/internal/fips140deps/byteorder",
		"crypto/internal/fips140deps/cpu",
		"crypto/internal/fips140deps/godebug",
		"crypto/internal/fips140deps/time",
		"crypto/internal/fips140only",
		"crypto/internal/impl",
		"crypto/internal/sysrand",
		"crypto/subtle",
		"errors",
		"hash",
		"internal/abi",
		"internal/asan",
		"internal/bisect",
		"internal/bytealg",
		"internal/byteorder",
		"internal/chacha8rand",
		"internal/coverage/rtcov",
		"internal/cpu",
		"internal/filepathlite",
		"internal/goarch",
		"internal/godebug",
		"internal/godebugs",
		"internal/goexperiment",
		"internal/goos",
		"internal/msan",
		"internal/oserror",
		"internal/poll",
		"internal/profilerecord",
		"internal/race",
		"internal/reflectlite",
		"internal/runtime/atomic",
		"internal/runtime/exithook",
		"internal/runtime/gc",
		"internal/runtime/gc/scan",
		"internal/runtime/maps",
		"internal/runtime/math",
		"internal/runtime/pprof/label",
		"internal/runtime/sys",
		"internal/runtime/syscall/windows",
		"internal/strconv",
		"internal/stringslite",
		"internal/sync",
		"internal/synctest",
		"internal/syscall/execenv",
		"internal/syscall/windows",
		"internal/syscall/windows/registry",
		"internal/syscall/windows/sysdll",
		"internal/testlog",
		"internal/trace/tracev2",
		"internal/unsafeheader",
		"io",
		"io/fs",
		"iter",
		"math",
		"math/bits",
		"os",
		"path",
		"runtime",
		"slices",
		"strconv",
		"strings",
		"structs",
		"sync",
		"sync/atomic",
		"syscall",
		"time",
		"unicode",
		"unicode/utf16",
		"unicode/utf8",
		"unsafe"
	],
	"XTestGoFiles": [
		"benchmark_test.go",
		"cbc_aes_test.go",
		"cbc_aes_wycheproof_test.go",
		"cbc_test.go",
		"cfb_test.go",
		"common_test.go",
		"ctr_aes_test.go",
		"ctr_test.go",
		"example_test.go",
		"gcm_fips140v1.26_test.go",
		"gcm_test.go",
		"gcm_wycheproof_test.go",
		"modes_test.go",
		"ofb_test.go"
	],
	"XTestImports": [
		"bytes",
		"crypto/aes",
		"crypto/cipher",
		"crypto/des",
		"crypto/internal/boring",
		"crypto/internal/cryptotest",
		"crypto/internal/cryptotest/wycheproof",
		"crypto/internal/fips140",
		"crypto/internal/fips140/aes",
		"crypto/internal/fips140/aes/gcm",
		"crypto/rand",
		"encoding/binary",
		"encoding/hex",
		"errors",
		"fmt",
		"io",
		"math",
		"math/rand",
		"os",
		"reflect",
		"sort",
		"strconv",
		"strings",
		"testing",
		"time"
	]
}
{
	"Dir": "C:\\Program Files\\Go\\src\\crypto\\internal\\boring\\sig",
	"ImportPath": "crypto/internal/boring/sig",
	"Name": "sig",
	"Doc": "Package sig holds “code signatures” that can be called and will result in certain code sequences being linked into the final binary.",
	"Root": "C:\\Program Files\\Go",
	"Goroot": true,
	"Standard": true,
	"DepOnly": true,
	"GoFiles": [
		"sig.go"
	],
	"IgnoredOtherFiles": [
		"sig_other.s"
	],
	"SFiles": [
		"sig_amd64.s"
	]
}
{
	"Dir": "C:\\Program Files\\Go\\src\\crypto\\internal\\boring",
	"ImportPath": "crypto/internal/boring",
	"Name": "boring",
	"Doc": "Package boring provides access to BoringCrypto implementation functions.",
	"Root": "C:\\Program Files\\Go",
	"Goroot": true,
	"Standard": true,
	"DepOnly": true,
	"GoFiles": [
		"doc.go",
		"notboring.go"
	],
	"IgnoredGoFiles": [
		"aes.go",
		"boring.go",
		"ecdh.go",
		"ecdsa.go",
		"hmac.go",
		"rand.go",
		"rsa.go",
		"sha.go"
	],
	"IgnoredOtherFiles": [
		"div_test.c"
	],
	"HFiles": [
		"goboringcrypto.h"
	],
	"Imports": [
		"crypto",
		"crypto/cipher",
		"crypto/internal/boring/sig",
		"hash"
	],
	"Deps": [
		"bytes",
		"cmp",
		"crypto",
		"crypto/cipher",
		"crypto/fips140",
		"crypto/internal/boring/sig",
		"crypto/internal/constanttime",
		"crypto/internal/entropy/v1.0.0",
		"crypto/internal/fips140",
		"crypto/internal/fips140/aes",
		"crypto/internal/fips140/aes/gcm",
		"crypto/internal/fips140/alias",
		"crypto/internal/fips140/check",
		"crypto/internal/fips140/drbg",
		"crypto/internal/fips140/hmac",
		"crypto/internal/fips140/sha256",
		"crypto/internal/fips140/sha3",
		"crypto/internal/fips140/sha512",
		"crypto/internal/fips140/subtle",
		"crypto/internal/fips140deps/byteorder",
		"crypto/internal/fips140deps/cpu",
		"crypto/internal/fips140deps/godebug",
		"crypto/internal/fips140deps/time",
		"crypto/internal/fips140only",
		"crypto/internal/impl",
		"crypto/internal/sysrand",
		"crypto/subtle",
		"errors",
		"hash",
		"internal/abi",
		"internal/asan",
		"internal/bisect",
		"internal/bytealg",
		"internal/byteorder",
		"internal/chacha8rand",
		"internal/coverage/rtcov",
		"internal/cpu",
		"internal/filepathlite",
		"internal/goarch",
		"internal/godebug",
		"internal/godebugs",
		"internal/goexperiment",
		"internal/goos",
		"internal/msan",
		"internal/oserror",
		"internal/poll",
		"internal/profilerecord",
		"internal/race",
		"internal/reflectlite",
		"internal/runtime/atomic",
		"internal/runtime/exithook",
		"internal/runtime/gc",
		"internal/runtime/gc/scan",
		"internal/runtime/maps",
		"internal/runtime/math",
		"internal/runtime/pprof/label",
		"internal/runtime/sys",
		"internal/runtime/syscall/windows",
		"internal/strconv",
		"internal/stringslite",
		"internal/sync",
		"internal/synctest",
		"internal/syscall/execenv",
		"internal/syscall/windows",
		"internal/syscall/windows/registry",
		"internal/syscall/windows/sysdll",
		"internal/testlog",
		"internal/trace/tracev2",
		"internal/unsafeheader",
		"io",
		"io/fs",
		"iter",
		"math",
		"math/bits",
		"os",
		"path",
		"runtime",
		"slices",
		"strconv",
		"strings",
		"structs",
		"sync",
		"sync/atomic",
		"syscall",
		"time",
		"unicode",
		"unicode/utf16",
		"unicode/utf8",
		"unsafe"
	],
	"TestGoFiles": [
		"boring_test.go"
	],
	"TestImports": [
		"testing"
	]
}
{
	"Dir": "C:\\Program Files\\Go\\src\\crypto\\sha256",
	"ImportPath": "crypto/sha256",
	"Name": "sha256",
	"Doc": "Package sha256 implements the SHA224 and SHA256 hash algorithms as defined in FIPS 180-4.",
	"Root": "C:\\Program Files\\Go",
	"Goroot": true,
	"Standard": true,
	"DepOnly": true,
	"GoFiles": [
		"sha256.go"
	],
	"Imports": [
		"crypto",
		"crypto/internal/boring",
		"crypto/internal/fips140/sha256",
		"hash"
	],
	"Deps": [
		"bytes",
		"cmp",
		"crypto",
		"crypto/cipher",
		"crypto/fips140",
		"crypto/internal/boring",
		"crypto/internal/boring/sig",
		"crypto/internal/constanttime",
		"crypto/internal/entropy/v1.0.0",
		"crypto/internal/fips140",
		"crypto/internal/fips140/aes",
		"crypto/internal/fips140/aes/gcm",
		"crypto/internal/fips140/alias",
		"crypto/internal/fips140/check",
		"crypto/internal/fips140/drbg",
		"crypto/internal/fips140/hmac",
		"crypto/internal/fips140/sha256",
		"crypto/internal/fips140/sha3",
		"crypto/internal/fips140/sha512",
		"crypto/internal/fips140/subtle",
		"crypto/internal/fips140deps/byteorder",
		"crypto/internal/fips140deps/cpu",
		"crypto/internal/fips140deps/godebug",
		"crypto/internal/fips140deps/time",
		"crypto/internal/fips140only",
		"crypto/internal/impl",
		"crypto/internal/sysrand",
		"crypto/subtle",
		"errors",
		"hash",
		"internal/abi",
		"internal/asan",
		"internal/bisect",
		"internal/bytealg",
		"internal/byteorder",
		"internal/chacha8rand",
		"internal/coverage/rtcov",
		"internal/cpu",
		"internal/filepathlite",
		"internal/goarch",
		"internal/godebug",
		"internal/godebugs",
		"internal/goexperiment",
		"internal/goos",
		"internal/msan",
		"internal/oserror",
		"internal/poll",
		"internal/profilerecord",
		"internal/race",
		"internal/reflectlite",
		"internal/runtime/atomic",
		"internal/runtime/exithook",
		"internal/runtime/gc",
		"internal/runtime/gc/scan",
		"internal/runtime/maps",
		"internal/runtime/math",
		"internal/runtime/pprof/label",
		"internal/runtime/sys",
		"internal/runtime/syscall/windows",
		"internal/strconv",
		"internal/stringslite",
		"internal/sync",
		"internal/synctest",
		"internal/syscall/execenv",
		"internal/syscall/windows",
		"internal/syscall/windows/registry",
		"internal/syscall/windows/sysdll",
		"internal/testlog",
		"internal/trace/tracev2",
		"internal/unsafeheader",
		"io",
		"io/fs",
		"iter",
		"math",
		"math/bits",
		"os",
		"path",
		"runtime",
		"slices",
		"strconv",
		"strings",
		"structs",
		"sync",
		"sync/atomic",
		"syscall",
		"time",
		"unicode",
		"unicode/utf16",
		"unicode/utf8",
		"unsafe"
	],
	"TestGoFiles": [
		"sha256_test.go"
	],
	"TestImports": [
		"bytes",
		"crypto/internal/cryptotest",
		"encoding",
		"fmt",
		"hash",
		"io",
		"testing"
	],
	"XTestGoFiles": [
		"example_test.go"
	],
	"XTestImports": [
		"crypto/sha256",
		"fmt",
		"io",
		"log",
		"os"
	]
}
{
	"Dir": "C:\\Program Files\\Go\\src\\embed",
	"ImportPath": "embed",
	"Name": "embed",
	"Doc": "Package embed provides access to files embedded in the running Go program.",
	"Root": "C:\\Program Files\\Go",
	"Goroot": true,
	"Standard": true,
	"DepOnly": true,
	"GoFiles": [
		"embed.go"
	],
	"Imports": [
		"errors",
		"internal/bytealg",
		"internal/stringslite",
		"io",
		"io/fs",
		"time"
	],
	"Deps": [
		"cmp",
		"errors",
		"internal/abi",
		"internal/asan",
		"internal/bytealg",
		"internal/byteorder",
		"internal/chacha8rand",
		"internal/coverage/rtcov",
		"internal/cpu",
		"internal/goarch",
		"internal/godebugs",
		"internal/goexperiment",
		"internal/goos",
		"internal/msan",
		"internal/oserror",
		"internal/profilerecord",
		"internal/race",
		"internal/reflectlite",
		"internal/runtime/atomic",
		"internal/runtime/exithook",
		"internal/runtime/gc",
		"internal/runtime/gc/scan",
		"internal/runtime/maps",
		"internal/runtime/math",
		"internal/runtime/pprof/label",
		"internal/runtime/sys",
		"internal/runtime/syscall/windows",
		"internal/strconv",
		"internal/stringslite",
		"internal/sync",
		"internal/synctest",
		"internal/syscall/windows/registry",
		"internal/syscall/windows/sysdll",
		"internal/trace/tracev2",
		"internal/unsafeheader",
		"io",
		"io/fs",
		"iter",
		"math/bits",
		"path",
		"runtime",
		"slices",
		"sync",
		"sync/atomic",
		"syscall",
		"time",
		"unicode/utf16",
		"unicode/utf8",
		"unsafe"
	],
	"XTestGoFiles": [
		"example_test.go"
	],
	"XTestImports": [
		"embed",
		"log",
		"net/http"
	],
	"XTestEmbedPatterns": [
		"internal/embedtest/testdata/*.txt"
	]
}
{
	"Dir": "C:\\Program Files\\Go\\src\\encoding",
	"ImportPath": "encoding",
	"Name": "encoding",
	"Doc": "Package encoding defines interfaces shared by other packages that convert data to and from byte-level and textual representations.",
	"Root": "C:\\Program Files\\Go",
	"Goroot": true,
	"Standard": true,
	"DepOnly": true,
	"GoFiles": [
		"encoding.go"
	]
}
{
	"Dir": "C:\\Program Files\\Go\\src\\internal\\saferio",
	"ImportPath": "internal/saferio",
	"Name": "saferio",
	"Doc": "Package saferio provides I/O functions that avoid allocating large amounts of memory unnecessarily.",
	"Root": "C:\\Program Files\\Go",
	"Goroot": true,
	"Standard": true,
	"DepOnly": true,
	"GoFiles": [
		"io.go"
	],
	"Imports": [
		"io",
		"unsafe"
	],
	"Deps": [
		"errors",
		"internal/abi",
		"internal/asan",
		"internal/bytealg",
		"internal/byteorder",
		"internal/chacha8rand",
		"internal/coverage/rtcov",
		"internal/cpu",
		"internal/goarch",
		"internal/godebugs",
		"internal/goexperiment",
		"internal/goos",
		"internal/msan",
		"internal/profilerecord",
		"internal/race",
		"internal/reflectlite",
		"internal/runtime/atomic",
		"internal/runtime/exithook",
		"internal/runtime/gc",
		"internal/runtime/gc/scan",
		"internal/runtime/maps",
		"internal/runtime/math",
		"internal/runtime/pprof/label",
		"internal/runtime/sys",
		"internal/runtime/syscall/windows",
		"internal/strconv",
		"internal/stringslite",
		"internal/sync",
		"internal/synctest",
		"internal/trace/tracev2",
		"internal/unsafeheader",
		"io",
		"math/bits",
		"runtime",
		"sync",
		"sync/atomic",
		"unsafe"
	],
	"TestGoFiles": [
		"io_test.go"
	],
	"TestImports": [
		"bytes",
		"io",
		"testing"
	]
}
{
	"Dir": "C:\\Program Files\\Go\\src\\maps",
	"ImportPath": "maps",
	"Name": "maps",
	"Doc": "Package maps defines various functions useful with maps of any type.",
	"Root": "C:\\Program Files\\Go",
	"Goroot": true,
	"Standard": true,
	"DepOnly": true,
	"GoFiles": [
		"iter.go",
		"maps.go"
	],
	"Imports": [
		"iter",
		"unsafe"
	],
	"Deps": [
		"internal/abi",
		"internal/asan",
		"internal/bytealg",
		"internal/byteorder",
		"internal/chacha8rand",
		"internal/coverage/rtcov",
		"internal/cpu",
		"internal/goarch",
		"internal/godebugs",
		"internal/goexperiment",
		"internal/goos",
		"internal/msan",
		"internal/profilerecord",
		"internal/race",
		"internal/runtime/atomic",
		"internal/runtime/exithook",
		"internal/runtime/gc",
		"internal/runtime/gc/scan",
		"internal/runtime/maps",
		"internal/runtime/math",
		"internal/runtime/pprof/label",
		"internal/runtime/sys",
		"internal/runtime/syscall/windows",
		"internal/strconv",
		"internal/stringslite",
		"internal/trace/tracev2",
		"iter",
		"math/bits",
		"runtime",
		"unsafe"
	],
	"TestGoFiles": [
		"iter_test.go",
		"maps_test.go"
	],
	"TestImports": [
		"math",
		"slices",
		"strconv",
		"testing"
	],
	"XTestGoFiles": [
		"example_test.go"
	],
	"XTestImports": [
		"fmt",
		"maps",
		"slices",
		"strings"
	]
}
{
	"Dir": "C:\\Program Files\\Go\\src\\encoding\\gob",
	"ImportPath": "encoding/gob",
	"Name": "gob",
	"Doc": "Package gob manages streams of gobs - binary values exchanged between an [Encoder] (transmitter) and a [Decoder] (receiver).",
	"Root": "C:\\Program Files\\Go",
	"Goroot": true,
	"Standard": true,
	"DepOnly": true,
	"GoFiles": [
		"dec_helpers.go",
		"decode.go",
		"decoder.go",
		"doc.go",
		"enc_helpers.go",
		"encode.go",
		"encoder.go",
		"error.go",
		"type.go"
	],
	"IgnoredGoFiles": [
		"debug.go",
		"decgen.go",
		"dump.go",
		"encgen.go"
	],
	"Imports": [
		"bufio",
		"encoding",
		"encoding/binary",
		"errors",
		"fmt",
		"internal/saferio",
		"io",
		"maps",
		"math",
		"math/bits",
		"os",
		"reflect",
		"sync",
		"sync/atomic",
		"unicode",
		"unicode/utf8"
	],
	"Deps": [
		"bufio",
		"bytes",
		"cmp",
		"encoding",
		"encoding/binary",
		"errors",
		"fmt",
		"internal/abi",
		"internal/asan",
		"internal/bisect",
		"internal/bytealg",
		"internal/byteorder",
		"internal/chacha8rand",
		"internal/coverage/rtcov",
		"internal/cpu",
		"internal/filepathlite",
		"internal/fmtsort",
		"internal/goarch",
		"internal/godebug",
		"internal/godebugs",
		"internal/goexperiment",
		"internal/goos",
		"internal/msan",
		"internal/oserror",
		"internal/poll",
		"internal/profilerecord",
		"internal/race",
		"internal/reflectlite",
		"internal/runtime/atomic",
		"internal/runtime/exithook",
		"internal/runtime/gc",
		"internal/runtime/gc/scan",
		"internal/runtime/maps",
		"internal/runtime/math",
		"internal/runtime/pprof/label",
		"internal/runtime/sys",
		"internal/runtime/syscall/windows",
		"internal/saferio",
		"internal/strconv",
		"internal/stringslite",
		"internal/sync",
		"internal/synctest",
		"internal/syscall/execenv",
		"internal/syscall/windows",
		"internal/syscall/windows/registry",
		"internal/syscall/windows/sysdll",
		"internal/testlog",
		"internal/trace/tracev2",
		"internal/unsafeheader",
		"io",
		"io/fs",
		"iter",
		"maps",
		"math",
		"math/bits",
		"os",
		"path",
		"reflect",
		"runtime",
		"slices",
		"strconv",
		"strings",
		"structs",
		"sync",
		"sync/atomic",
		"syscall",
		"time",
		"unicode",
		"unicode/utf16",
		"unicode/utf8",
		"unsafe"
	],
	"TestGoFiles": [
		"codec_test.go",
		"encoder_test.go",
		"gobencdec_test.go",
		"timing_test.go",
		"type_test.go"
	],
	"TestImports": [
		"bytes",
		"cmp",
		"encoding/hex",
		"errors",
		"flag",
		"fmt",
		"io",
		"maps",
		"math",
		"math/rand",
		"net",
		"os",
		"reflect",
		"runtime",
		"slices",
		"strings",
		"sync",
		"testing",
		"time",
		"unsafe"
	],
	"XTestGoFiles": [
		"example_encdec_test.go",
		"example_interface_test.go",
		"example_test.go"
	],
	"XTestImports": [
		"bytes",
		"encoding/gob",
		"fmt",
		"log",
		"math"
	]
}
{
	"Dir": "C:\\Program Files\\Go\\src\\encoding\\json\\internal",
	"ImportPath": "encoding/json/internal",
	"Name": "internal",
	"Root": "C:\\Program Files\\Go",
	"Goroot": true,
	"Standard": true,
	"DepOnly": true,
	"GoFiles": [
		"internal.go"
	],
	"Imports": [
		"errors"
	],
	"Deps": [
		"errors",
		"internal/abi",
		"internal/asan",
		"internal/bytealg",
		"internal/byteorder",
		"internal/chacha8rand",
		"internal/coverage/rtcov",
		"internal/cpu",
		"internal/goarch",
		"internal/godebugs",
		"internal/goexperiment",
		"internal/goos",
		"internal/msan",
		"internal/profilerecord",
		"internal/race",
		"internal/reflectlite",
		"internal/runtime/atomic",
		"internal/runtime/exithook",
		"internal/runtime/gc",
		"internal/runtime/gc/scan",
		"internal/runtime/maps",
		"internal/runtime/math",
		"internal/runtime/pprof/label",
		"internal/runtime/sys",
		"internal/runtime/syscall/windows",
		"internal/strconv",
		"internal/stringslite",
		"internal/trace/tracev2",
		"internal/unsafeheader",
		"math/bits",
		"runtime",
		"unsafe"
	]
}
{
	"Dir": "C:\\Program Files\\Go\\src\\encoding\\json\\internal\\jsonflags",
	"ImportPath": "encoding/json/internal/jsonflags",
	"Name": "jsonflags",
	"Doc": "jsonflags implements all the optional boolean flags.",
	"Root": "C:\\Program Files\\Go",
	"Goroot": true,
	"Standard": true,
	"DepOnly": true,
	"GoFiles": [
		"flags.go"
	],
	"Imports": [
		"encoding/json/internal"
	],
	"Deps": [
		"encoding/json/internal",
		"errors",
		"internal/abi",
		"internal/asan",
		"internal/bytealg",
		"internal/byteorder",
		"internal/chacha8rand",
		"internal/coverage/rtcov",
		"internal/cpu",
		"internal/goarch",
		"internal/godebugs",
		"internal/goexperiment",
		"internal/goos",
		"internal/msan",
		"internal/profilerecord",
		"internal/race",
		"internal/reflectlite",
		"internal/runtime/atomic",
		"internal/runtime/exithook",
		"internal/runtime/gc",
		"internal/runtime/gc/scan",
		"internal/runtime/maps",
		"internal/runtime/math",
		"internal/runtime/pprof/label",
		"internal/runtime/sys",
		"internal/runtime/syscall/windows",
		"internal/strconv",
		"internal/stringslite",
		"internal/trace/tracev2",
		"internal/unsafeheader",
		"math/bits",
		"runtime",
		"unsafe"
	],
	"TestGoFiles": [
		"flags_test.go"
	],
	"TestImports": [
		"testing"
	]
}
{
	"Dir": "C:\\Program Files\\Go\\src\\encoding\\json\\internal\\jsonopts",
	"ImportPath": "encoding/json/internal/jsonopts",
	"Name": "jsonopts",
	"Root": "C:\\Program Files\\Go",
	"Goroot": true,
	"Standard": true,
	"DepOnly": true,
	"GoFiles": [
		"options.go",
		"options_format.go"
	],
	"Imports": [
		"encoding/json/internal",
		"encoding/json/internal/jsonflags"
	],
	"Deps": [
		"encoding/json/internal",
		"encoding/json/internal/jsonflags",
		"errors",
		"internal/abi",
		"internal/asan",
		"internal/bytealg",
		"internal/byteorder",
		"internal/chacha8rand",
		"internal/coverage/rtcov",
		"internal/cpu",
		"internal/goarch",
		"internal/godebugs",
		"internal/goexperiment",
		"internal/goos",
		"internal/msan",
		"internal/profilerecord",
		"internal/race",
		"internal/reflectlite",
		"internal/runtime/atomic",
		"internal/runtime/exithook",
		"internal/runtime/gc",
		"internal/runtime/gc/scan",
		"internal/runtime/maps",
		"internal/runtime/math",
		"internal/runtime/pprof/label",
		"internal/runtime/sys",
		"internal/runtime/syscall/windows",
		"internal/strconv",
		"internal/stringslite",
		"internal/trace/tracev2",
		"internal/unsafeheader",
		"math/bits",
		"runtime",
		"unsafe"
	],
	"XTestGoFiles": [
		"options_test.go"
	],
	"XTestImports": [
		"encoding/json/internal/jsonflags",
		"encoding/json/internal/jsonopts",
		"encoding/json/jsontext",
		"encoding/json/v2",
		"reflect",
		"testing"
	]
}
{
	"Dir": "C:\\Program Files\\Go\\src\\encoding\\json\\internal\\jsonwire",
	"ImportPath": "encoding/json/internal/jsonwire",
	"Name": "jsonwire",
	"Doc": "Package jsonwire implements stateless functionality for handling JSON text.",
	"Root": "C:\\Program Files\\Go",
	"Goroot": true,
	"Standard": true,
	"DepOnly": true,
	"GoFiles": [
		"decode.go",
		"encode.go",
		"wire.go"
	],
	"Imports": [
		"cmp",
		"encoding/json/internal/jsonflags",
		"errors",
		"io",
		"math",
		"slices",
		"strconv",
		"strings",
		"unicode",
		"unicode/utf16",
		"unicode/utf8"
	],
	"Deps": [
		"cmp",
		"encoding/json/internal",
		"encoding/json/internal/jsonflags",
		"errors",
		"internal/abi",
		"internal/asan",
		"internal/bytealg",
		"internal/byteorder",
		"internal/chacha8rand",
		"internal/coverage/rtcov",
		"internal/cpu",
		"internal/goarch",
		"internal/godebugs",
		"internal/goexperiment",
		"internal/goos",
		"internal/msan",
		"internal/profilerecord",
		"internal/race",
		"internal/reflectlite",
		"internal/runtime/atomic",
		"internal/runtime/exithook",
		"internal/runtime/gc",
		"internal/runtime/gc/scan",
		"internal/runtime/maps",
		"internal/runtime/math",
		"internal/runtime/pprof/label",
		"internal/runtime/sys",
		"internal/runtime/syscall/windows",
		"internal/strconv",
		"internal/stringslite",
		"internal/sync",
		"internal/synctest",
		"internal/trace/tracev2",
		"internal/unsafeheader",
		"io",
		"iter",
		"math",
		"math/bits",
		"runtime",
		"slices",
		"strconv",
		"strings",
		"sync",
		"sync/atomic",
		"unicode",
		"unicode/utf16",
		"unicode/utf8",
		"unsafe"
	],
	"TestGoFiles": [
		"decode_test.go",
		"encode_test.go",
		"wire_test.go"
	],
	"TestImports": [
		"bufio",
		"bytes",
		"cmp",
		"compress/gzip",
		"crypto/sha256",
		"encoding/binary",
		"encoding/hex",
		"encoding/json/internal/jsonflags",
		"errors",
		"flag",
		"io",
		"math",
		"net/http",
		"reflect",
		"slices",
		"strconv",
		"strings",
		"testing",
		"time",
		"unicode/utf16",
		"unicode/utf8"
	]
}
{
	"Dir": "C:\\Program Files\\Go\\src\\encoding\\json\\jsontext",
	"ImportPath": "encoding/json/jsontext",
	"Name": "jsontext",
	"Doc": "Package jsontext implements syntactic processing of JSON as specified in RFC 4627, RFC 7159, RFC 7493, RFC 8259, and RFC 8785.",
	"Root": "C:\\Program Files\\Go",
	"Goroot": true,
	"Standard": true,
	"DepOnly": true,
	"GoFiles": [
		"decode.go",
		"doc.go",
		"encode.go",
		"errors.go",
		"export.go",
		"options.go",
		"pools.go",
		"quote.go",
		"state.go",
		"token.go",
		"value.go"
	],
	"Imports": [
		"bytes",
		"encoding/json/internal",
		"encoding/json/internal/jsonflags",
		"encoding/json/internal/jsonopts",
		"encoding/json/internal/jsonwire",
		"errors",
		"io",
		"iter",
		"math",
		"math/bits",
		"slices",
		"strconv",
		"strings",
		"sync",
		"unicode/utf8"
	],
	"Deps": [
		"bytes",
		"cmp",
		"encoding/json/internal",
		"encoding/json/internal/jsonflags",
		"encoding/json/internal/jsonopts",
		"encoding/json/internal/jsonwire",
		"errors",
		"internal/abi",
		"internal/asan",
		"internal/bytealg",
		"internal/byteorder",
		"internal/chacha8rand",
		"internal/coverage/rtcov",
		"internal/cpu",
		"internal/goarch",
		"internal/godebugs",
		"internal/goexperiment",
		"internal/goos",
		"internal/msan",
		"internal/profilerecord",
		"internal/race",
		"internal/reflectlite",
		"internal/runtime/atomic",
		"internal/runtime/exithook",
		"internal/runtime/gc",
		"internal/runtime/gc/scan",
		"internal/runtime/maps",
		"internal/runtime/math",
		"internal/runtime/pprof/label",
		"internal/runtime/sys",
		"internal/runtime/syscall/windows",
		"internal/strconv",
		"internal/stringslite",
		"internal/sync",
		"internal/synctest",
		"internal/trace/tracev2",
		"internal/unsafeheader",
		"io",
		"iter",
		"math",
		"math/bits",
		"runtime",
		"slices",
		"strconv",
		"strings",
		"sync",
		"sync/atomic",
		"unicode",
		"unicode/utf16",
		"unicode/utf8",
		"unsafe"
	],
	"TestGoFiles": [
		"coder_test.go",
		"decode_test.go",
		"encode_test.go",
		"fuzz_test.go",
		"state_test.go",
		"token_test.go",
		"value_test.go"
	],
	"TestImports": [
		"bytes",
		"encoding/json/internal/jsonflags",
		"encoding/json/internal/jsontest",
		"encoding/json/internal/jsonwire",
		"errors",
		"fmt",
		"internal/testenv",
		"io",
		"math",
		"math/rand",
		"net",
		"path",
		"reflect",
		"slices",
		"strconv",
		"strings",
		"testing",
		"testing/iotest",
		"unicode/utf8"
	],
	"XTestGoFiles": [
		"example_test.go"
	],
	"XTestImports": [
		"bytes",
		"encoding/json/jsontext",
		"encoding/json/v2",
		"fmt",
		"io",
		"log",
		"strings"
	]
}
{
	"Dir": "C:\\Program Files\\Go\\src\\encoding\\base32",
	"ImportPath": "encoding/base32",
	"Name": "base32",
	"Doc": "Package base32 implements base32 encoding as specified by RFC 4648.",
	"Root": "C:\\Program Files\\Go",
	"Goroot": true,
	"Standard": true,
	"DepOnly": true,
	"GoFiles": [
		"base32.go"
	],
	"Imports": [
		"io",
		"slices",
		"strconv"
	],
	"Deps": [
		"cmp",
		"errors",
		"internal/abi",
		"internal/asan",
		"internal/bytealg",
		"internal/byteorder",
		"internal/chacha8rand",
		"internal/coverage/rtcov",
		"internal/cpu",
		"internal/goarch",
		"internal/godebugs",
		"internal/goexperiment",
		"internal/goos",
		"internal/msan",
		"internal/profilerecord",
		"internal/race",
		"internal/reflectlite",
		"internal/runtime/atomic",
		"internal/runtime/exithook",
		"internal/runtime/gc",
		"internal/runtime/gc/scan",
		"internal/runtime/maps",
		"internal/runtime/math",
		"internal/runtime/pprof/label",
		"internal/runtime/sys",
		"internal/runtime/syscall/windows",
		"internal/strconv",
		"internal/stringslite",
		"internal/sync",
		"internal/synctest",
		"internal/trace/tracev2",
		"internal/unsafeheader",
		"io",
		"iter",
		"math/bits",
		"runtime",
		"slices",
		"strconv",
		"sync",
		"sync/atomic",
		"unicode/utf8",
		"unsafe"
	],
	"TestGoFiles": [
		"base32_test.go"
	],
	"TestImports": [
		"bytes",
		"errors",
		"io",
		"math",
		"strconv",
		"strings",
		"testing"
	],
	"XTestGoFiles": [
		"example_test.go"
	],
	"XTestImports": [
		"encoding/base32",
		"fmt",
		"os"
	]
}
{
	"Dir": "C:\\Program Files\\Go\\src\\encoding\\base64",
	"ImportPath": "encoding/base64",
	"Name": "base64",
	"Doc": "Package base64 implements base64 encoding as specified by RFC 4648.",
	"Root": "C:\\Program Files\\Go",
	"Goroot": true,
	"Standard": true,
	"DepOnly": true,
	"GoFiles": [
		"base64.go"
	],
	"Imports": [
		"internal/byteorder",
		"io",
		"slices",
		"strconv"
	],
	"Deps": [
		"cmp",
		"errors",
		"internal/abi",
		"internal/asan",
		"internal/bytealg",
		"internal/byteorder",
		"internal/chacha8rand",
		"internal/coverage/rtcov",
		"internal/cpu",
		"internal/goarch",
		"internal/godebugs",
		"internal/goexperiment",
		"internal/goos",
		"internal/msan",
		"internal/profilerecord",
		"internal/race",
		"internal/reflectlite",
		"internal/runtime/atomic",
		"internal/runtime/exithook",
		"internal/runtime/gc",
		"internal/runtime/gc/scan",
		"internal/runtime/maps",
		"internal/runtime/math",
		"internal/runtime/pprof/label",
		"internal/runtime/sys",
		"internal/runtime/syscall/windows",
		"internal/strconv",
		"internal/stringslite",
		"internal/sync",
		"internal/synctest",
		"internal/trace/tracev2",
		"internal/unsafeheader",
		"io",
		"iter",
		"math/bits",
		"runtime",
		"slices",
		"strconv",
		"sync",
		"sync/atomic",
		"unicode/utf8",
		"unsafe"
	],
	"TestGoFiles": [
		"base64_test.go"
	],
	"TestImports": [
		"bytes",
		"errors",
		"fmt",
		"io",
		"math",
		"reflect",
		"runtime/debug",
		"strconv",
		"strings",
		"testing",
		"time"
	],
	"XTestGoFiles": [
		"example_test.go"
	],
	"XTestImports": [
		"encoding/base64",
		"fmt",
		"os"
	]
}
{
	"Dir": "C:\\Program Files\\Go\\src\\encoding\\hex",
	"ImportPath": "encoding/hex",
	"Name": "hex",
	"Doc": "Package hex implements hexadecimal encoding and decoding.",
	"Root": "C:\\Program Files\\Go",
	"Goroot": true,
	"Standard": true,
	"DepOnly": true,
	"GoFiles": [
		"hex.go"
	],
	"Imports": [
		"errors",
		"fmt",
		"io",
		"slices",
		"strings"
	],
	"Deps": [
		"cmp",
		"errors",
		"fmt",
		"internal/abi",
		"internal/asan",
		"internal/bisect",
		"internal/bytealg",
		"internal/byteorder",
		"internal/chacha8rand",
		"internal/coverage/rtcov",
		"internal/cpu",
		"internal/filepathlite",
		"internal/fmtsort",
		"internal/goarch",
		"internal/godebug",
		"internal/godebugs",
		"internal/goexperiment",
		"internal/goos",
		"internal/msan",
		"internal/oserror",
		"internal/poll",
		"internal/profilerecord",
		"internal/race",
		"internal/reflectlite",
		"internal/runtime/atomic",
		"internal/runtime/exithook",
		"internal/runtime/gc",
		"internal/runtime/gc/scan",
		"internal/runtime/maps",
		"internal/runtime/math",
		"internal/runtime/pprof/label",
		"internal/runtime/sys",
		"internal/runtime/syscall/windows",
		"internal/strconv",
		"internal/stringslite",
		"internal/sync",
		"internal/synctest",
		"internal/syscall/execenv",
		"internal/syscall/windows",
		"internal/syscall/windows/registry",
		"internal/syscall/windows/sysdll",
		"internal/testlog",
		"internal/trace/tracev2",
		"internal/unsafeheader",
		"io",
		"io/fs",
		"iter",
		"math",
		"math/bits",
		"os",
		"path",
		"reflect",
		"runtime",
		"slices",
		"strconv",
		"strings",
		"structs",
		"sync",
		"sync/atomic",
		"syscall",
		"time",
		"unicode",
		"unicode/utf16",
		"unicode/utf8",
		"unsafe"
	],
	"TestGoFiles": [
		"hex_test.go"
	],
	"TestImports": [
		"bytes",
		"fmt",
		"io",
		"strings",
		"testing"
	],
	"XTestGoFiles": [
		"example_test.go"
	],
	"XTestImports": [
		"encoding/hex",
		"fmt",
		"log",
		"os"
	]
}
{
	"Dir": "C:\\Program Files\\Go\\src\\encoding\\json\\v2",
	"ImportPath": "encoding/json/v2",
	"Name": "json",
	"Doc": "Package json implements semantic processing of JSON as specified in RFC 8259.",
	"Root": "C:\\Program Files\\Go",
	"Goroot": true,
	"Standard": true,
	"DepOnly": true,
	"GoFiles": [
		"arshal.go",
		"arshal_any.go",
		"arshal_default.go",
		"arshal_embedded.go",
		"arshal_funcs.go",
		"arshal_methods.go",
		"arshal_time.go",
		"doc.go",
		"errors.go",
		"fields.go",
		"fold.go",
		"intern.go",
		"options.go"
	],
	"Imports": [
		"bytes",
		"cmp",
		"encoding",
		"encoding/base32",
		"encoding/base64",
		"encoding/binary",
		"encoding/hex",
		"encoding/json/internal",
		"encoding/json/internal/jsonflags",
		"encoding/json/internal/jsonopts",
		"encoding/json/internal/jsonwire",
		"encoding/json/jsontext",
		"errors",
		"fmt",
		"io",
		"math",
		"math/bits",
		"reflect",
		"slices",
		"strconv",
		"strings",
		"sync",
		"time",
		"unicode",
		"unicode/utf8"
	],
	"Deps": [
		"bytes",
		"cmp",
		"encoding",
		"encoding/base32",
		"encoding/base64",
		"encoding/binary",
		"encoding/hex",
		"encoding/json/internal",
		"encoding/json/internal/jsonflags",
		"encoding/json/internal/jsonopts",
		"encoding/json/internal/jsonwire",
		"encoding/json/jsontext",
		"errors",
		"fmt",
		"internal/abi",
		"internal/asan",
		"internal/bisect",
		"internal/bytealg",
		"internal/byteorder",
		"internal/chacha8rand",
		"internal/coverage/rtcov",
		"internal/cpu",
		"internal/filepathlite",
		"internal/fmtsort",
		"internal/goarch",
		"internal/godebug",
		"internal/godebugs",
		"internal/goexperiment",
		"internal/goos",
		"internal/msan",
		"internal/oserror",
		"internal/poll",
		"internal/profilerecord",
		"internal/race",
		"internal/reflectlite",
		"internal/runtime/atomic",
		"internal/runtime/exithook",
		"internal/runtime/gc",
		"internal/runtime/gc/scan",
		"internal/runtime/maps",
		"internal/runtime/math",
		"internal/runtime/pprof/label",
		"internal/runtime/sys",
		"internal/runtime/syscall/windows",
		"internal/strconv",
		"internal/stringslite",
		"internal/sync",
		"internal/synctest",
		"internal/syscall/execenv",
		"internal/syscall/windows",
		"internal/syscall/windows/registry",
		"internal/syscall/windows/sysdll",
		"internal/testlog",
		"internal/trace/tracev2",
		"internal/unsafeheader",
		"io",
		"io/fs",
		"iter",
		"math",
		"math/bits",
		"os",
		"path",
		"reflect",
		"runtime",
		"slices",
		"strconv",
		"strings",
		"structs",
		"sync",
		"sync/atomic",
		"syscall",
		"time",
		"unicode",
		"unicode/utf16",
		"unicode/utf8",
		"unsafe"
	],
	"TestGoFiles": [
		"arshal_test.go",
		"arshal_time_test.go",
		"errors_test.go",
		"fields_test.go",
		"fold_test.go",
		"fuzz_test.go",
		"inline_test.go",
		"intern_test.go"
	],
	"TestImports": [
		"archive/tar",
		"bytes",
		"encoding",
		"encoding/base32",
		"encoding/base64",
		"encoding/hex",
		"encoding/json/internal",
		"encoding/json/internal/jsonflags",
		"encoding/json/internal/jsonopts",
		"encoding/json/internal/jsontest",
		"encoding/json/internal/jsonwire",
		"encoding/json/jsontext",
		"errors",
		"fmt",
		"io",
		"math",
		"net",
		"net/netip",
		"os",
		"os/exec",
		"reflect",
		"strconv",
		"strings",
		"testing",
		"time",
		"unicode"
	],
	"XTestGoFiles": [
		"bench_test.go",
		"example_marshaljson_test.go",
		"example_orderedobject_test.go",
		"example_test.go"
	],
	"XTestImports": [
		"bytes",
		"cmp",
		"encoding/json",
		"encoding/json/internal/jsontest",
		"encoding/json/jsontext",
		"encoding/json/v2",
		"errors",
		"fmt",
		"io",
		"log",
		"maps",
		"net/http",
		"net/netip",
		"os",
		"path",
		"reflect",
		"slices",
		"strconv",
		"strings",
		"sync/atomic",
		"testing",
		"testing/iotest",
		"time"
	]
}
{
	"Dir": "C:\\Program Files\\Go\\src\\encoding\\json",
	"ImportPath": "encoding/json",
	"Name": "json",
	"Doc": "Package json implements encoding and decoding of JSON as defined in RFC 7159.",
	"Root": "C:\\Program Files\\Go",
	"Goroot": true,
	"Standard": true,
	"DepOnly": true,
	"GoFiles": [
		"v2_decode.go",
		"v2_encode.go",
		"v2_indent.go",
		"v2_inject.go",
		"v2_options.go",
		"v2_scanner.go",
		"v2_stream.go"
	],
	"IgnoredGoFiles": [
		"bench_test.go",
		"decode.go",
		"decode_test.go",
		"encode.go",
		"encode_test.go",
		"example_marshaling_test.go",
		"example_test.go",
		"example_text_marshaling_test.go",
		"fold.go",
		"fold_test.go",
		"fuzz_test.go",
		"indent.go",
		"number_test.go",
		"scanner.go",
		"scanner_test.go",
		"stream.go",
		"stream_test.go",
		"tables.go",
		"tagkey_test.go",
		"tags.go",
		"tags_test.go"
	],
	"Imports": [
		"bytes",
		"cmp",
		"encoding",
		"encoding/json/internal",
		"encoding/json/internal/jsonflags",
		"encoding/json/internal/jsonopts",
		"encoding/json/internal/jsonwire",
		"encoding/json/jsontext",
		"encoding/json/v2",
		"errors",
		"fmt",
		"io",
		"reflect",
		"strconv",
		"strings"
	],
	"Deps": [
		"bytes",
		"cmp",
		"encoding",
		"encoding/base32",
		"encoding/base64",
		"encoding/binary",
		"encoding/hex",
		"encoding/json/internal",
		"encoding/json/internal/jsonflags",
		"encoding/json/internal/jsonopts",
		"encoding/json/internal/jsonwire",
		"encoding/json/jsontext",
		"encoding/json/v2",
		"errors",
		"fmt",
		"internal/abi",
		"internal/asan",
		"internal/bisect",
		"internal/bytealg",
		"internal/byteorder",
		"internal/chacha8rand",
		"internal/coverage/rtcov",
		"internal/cpu",
		"internal/filepathlite",
		"internal/fmtsort",
		"internal/goarch",
		"internal/godebug",
		"internal/godebugs",
		"internal/goexperiment",
		"internal/goos",
		"internal/msan",
		"internal/oserror",
		"internal/poll",
		"internal/profilerecord",
		"internal/race",
		"internal/reflectlite",
		"internal/runtime/atomic",
		"internal/runtime/exithook",
		"internal/runtime/gc",
		"internal/runtime/gc/scan",
		"internal/runtime/maps",
		"internal/runtime/math",
		"internal/runtime/pprof/label",
		"internal/runtime/sys",
		"internal/runtime/syscall/windows",
		"internal/strconv",
		"internal/stringslite",
		"internal/sync",
		"internal/synctest",
		"internal/syscall/execenv",
		"internal/syscall/windows",
		"internal/syscall/windows/registry",
		"internal/syscall/windows/sysdll",
		"internal/testlog",
		"internal/trace/tracev2",
		"internal/unsafeheader",
		"io",
		"io/fs",
		"iter",
		"math",
		"math/bits",
		"os",
		"path",
		"reflect",
		"runtime",
		"slices",
		"strconv",
		"strings",
		"structs",
		"sync",
		"sync/atomic",
		"syscall",
		"time",
		"unicode",
		"unicode/utf16",
		"unicode/utf8",
		"unsafe"
	],
	"TestGoFiles": [
		"v2_bench_test.go",
		"v2_decode_test.go",
		"v2_encode_test.go",
		"v2_fuzz_test.go",
		"v2_scanner_test.go",
		"v2_stream_test.go",
		"v2_tagkey_test.go"
	],
	"TestImports": [
		"bytes",
		"crypto/sha256",
		"encoding",
		"encoding/json/internal/jsontest",
		"errors",
		"fmt",
		"image",
		"io",
		"log",
		"maps",
		"math",
		"math/big",
		"math/rand",
		"net",
		"net/http",
		"net/http/httptest",
		"reflect",
		"regexp",
		"runtime/debug",
		"slices",
		"strconv",
		"strings",
		"sync",
		"testing",
		"testing/synctest",
		"time"
	],
	"XTestGoFiles": [
		"v2_diff_test.go",
		"v2_example_marshaling_test.go",
		"v2_example_test.go",
		"v2_example_text_marshaling_test.go"
	],
	"XTestImports": [
		"bytes",
		"encoding/json",
		"encoding/json/jsontext",
		"encoding/json/v2",
		"errors",
		"fmt",
		"io",
		"log",
		"os",
		"path",
		"reflect",
		"strings",
		"testing",
		"time"
	]
}
{
	"Dir": "C:\\Program Files\\Go\\src\\sort",
	"ImportPath": "sort",
	"Name": "sort",
	"Doc": "Package sort provides primitives for sorting slices and user-defined collections.",
	"Root": "C:\\Program Files\\Go",
	"Goroot": true,
	"Standard": true,
	"DepOnly": true,
	"GoFiles": [
		"search.go",
		"slice.go",
		"sort.go",
		"zsortfunc.go",
		"zsortinterface.go"
	],
	"IgnoredGoFiles": [
		"gen_sort_variants.go"
	],
	"Imports": [
		"internal/reflectlite",
		"math/bits",
		"slices"
	],
	"Deps": [
		"cmp",
		"internal/abi",
		"internal/asan",
		"internal/bytealg",
		"internal/byteorder",
		"internal/chacha8rand",
		"internal/coverage/rtcov",
		"internal/cpu",
		"internal/goarch",
		"internal/godebugs",
		"internal/goexperiment",
		"internal/goos",
		"internal/msan",
		"internal/profilerecord",
		"internal/race",
		"internal/reflectlite",
		"internal/runtime/atomic",
		"internal/runtime/exithook",
		"internal/runtime/gc",
		"internal/runtime/gc/scan",
		"internal/runtime/maps",
		"internal/runtime/math",
		"internal/runtime/pprof/label",
		"internal/runtime/sys",
		"internal/runtime/syscall/windows",
		"internal/strconv",
		"internal/stringslite",
		"internal/trace/tracev2",
		"internal/unsafeheader",
		"iter",
		"math/bits",
		"runtime",
		"slices",
		"unsafe"
	],
	"TestGoFiles": [
		"export_test.go"
	],
	"XTestGoFiles": [
		"example_interface_test.go",
		"example_keys_test.go",
		"example_multi_test.go",
		"example_search_test.go",
		"example_test.go",
		"example_wrapper_test.go",
		"search_test.go",
		"sort_slices_benchmark_test.go",
		"sort_test.go"
	],
	"XTestImports": [
		"cmp",
		"fmt",
		"internal/testenv",
		"math",
		"math/bits",
		"math/rand/v2",
		"runtime",
		"slices",
		"sort",
		"strconv",
		"strings",
		"testing"
	]
}
{
	"Dir": "C:\\Program Files\\Go\\src\\regexp\\syntax",
	"ImportPath": "regexp/syntax",
	"Name": "syntax",
	"Doc": "Package syntax parses regular expressions into parse trees and compiles parse trees into programs.",
	"Root": "C:\\Program Files\\Go",
	"Goroot": true,
	"Standard": true,
	"DepOnly": true,
	"GoFiles": [
		"compile.go",
		"doc.go",
		"op_string.go",
		"parse.go",
		"perl_groups.go",
		"prog.go",
		"regexp.go",
		"simplify.go"
	],
	"Imports": [
		"slices",
		"sort",
		"strconv",
		"strings",
		"sync",
		"unicode",
		"unicode/utf8"
	],
	"Deps": [
		"cmp",
		"errors",
		"internal/abi",
		"internal/asan",
		"internal/bytealg",
		"internal/byteorder",
		"internal/chacha8rand",
		"internal/coverage/rtcov",
		"internal/cpu",
		"internal/goarch",
		"internal/godebugs",
		"internal/goexperiment",
		"internal/goos",
		"internal/msan",
		"internal/profilerecord",
		"internal/race",
		"internal/reflectlite",
		"internal/runtime/atomic",
		"internal/runtime/exithook",
		"internal/runtime/gc",
		"internal/runtime/gc/scan",
		"internal/runtime/maps",
		"internal/runtime/math",
		"internal/runtime/pprof/label",
		"internal/runtime/sys",
		"internal/runtime/syscall/windows",
		"internal/strconv",
		"internal/stringslite",
		"internal/sync",
		"internal/synctest",
		"internal/trace/tracev2",
		"internal/unsafeheader",
		"io",
		"iter",
		"math/bits",
		"runtime",
		"slices",
		"sort",
		"strconv",
		"strings",
		"sync",
		"sync/atomic",
		"unicode",
		"unicode/utf8",
		"unsafe"
	],
	"TestGoFiles": [
		"parse_test.go",
		"prog_test.go",
		"simplify_test.go"
	],
	"TestImports": [
		"fmt",
		"strings",
		"testing",
		"unicode"
	]
}
{
	"Dir": "C:\\Program Files\\Go\\src\\regexp",
	"ImportPath": "regexp",
	"Name": "regexp",
	"Doc": "Package regexp implements regular expression search.",
	"Root": "C:\\Program Files\\Go",
	"Goroot": true,
	"Standard": true,
	"DepOnly": true,
	"GoFiles": [
		"backtrack.go",
		"exec.go",
		"onepass.go",
		"regexp.go"
	],
	"Imports": [
		"bytes",
		"io",
		"iter",
		"regexp/syntax",
		"slices",
		"strconv",
		"strings",
		"sync",
		"unicode",
		"unicode/utf8"
	],
	"Deps": [
		"bytes",
		"cmp",
		"errors",
		"internal/abi",
		"internal/asan",
		"internal/bytealg",
		"internal/byteorder",
		"internal/chacha8rand",
		"internal/coverage/rtcov",
		"internal/cpu",
		"internal/goarch",
		"internal/godebugs",
		"internal/goexperiment",
		"internal/goos",
		"internal/msan",
		"internal/profilerecord",
		"internal/race",
		"internal/reflectlite",
		"internal/runtime/atomic",
		"internal/runtime/exithook",
		"internal/runtime/gc",
		"internal/runtime/gc/scan",
		"internal/runtime/maps",
		"internal/runtime/math",
		"internal/runtime/pprof/label",
		"internal/runtime/sys",
		"internal/runtime/syscall/windows",
		"internal/strconv",
		"internal/stringslite",
		"internal/sync",
		"internal/synctest",
		"internal/trace/tracev2",
		"internal/unsafeheader",
		"io",
		"iter",
		"math/bits",
		"regexp/syntax",
		"runtime",
		"slices",
		"sort",
		"strconv",
		"strings",
		"sync",
		"sync/atomic",
		"unicode",
		"unicode/utf8",
		"unsafe"
	],
	"TestGoFiles": [
		"all_test.go",
		"exec2_test.go",
		"exec_test.go",
		"find_test.go",
		"onepass_test.go"
	],
	"TestImports": [
		"bufio",
		"bytes",
		"compress/bzip2",
		"fmt",
		"internal/testenv",
		"io",
		"os",
		"path/filepath",
		"reflect",
		"regexp/syntax",
		"slices",
		"strconv",
		"strings",
		"testing",
		"unicode/utf8"
	],
	"XTestGoFiles": [
		"example_test.go"
	],
	"XTestImports": [
		"fmt",
		"regexp",
		"strings"
	]
}
{
	"Dir": "D:\\AIDEV\\go-treesitter\\.scratch\\modcache\\github.com\\odvcencio\\gotreesitter@v0.53.0\\internal\\luapattern",
	"ImportPath": "github.com/odvcencio/gotreesitter/internal/luapattern",
	"Name": "luapattern",
	"Doc": "Package luapattern translates the Lua pattern subset used by tree-sitter queries.",
	"Root": "D:\\AIDEV\\go-treesitter\\.scratch\\modcache\\github.com\\odvcencio\\gotreesitter@v0.53.0",
	"Module": {
		"Path": "github.com/odvcencio/gotreesitter",
		"Version": "v0.53.0",
		"Time": "2026-09-19T08:40:16Z",
		"Dir": "D:\\AIDEV\\go-treesitter\\.scratch\\modcache\\github.com\\odvcencio\\gotreesitter@v0.53.0",
		"GoMod": "D:\\AIDEV\\go-treesitter\\.scratch\\modcache\\cache\\download\\github.com\\odvcencio\\gotreesitter\\@v\\v0.53.0.mod",
		"GoVersion": "1.22.0",
		"Sum": "h1:VWoixJYMb01xde2BSXejzMmvLagj8B01sOSqNUUqsfA=",
		"GoModSum": "h1:hBVkghd0paaYAVwd2087vfwdeU984bQbMo9LvpE0moo="
	},
	"DepOnly": true,
	"GoFiles": [
		"compile.go"
	],
	"Imports": [
		"regexp",
		"strings"
	],
	"Deps": [
		"bytes",
		"cmp",
		"errors",
		"internal/abi",
		"internal/asan",
		"internal/bytealg",
		"internal/byteorder",
		"internal/chacha8rand",
		"internal/coverage/rtcov",
		"internal/cpu",
		"internal/goarch",
		"internal/godebugs",
		"internal/goexperiment",
		"internal/goos",
		"internal/msan",
		"internal/profilerecord",
		"internal/race",
		"internal/reflectlite",
		"internal/runtime/atomic",
		"internal/runtime/exithook",
		"internal/runtime/gc",
		"internal/runtime/gc/scan",
		"internal/runtime/maps",
		"internal/runtime/math",
		"internal/runtime/pprof/label",
		"internal/runtime/sys",
		"internal/runtime/syscall/windows",
		"internal/strconv",
		"internal/stringslite",
		"internal/sync",
		"internal/synctest",
		"internal/trace/tracev2",
		"internal/unsafeheader",
		"io",
		"iter",
		"math/bits",
		"regexp",
		"regexp/syntax",
		"runtime",
		"slices",
		"sort",
		"strconv",
		"strings",
		"sync",
		"sync/atomic",
		"unicode",
		"unicode/utf8",
		"unsafe"
	],
	"TestGoFiles": [
		"compile_test.go"
	],
	"TestImports": [
		"testing"
	]
}
{
	"Dir": "D:\\AIDEV\\go-treesitter\\.scratch\\modcache\\github.com\\odvcencio\\gotreesitter@v0.53.0\\internal\\parsercorephase0",
	"ImportPath": "github.com/odvcencio/gotreesitter/internal/parsercorephase0",
	"Name": "parsercorephase0",
	"Doc": "Package parsercorephase0 contains the admitted compact parser core.",
	"Root": "D:\\AIDEV\\go-treesitter\\.scratch\\modcache\\github.com\\odvcencio\\gotreesitter@v0.53.0",
	"Module": {
		"Path": "github.com/odvcencio/gotreesitter",
		"Version": "v0.53.0",
		"Time": "2026-09-19T08:40:16Z",
		"Dir": "D:\\AIDEV\\go-treesitter\\.scratch\\modcache\\github.com\\odvcencio\\gotreesitter@v0.53.0",
		"GoMod": "D:\\AIDEV\\go-treesitter\\.scratch\\modcache\\cache\\download\\github.com\\odvcencio\\gotreesitter\\@v\\v0.53.0.mod",
		"GoVersion": "1.22.0",
		"Sum": "h1:VWoixJYMb01xde2BSXejzMmvLagj8B01sOSqNUUqsfA=",
		"GoModSum": "h1:hBVkghd0paaYAVwd2087vfwdeU984bQbMo9LvpE0moo="
	},
	"DepOnly": true,
	"GoFiles": [
		"ancestor_recovery.go",
		"arena_reserve.go",
		"boundary_index.go",
		"c_selection_compare.go",
		"checkpoint_interner.go",
		"core.go",
		"drop_cohort_arena.go",
		"drop_cohort_frontier.go",
		"drop_cohort_ref.go",
		"drop_cohort_test_hooks.go",
		"drop_cohort_verifier.go",
		"eager_materialization.go",
		"eof_admission_view.go",
		"eof_recovery_live.go",
		"eof_recovery_open_region.go",
		"error_region.go",
		"link_provenance.go",
		"materialization_postorder_scratch.go",
		"materialization_replay.go",
		"missing_leaf.go",
		"phase0a_observer_off.go",
		"recovery_cost.go",
		"recovery_discontinuity.go",
		"recovery_visible_count.go",
		"reuse_dependency.go",
		"reused_subtree.go",
		"scheduler_owned.go",
		"selected_store.go",
		"selected_store_builder_staged.go",
		"sole_derivation_summary.go",
		"storage_bytes.go"
	],
	"IgnoredGoFiles": [
		"eof_recovery_shadow.go",
		"eof_recovery_shadow_test.go",
		"phase0a_diagnostic_run.go",
		"phase0a_diagnostic_run_test.go",
		"phase0a_factor_provenance.go",
		"phase0a_factor_provenance_test.go",
		"phase0a_identity.go",
		"phase0a_observer_test.go",
		"phase0a_reduction_provenance_test.go",
		"phase0a_routes.go",
		"phase0a_routes_test.go",
		"phase0a_selected_capability_test.go",
		"phase0a_selected_occurrences.go",
		"phase0a_selected_occurrences_test.go",
		"phase0a_shift_provenance_test.go",
		"phase0a_trailing_extra_test.go",
		"phase0a_transaction_observer_test.go",
		"physical_head_merge_stage2_test.go",
		"s5_physical_head_falsifier_test.go",
		"selected_store_builder_onepass.go",
		"selected_store_builder_onepass_test.go"
	],
	"Imports": [
		"bytes",
		"crypto/sha256",
		"encoding/binary",
		"encoding/json",
		"errors",
		"fmt",
		"math",
		"math/bits",
		"os",
		"slices",
		"sort",
		"strings",
		"sync",
		"sync/atomic",
		"unsafe"
	],
	"Deps": [
		"bytes",
		"cmp",
		"crypto",
		"crypto/cipher",
		"crypto/fips140",
		"crypto/internal/boring",
		"crypto/internal/boring/sig",
		"crypto/internal/constanttime",
		"crypto/internal/entropy/v1.0.0",
		"crypto/internal/fips140",
		"crypto/internal/fips140/aes",
		"crypto/internal/fips140/aes/gcm",
		"crypto/internal/fips140/alias",
		"crypto/internal/fips140/check",
		"crypto/internal/fips140/drbg",
		"crypto/internal/fips140/hmac",
		"crypto/internal/fips140/sha256",
		"crypto/internal/fips140/sha3",
		"crypto/internal/fips140/sha512",
		"crypto/internal/fips140/subtle",
		"crypto/internal/fips140deps/byteorder",
		"crypto/internal/fips140deps/cpu",
		"crypto/internal/fips140deps/godebug",
		"crypto/internal/fips140deps/time",
		"crypto/internal/fips140only",
		"crypto/internal/impl",
		"crypto/internal/sysrand",
		"crypto/sha256",
		"crypto/subtle",
		"encoding",
		"encoding/base32",
		"encoding/base64",
		"encoding/binary",
		"encoding/hex",
		"encoding/json",
		"encoding/json/internal",
		"encoding/json/internal/jsonflags",
		"encoding/json/internal/jsonopts",
		"encoding/json/internal/jsonwire",
		"encoding/json/jsontext",
		"encoding/json/v2",
		"errors",
		"fmt",
		"hash",
		"internal/abi",
		"internal/asan",
		"internal/bisect",
		"internal/bytealg",
		"internal/byteorder",
		"internal/chacha8rand",
		"internal/coverage/rtcov",
		"internal/cpu",
		"internal/filepathlite",
		"internal/fmtsort",
		"internal/goarch",
		"internal/godebug",
		"internal/godebugs",
		"internal/goexperiment",
		"internal/goos",
		"internal/msan",
		"internal/oserror",
		"internal/poll",
		"internal/profilerecord",
		"internal/race",
		"internal/reflectlite",
		"internal/runtime/atomic",
		"internal/runtime/exithook",
		"internal/runtime/gc",
		"internal/runtime/gc/scan",
		"internal/runtime/maps",
		"internal/runtime/math",
		"internal/runtime/pprof/label",
		"internal/runtime/sys",
		"internal/runtime/syscall/windows",
		"internal/strconv",
		"internal/stringslite",
		"internal/sync",
		"internal/synctest",
		"internal/syscall/execenv",
		"internal/syscall/windows",
		"internal/syscall/windows/registry",
		"internal/syscall/windows/sysdll",
		"internal/testlog",
		"internal/trace/tracev2",
		"internal/unsafeheader",
		"io",
		"io/fs",
		"iter",
		"math",
		"math/bits",
		"os",
		"path",
		"reflect",
		"runtime",
		"slices",
		"sort",
		"strconv",
		"strings",
		"structs",
		"sync",
		"sync/atomic",
		"syscall",
		"time",
		"unicode",
		"unicode/utf16",
		"unicode/utf8",
		"unsafe"
	],
	"TestGoFiles": [
		"alternative_set_test.go",
		"ancestor_recovery_open_region_test.go",
		"ancestor_recovery_test.go",
		"arena_reserve_test.go",
		"boundary_index_test.go",
		"c_selection_compare_test.go",
		"checkpoint_interner_test.go",
		"clean_path_rank_test.go",
		"cohort_final_identity_test.go",
		"condense_outcome_provenance_ratchet_test.go",
		"core_test.go",
		"dag_invariant_test.go",
		"drop_cohort_arena_test.go",
		"drop_cohort_frontier_test.go",
		"eof_admission_view_test.go",
		"eof_recovery_live_test.go",
		"eof_recovery_open_region_test.go",
		"fake_table_test.go",
		"g18_alternative_set_contract_test.go",
		"g18_refset_test.go",
		"historical_authentication_owner_test.go",
		"lexer_skipped_prefix_test.go",
		"link_fold_provenance_test.go",
		"link_fold_test.go",
		"link_provenance_test.go",
		"materialization_order_test.go",
		"metadata_auth_ratchet_test.go",
		"missing_leaf_test.go",
		"pop_scratch_test.go",
		"precedence_maximum_test.go",
		"precedence_rule_table_test.go",
		"recovery_cost_memo_test.go",
		"recovery_cost_ratchet_test.go",
		"recovery_cost_test.go",
		"recovery_discontinuity_test.go",
		"recovery_sibling_merge_test.go",
		"recovery_visible_count_test.go",
		"recursive_insert_test.go",
		"reduction_cost_publication_test.go",
		"reset_test.go",
		"reuse_dependency_test.go",
		"reused_subtree_proof_test.go",
		"reused_subtree_test.go",
		"scheduler_transaction_test.go",
		"selected_store_test.go",
		"sole_derivation_summary_test.go",
		"sole_derivation_test.go",
		"work_test.go"
	],
	"TestImports": [
		"bytes",
		"crypto/sha256",
		"encoding/json",
		"errors",
		"fmt",
		"go/ast",
		"go/parser",
		"go/token",
		"math",
		"math/rand",
		"os",
		"path/filepath",
		"reflect",
		"runtime",
		"slices",
		"strings",
		"sync",
		"testing",
		"unsafe"
	],
	"XTestGoFiles": [
		"gotreesitter_adapter_test.go"
	],
	"XTestImports": [
		"errors",
		"github.com/odvcencio/gotreesitter",
		"github.com/odvcencio/gotreesitter/grammars",
		"github.com/odvcencio/gotreesitter/internal/parsercorephase0",
		"reflect",
		"slices",
		"testing"
	]
}
{
	"Dir": "C:\\Program Files\\Go\\src\\go\\token",
	"ImportPath": "go/token",
	"Name": "token",
	"Doc": "Package token defines constants representing the lexical tokens of the Go programming language and basic operations on tokens (printing, predicates).",
	"Root": "C:\\Program Files\\Go",
	"Goroot": true,
	"Standard": true,
	"DepOnly": true,
	"GoFiles": [
		"position.go",
		"serialize.go",
		"token.go",
		"tree.go"
	],
	"Imports": [
		"cmp",
		"fmt",
		"iter",
		"slices",
		"strconv",
		"sync",
		"sync/atomic",
		"unicode",
		"unicode/utf8"
	],
	"Deps": [
		"cmp",
		"errors",
		"fmt",
		"internal/abi",
		"internal/asan",
		"internal/bisect",
		"internal/bytealg",
		"internal/byteorder",
		"internal/chacha8rand",
		"internal/coverage/rtcov",
		"internal/cpu",
		"internal/filepathlite",
		"internal/fmtsort",
		"internal/goarch",
		"internal/godebug",
		"internal/godebugs",
		"internal/goexperiment",
		"internal/goos",
		"internal/msan",
		"internal/oserror",
		"internal/poll",
		"internal/profilerecord",
		"internal/race",
		"internal/reflectlite",
		"internal/runtime/atomic",
		"internal/runtime/exithook",
		"internal/runtime/gc",
		"internal/runtime/gc/scan",
		"internal/runtime/maps",
		"internal/runtime/math",
		"internal/runtime/pprof/label",
		"internal/runtime/sys",
		"internal/runtime/syscall/windows",
		"internal/strconv",
		"internal/stringslite",
		"internal/sync",
		"internal/synctest",
		"internal/syscall/execenv",
		"internal/syscall/windows",
		"internal/syscall/windows/registry",
		"internal/syscall/windows/sysdll",
		"internal/testlog",
		"internal/trace/tracev2",
		"internal/unsafeheader",
		"io",
		"io/fs",
		"iter",
		"math",
		"math/bits",
		"os",
		"path",
		"reflect",
		"runtime",
		"slices",
		"strconv",
		"structs",
		"sync",
		"sync/atomic",
		"syscall",
		"time",
		"unicode",
		"unicode/utf16",
		"unicode/utf8",
		"unsafe"
	],
	"TestGoFiles": [
		"export_test.go",
		"position_test.go",
		"serialize_test.go",
		"token_test.go",
		"tree_test.go"
	],
	"TestImports": [
		"bytes",
		"encoding/gob",
		"fmt",
		"math/rand",
		"math/rand/v2",
		"slices",
		"strings",
		"sync",
		"testing"
	],
	"XTestGoFiles": [
		"example_test.go",
		"position_bench_test.go"
	],
	"XTestImports": [
		"fmt",
		"go/ast",
		"go/build",
		"go/parser",
		"go/token",
		"math/rand/v2",
		"os",
		"path/filepath",
		"testing"
	]
}
{
	"Dir": "C:\\Program Files\\Go\\src\\path\\filepath",
	"ImportPath": "path/filepath",
	"Name": "filepath",
	"Doc": "Package filepath implements utility routines for manipulating filename paths in a way compatible with the target operating system-defined file paths.",
	"Root": "C:\\Program Files\\Go",
	"Goroot": true,
	"Standard": true,
	"DepOnly": true,
	"GoFiles": [
		"match.go",
		"path.go",
		"path_windows.go",
		"symlink.go",
		"symlink_windows.go"
	],
	"IgnoredGoFiles": [
		"example_unix_test.go",
		"example_unix_walk_test.go",
		"path_plan9.go",
		"path_unix.go",
		"symlink_plan9.go",
		"symlink_unix.go"
	],
	"Imports": [
		"errors",
		"internal/bytealg",
		"internal/filepathlite",
		"io/fs",
		"os",
		"runtime",
		"slices",
		"strings",
		"syscall",
		"unicode/utf8"
	],
	"Deps": [
		"cmp",
		"errors",
		"internal/abi",
		"internal/asan",
		"internal/bisect",
		"internal/bytealg",
		"internal/byteorder",
		"internal/chacha8rand",
		"internal/coverage/rtcov",
		"internal/cpu",
		"internal/filepathlite",
		"internal/goarch",
		"internal/godebug",
		"internal/godebugs",
		"internal/goexperiment",
		"internal/goos",
		"internal/msan",
		"internal/oserror",
		"internal/poll",
		"internal/profilerecord",
		"internal/race",
		"internal/reflectlite",
		"internal/runtime/atomic",
		"internal/runtime/exithook",
		"internal/runtime/gc",
		"internal/runtime/gc/scan",
		"internal/runtime/maps",
		"internal/runtime/math",
		"internal/runtime/pprof/label",
		"internal/runtime/sys",
		"internal/runtime/syscall/windows",
		"internal/strconv",
		"internal/stringslite",
		"internal/sync",
		"internal/synctest",
		"internal/syscall/execenv",
		"internal/syscall/windows",
		"internal/syscall/windows/registry",
		"internal/syscall/windows/sysdll",
		"internal/testlog",
		"internal/trace/tracev2",
		"internal/unsafeheader",
		"io",
		"io/fs",
		"iter",
		"math/bits",
		"os",
		"path",
		"runtime",
		"slices",
		"strings",
		"structs",
		"sync",
		"sync/atomic",
		"syscall",
		"time",
		"unicode",
		"unicode/utf16",
		"unicode/utf8",
		"unsafe"
	],
	"TestGoFiles": [
		"export_test.go",
		"export_windows_test.go"
	],
	"XTestGoFiles": [
		"example_test.go",
		"match_test.go",
		"path_test.go",
		"path_windows_test.go"
	],
	"XTestImports": [
		"errors",
		"flag",
		"fmt",
		"internal/godebug",
		"internal/testenv",
		"io/fs",
		"os",
		"os/exec",
		"path/filepath",
		"reflect",
		"runtime",
		"runtime/debug",
		"slices",
		"strings",
		"syscall",
		"testing"
	]
}
{
	"Dir": "C:\\Program Files\\Go\\src\\go\\scanner",
	"ImportPath": "go/scanner",
	"Name": "scanner",
	"Doc": "Package scanner implements a scanner for Go source text.",
	"Root": "C:\\Program Files\\Go",
	"Goroot": true,
	"Standard": true,
	"DepOnly": true,
	"GoFiles": [
		"errors.go",
		"scanner.go"
	],
	"Imports": [
		"bytes",
		"fmt",
		"go/token",
		"io",
		"path/filepath",
		"sort",
		"strconv",
		"unicode",
		"unicode/utf8"
	],
	"Deps": [
		"bytes",
		"cmp",
		"errors",
		"fmt",
		"go/token",
		"internal/abi",
		"internal/asan",
		"internal/bisect",
		"internal/bytealg",
		"internal/byteorder",
		"internal/chacha8rand",
		"internal/coverage/rtcov",
		"internal/cpu",
		"internal/filepathlite",
		"internal/fmtsort",
		"internal/goarch",
		"internal/godebug",
		"internal/godebugs",
		"internal/goexperiment",
		"internal/goos",
		"internal/msan",
		"internal/oserror",
		"internal/poll",
		"internal/profilerecord",
		"internal/race",
		"internal/reflectlite",
		"internal/runtime/atomic",
		"internal/runtime/exithook",
		"internal/runtime/gc",
		"internal/runtime/gc/scan",
		"internal/runtime/maps",
		"internal/runtime/math",
		"internal/runtime/pprof/label",
		"internal/runtime/sys",
		"internal/runtime/syscall/windows",
		"internal/strconv",
		"internal/stringslite",
		"internal/sync",
		"internal/synctest",
		"internal/syscall/execenv",
		"internal/syscall/windows",
		"internal/syscall/windows/registry",
		"internal/syscall/windows/sysdll",
		"internal/testlog",
		"internal/trace/tracev2",
		"internal/unsafeheader",
		"io",
		"io/fs",
		"iter",
		"math",
		"math/bits",
		"os",
		"path",
		"path/filepath",
		"reflect",
		"runtime",
		"slices",
		"sort",
		"strconv",
		"strings",
		"structs",
		"sync",
		"sync/atomic",
		"syscall",
		"time",
		"unicode",
		"unicode/utf16",
		"unicode/utf8",
		"unsafe"
	],
	"TestGoFiles": [
		"scanner_test.go"
	],
	"TestImports": [
		"fmt",
		"go/token",
		"os",
		"path/filepath",
		"runtime",
		"slices",
		"strings",
		"testing"
	],
	"XTestGoFiles": [
		"example_test.go"
	],
	"XTestImports": [
		"fmt",
		"go/scanner",
		"go/token"
	]
}
{
	"Dir": "C:\\Program Files\\Go\\src\\go\\ast",
	"ImportPath": "go/ast",
	"Name": "ast",
	"Doc": "Package ast declares the types used to represent syntax trees for Go packages.",
	"Root": "C:\\Program Files\\Go",
	"Goroot": true,
	"Standard": true,
	"DepOnly": true,
	"GoFiles": [
		"ast.go",
		"commentmap.go",
		"directive.go",
		"filter.go",
		"import.go",
		"print.go",
		"resolve.go",
		"scope.go",
		"walk.go"
	],
	"Imports": [
		"bytes",
		"cmp",
		"fmt",
		"go/scanner",
		"go/token",
		"io",
		"iter",
		"os",
		"reflect",
		"slices",
		"strconv",
		"strings",
		"unicode",
		"unicode/utf8"
	],
	"Deps": [
		"bytes",
		"cmp",
		"errors",
		"fmt",
		"go/scanner",
		"go/token",
		"internal/abi",
		"internal/asan",
		"internal/bisect",
		"internal/bytealg",
		"internal/byteorder",
		"internal/chacha8rand",
		"internal/coverage/rtcov",
		"internal/cpu",
		"internal/filepathlite",
		"internal/fmtsort",
		"internal/goarch",
		"internal/godebug",
		"internal/godebugs",
		"internal/goexperiment",
		"internal/goos",
		"internal/msan",
		"internal/oserror",
		"internal/poll",
		"internal/profilerecord",
		"internal/race",
		"internal/reflectlite",
		"internal/runtime/atomic",
		"internal/runtime/exithook",
		"internal/runtime/gc",
		"internal/runtime/gc/scan",
		"internal/runtime/maps",
		"internal/runtime/math",
		"internal/runtime/pprof/label",
		"internal/runtime/sys",
		"internal/runtime/syscall/windows",
		"internal/strconv",
		"internal/stringslite",
		"internal/sync",
		"internal/synctest",
		"internal/syscall/execenv",
		"internal/syscall/windows",
		"internal/syscall/windows/registry",
		"internal/syscall/windows/sysdll",
		"internal/testlog",
		"internal/trace/tracev2",
		"internal/unsafeheader",
		"io",
		"io/fs",
		"iter",
		"math",
		"math/bits",
		"os",
		"path",
		"path/filepath",
		"reflect",
		"runtime",
		"slices",
		"sort",
		"strconv",
		"strings",
		"structs",
		"sync",
		"sync/atomic",
		"syscall",
		"time",
		"unicode",
		"unicode/utf16",
		"unicode/utf8",
		"unsafe"
	],
	"TestGoFiles": [
		"ast_test.go",
		"directive_test.go",
		"print_test.go"
	],
	"TestImports": [
		"go/token",
		"reflect",
		"strings",
		"testing"
	],
	"XTestGoFiles": [
		"commentmap_test.go",
		"example_test.go",
		"filter_test.go",
		"import_test.go",
		"issues_test.go",
		"walk_test.go"
	],
	"XTestImports": [
		"fmt",
		"go/ast",
		"go/format",
		"go/parser",
		"go/token",
		"reflect",
		"slices",
		"sort",
		"strings",
		"testing"
	]
}
{
	"Dir": "C:\\Program Files\\Go\\src\\go\\build\\constraint",
	"ImportPath": "go/build/constraint",
	"Name": "constraint",
	"Doc": "Package constraint implements parsing and evaluation of build constraint lines.",
	"Root": "C:\\Program Files\\Go",
	"Goroot": true,
	"Standard": true,
	"DepOnly": true,
	"GoFiles": [
		"expr.go",
		"vers.go"
	],
	"Imports": [
		"errors",
		"strconv",
		"strings",
		"unicode",
		"unicode/utf8"
	],
	"Deps": [
		"errors",
		"internal/abi",
		"internal/asan",
		"internal/bytealg",
		"internal/byteorder",
		"internal/chacha8rand",
		"internal/coverage/rtcov",
		"internal/cpu",
		"internal/goarch",
		"internal/godebugs",
		"internal/goexperiment",
		"internal/goos",
		"internal/msan",
		"internal/profilerecord",
		"internal/race",
		"internal/reflectlite",
		"internal/runtime/atomic",
		"internal/runtime/exithook",
		"internal/runtime/gc",
		"internal/runtime/gc/scan",
		"internal/runtime/maps",
		"internal/runtime/math",
		"internal/runtime/pprof/label",
		"internal/runtime/sys",
		"internal/runtime/syscall/windows",
		"internal/strconv",
		"internal/stringslite",
		"internal/sync",
		"internal/synctest",
		"internal/trace/tracev2",
		"internal/unsafeheader",
		"io",
		"iter",
		"math/bits",
		"runtime",
		"strconv",
		"strings",
		"sync",
		"sync/atomic",
		"unicode",
		"unicode/utf8",
		"unsafe"
	],
	"TestGoFiles": [
		"expr_test.go",
		"vers_test.go"
	],
	"TestImports": [
		"fmt",
		"maps",
		"reflect",
		"slices",
		"strings",
		"testing"
	]
}
{
	"Dir": "C:\\Program Files\\Go\\src\\go\\parser",
	"ImportPath": "go/parser",
	"Name": "parser",
	"Doc": "Package parser implements a parser for Go source files.",
	"Root": "C:\\Program Files\\Go",
	"Goroot": true,
	"Standard": true,
	"DepOnly": true,
	"GoFiles": [
		"interface.go",
		"parser.go",
		"resolver.go"
	],
	"Imports": [
		"bytes",
		"errors",
		"fmt",
		"go/ast",
		"go/build/constraint",
		"go/scanner",
		"go/token",
		"io",
		"io/fs",
		"os",
		"path/filepath",
		"strings"
	],
	"Deps": [
		"bytes",
		"cmp",
		"errors",
		"fmt",
		"go/ast",
		"go/build/constraint",
		"go/scanner",
		"go/token",
		"internal/abi",
		"internal/asan",
		"internal/bisect",
		"internal/bytealg",
		"internal/byteorder",
		"internal/chacha8rand",
		"internal/coverage/rtcov",
		"internal/cpu",
		"internal/filepathlite",
		"internal/fmtsort",
		"internal/goarch",
		"internal/godebug",
		"internal/godebugs",
		"internal/goexperiment",
		"internal/goos",
		"internal/msan",
		"internal/oserror",
		"internal/poll",
		"internal/profilerecord",
		"internal/race",
		"internal/reflectlite",
		"internal/runtime/atomic",
		"internal/runtime/exithook",
		"internal/runtime/gc",
		"internal/runtime/gc/scan",
		"internal/runtime/maps",
		"internal/runtime/math",
		"internal/runtime/pprof/label",
		"internal/runtime/sys",
		"internal/runtime/syscall/windows",
		"internal/strconv",
		"internal/stringslite",
		"internal/sync",
		"internal/synctest",
		"internal/syscall/execenv",
		"internal/syscall/windows",
		"internal/syscall/windows/registry",
		"internal/syscall/windows/sysdll",
		"internal/testlog",
		"internal/trace/tracev2",
		"internal/unsafeheader",
		"io",
		"io/fs",
		"iter",
		"math",
		"math/bits",
		"os",
		"path",
		"path/filepath",
		"reflect",
		"runtime",
		"slices",
		"sort",
		"strconv",
		"strings",
		"structs",
		"sync",
		"sync/atomic",
		"syscall",
		"time",
		"unicode",
		"unicode/utf16",
		"unicode/utf8",
		"unsafe"
	],
	"TestGoFiles": [
		"error_test.go",
		"parser_test.go",
		"performance_test.go",
		"resolver_test.go",
		"short_test.go"
	],
	"TestImports": [
		"flag",
		"fmt",
		"go/ast",
		"go/scanner",
		"go/token",
		"io/fs",
		"os",
		"path/filepath",
		"reflect",
		"regexp",
		"strings",
		"testing"
	],
	"XTestGoFiles": [
		"example_test.go"
	],
	"XTestImports": [
		"fmt",
		"go/parser",
		"go/token"
	]
}
{
	"Dir": "D:\\AIDEV\\go-treesitter\\.scratch\\modcache\\github.com\\odvcencio\\gotreesitter@v0.53.0",
	"ImportPath": "github.com/odvcencio/gotreesitter",
	"Name": "gotreesitter",
	"Doc": "Package gotreesitter implements a pure Go tree-sitter runtime.",
	"Root": "D:\\AIDEV\\go-treesitter\\.scratch\\modcache\\github.com\\odvcencio\\gotreesitter@v0.53.0",
	"Module": {
		"Path": "github.com/odvcencio/gotreesitter",
		"Version": "v0.53.0",
		"Time": "2026-09-19T08:40:16Z",
		"Dir": "D:\\AIDEV\\go-treesitter\\.scratch\\modcache\\github.com\\odvcencio\\gotreesitter@v0.53.0",
		"GoMod": "D:\\AIDEV\\go-treesitter\\.scratch\\modcache\\cache\\download\\github.com\\odvcencio\\gotreesitter\\@v\\v0.53.0.mod",
		"GoVersion": "1.22.0",
		"Sum": "h1:VWoixJYMb01xde2BSXejzMmvLagj8B01sOSqNUUqsfA=",
		"GoModSum": "h1:hBVkghd0paaYAVwd2087vfwdeU984bQbMo9LvpE0moo="
	},
	"DepOnly": true,
	"GoFiles": [
		"admission_census.go",
		"admission_switch.go",
		"admission_switch_candidate.go",
		"ambiguity_profile.go",
		"arena.go",
		"bound_tree.go",
		"compact_reuse_dependency.go",
		"conflict_policy.go",
		"conflict_policy_legacy_helpers.go",
		"cursor.go",
		"external.go",
		"external_lexer.go",
		"external_scanner_adapter.go",
		"external_scanner_checkpoint_capability.go",
		"external_scanner_checkpoints.go",
		"external_scanner_quiescence.go",
		"external_symbol_resolver.go",
		"external_vm.go",
		"fact_program.go",
		"final_tree_compaction.go",
		"generated_repeat_metadata.go",
		"glr.go",
		"glr_forest.go",
		"glr_gss.go",
		"highlight.go",
		"highlight_injections.go",
		"highlight_injections_exec.go",
		"imports.go",
		"included_ranges.go",
		"incremental.go",
		"incremental_leaf_fastpath.go",
		"injection.go",
		"intern.go",
		"language.go",
		"language_blob_encode.go",
		"language_blob_envelope.go",
		"large_state_gotos_trailer.go",
		"lex_mode_repair.go",
		"lexer.go",
		"lexer_included_ranges.go",
		"load_language.go",
		"lookahead.go",
		"materialization_reason.go",
		"merge_event_census_disabled.go",
		"missing_node_dependency.go",
		"no_tree_node.go",
		"node_field_metadata.go",
		"outline.go",
		"outline_owner.go",
		"outline_report.go",
		"parse_dispatch.go",
		"parse_progress_telemetry.go",
		"parser.go",
		"parser_api.go",
		"parser_cold_state.go",
		"parser_collapsed_child_policy.go",
		"parser_config.go",
		"parser_default_reduce.go",
		"parser_dfa_token_source.go",
		"parser_error_tree.go",
		"parser_incremental_support.go",
		"parser_limits.go",
		"parser_memory_budget_runtime.go",
		"parser_normalization_stats.go",
		"parser_pool.go",
		"parser_recover_c.go",
		"parser_recover_cycle_debug.go",
		"parser_recovery.go",
		"parser_reduce.go",
		"parser_result.go",
		"parser_result_ada.go",
		"parser_result_apex.go",
		"parser_result_authzed.go",
		"parser_result_awk.go",
		"parser_result_bitbake.go",
		"parser_result_c.go",
		"parser_result_cobol.go",
		"parser_result_compat.go",
		"parser_result_cooklang.go",
		"parser_result_corn.go",
		"parser_result_cpp.go",
		"parser_result_csharp.go",
		"parser_result_csharp_attribute.go",
		"parser_result_csharp_expr.go",
		"parser_result_csharp_helpers.go",
		"parser_result_csharp_invocation.go",
		"parser_result_csharp_legacy.go",
		"parser_result_csharp_legacy_lambda.go",
		"parser_result_csharp_legacy_query.go",
		"parser_result_csharp_method_recovery.go",
		"parser_result_csharp_namespace.go",
		"parser_result_csharp_property.go",
		"parser_result_csharp_query.go",
		"parser_result_csharp_statement.go",
		"parser_result_csharp_string.go",
		"parser_result_csharp_type_body.go",
		"parser_result_cycle_guard.go",
		"parser_result_dart.go",
		"parser_result_dispatcher_transcript.go",
		"parser_result_doxygen.go",
		"parser_result_dtd.go",
		"parser_result_go.go",
		"parser_result_go_compat.go",
		"parser_result_helpers.go",
		"parser_result_hlsl.go",
		"parser_result_incremental_range.go",
		"parser_result_javascript_typescript.go",
		"parser_result_julia.go",
		"parser_result_kotlin.go",
		"parser_result_misc_spans.go",
		"parser_result_node_helpers.go",
		"parser_result_perl.go",
		"parser_result_php.go",
		"parser_result_powershell.go",
		"parser_result_powershell_command.go",
		"parser_result_powershell_expr.go",
		"parser_result_proto.go",
		"parser_result_python.go",
		"parser_result_python_recovery.go",
		"parser_result_root_build.go",
		"parser_result_rust_closure.go",
		"parser_result_rust_expression.go",
		"parser_result_rust_items.go",
		"parser_result_rust_recovery.go",
		"parser_result_rust_struct.go",
		"parser_result_scala_compilation.go",
		"parser_result_scala_template.go",
		"parser_result_scala_top_level.go",
		"parser_result_solidity.go",
		"parser_result_sql.go",
		"parser_result_swift.go",
		"parser_result_swift_conditions.go",
		"parser_result_templ.go",
		"parser_result_trivia_helpers.go",
		"parser_result_typescript.go",
		"parser_result_wgsl.go",
		"parser_result_wolfram.go",
		"parser_result_yaml.go",
		"parser_retry.go",
		"parser_reuse_budget.go",
		"parser_scratch.go",
		"parser_stop.go",
		"parser_tables.go",
		"parser_timeout.go",
		"parser_unary_wrapper_policy.go",
		"parsercore_c4_analyzer.go",
		"parsercore_c4_program.go",
		"parsercore_c4_vm.go",
		"parsercore_phase0_alternative_set_census.go",
		"parsercore_phase0_arena_reserve.go",
		"parsercore_phase0_derivation_set_census_disabled.go",
		"parsercore_phase0_driver.go",
		"parsercore_phase0_eof_history_census_disabled.go",
		"parsercore_phase0_fresh_full_runner.go",
		"parsercore_phase0_incremental.go",
		"parsercore_phase0_incremental_recovery.go",
		"parsercore_phase0_lexical_error_recovery.go",
		"parsercore_phase0_materializer.go",
		"parsercore_phase0_owned_recovery.go",
		"parsercore_phase0_owned_recovery_materialize.go",
		"parsercore_phase0_per_version_lexer_state.go",
		"parsercore_phase0_recovery_condense.go",
		"parsercore_phase0_recovery_cost_source.go",
		"parsercore_phase0_recovery_sibling.go",
		"parsercore_phase0_recovery_turns.go",
		"parsercore_phase0_reuse_dependency.go",
		"parsercore_phase0_reuse_materialization.go",
		"parsercore_phase0_s5.go",
		"parsercore_phase0_s5_legacy.go",
		"parsercore_phase0_stop_control.go",
		"parsercore_phase0_symbol_policy.go",
		"parsercore_phase0_token_reuse.go",
		"parsestate_replay.go",
		"parsestate_replay_compact.go",
		"pending_parent.go",
		"perf_counters.go",
		"perf_metrics_stub.go",
		"query.go",
		"query_alternation_index.go",
		"query_compile.go",
		"query_compile_helpers.go",
		"query_compile_predicates.go",
		"query_impossible_pattern.go",
		"query_impossible_pattern_analysis.go",
		"query_match_budget.go",
		"query_matcher.go",
		"query_matcher_generic.go",
		"query_predicates.go",
		"query_reader.go",
		"raw_shape.go",
		"raw_shape_diag.go",
		"recovery_runtime_detailed_disabled.go",
		"recovery_runtime_telemetry.go",
		"result_compat_elision.go",
		"rewrite.go",
		"runtime_audit.go",
		"tagger.go",
		"token_invariant_dependency.go",
		"token_invariant_lexical_proof.go",
		"transient_children.go",
		"transient_parents.go",
		"tree.go",
		"understanding.go",
		"utf16.go",
		"walk.go",
		"work_count_convergence_contract.go",
		"work_count_hooks.go"
	],
	"IgnoredGoFiles": [
		"admission_direct_corpus_test.go",
		"admission_external_payload_corpus_test.go",
		"admission_real_corpus_matrix_test.go",
		"admission_recursive_insert_corpus_test.go",
		"admission_recursive_insertion_haskell_small_contract_test.go",
		"admission_route_equality_close_angle_deferral_test.go",
		"admission_route_equality_swift_residual_test.go",
		"admission_scorecard_exact_test.go",
		"admission_scorecard_test.go",
		"admission_switch_candidate_test.go",
		"admission_switch_csharp_materiality_census_contract_test.go",
		"admission_switch_stub.go",
		"admission_switch_stub_test.go",
		"admission_token_source_shadow_test.go",
		"admission_zero_width_depth_test.go",
		"benchmark_admission_candidate_route_test.go",
		"compact_incremental_execution_test.go",
		"compact_nested_reuse_lookahead_dfa_test.go",
		"compact_nested_reuse_test.go",
		"compact_recovery_incremental_admission_test.go",
		"compact_recovery_version_turns_test.go",
		"compact_reuse_dependency_test.go",
		"compact_reuse_lazy_edit_test.go",
		"merge_event_census.go",
		"parser_cold_state_recovery_telemetry.go",
		"parser_external_scanner_prefix_frontier_compact_test.go",
		"parsercore_c4_equivalence_internal_test.go",
		"parsercore_c4_program_internal_test.go",
		"parsercore_c4_tablelookup_internal_test.go",
		"parsercore_phase0_action_test.go",
		"parsercore_phase0_alternative_set_v2_differential_test.go",
		"parsercore_phase0_attribution_capture_internal_test.go",
		"parsercore_phase0_b4b_shadow_census_internal_test.go",
		"parsercore_phase0_b4b_shadow_census_test.go",
		"parsercore_phase0_canonical_admission_internal_test.go",
		"parsercore_phase0_canonical_fixtures_external_test.go",
		"parsercore_phase0_canonical_recovery_identity_internal_test.go",
		"parsercore_phase0_canonical_scratch_internal_test.go",
		"parsercore_phase0_classified_internal_test.go",
		"parsercore_phase0_compileout_test.go",
		"parsercore_phase0_coverage_stage_test.go",
		"parsercore_phase0_d2_span_unlocked_relex_test.go",
		"parsercore_phase0_d3_activation_nocore_test.go",
		"parsercore_phase0_d3_activation_test.go",
		"parsercore_phase0_derivation_set_census.go",
		"parsercore_phase0_dispatch_scratch_internal_test.go",
		"parsercore_phase0_driver_ownership_internal_test.go",
		"parsercore_phase0_eager_materialization_internal_test.go",
		"parsercore_phase0_eof_history_census.go",
		"parsercore_phase0_eof_recovery_admission_contract.go",
		"parsercore_phase0_eof_recovery_metadata_contract_test.go",
		"parsercore_phase0_eof_recovery_shadow.go",
		"parsercore_phase0_eof_recovery_shadow_disabled.go",
		"parsercore_phase0_footprint_growth_internal_test.go",
		"parsercore_phase0_fresh_full_runner_internal_test.go",
		"parsercore_phase0_g18_alternative_set_contract_test.go",
		"parsercore_phase0_g18_d6a_acceptance_external_test.go",
		"parsercore_phase0_g18_d6a_test_hooks_test.go",
		"parsercore_phase0_g18_d6b_driver_internal_test.go",
		"parsercore_phase0_g18_d6c_nogo_internal_test.go",
		"parsercore_phase0_g18_refset_internal_test.go",
		"parsercore_phase0_g18_slice_c_compat_test.go",
		"parsercore_phase0_generic_conflict_internal_test.go",
		"parsercore_phase0_generic_extra_internal_test.go",
		"parsercore_phase0_generic_freshness_internal_test.go",
		"parsercore_phase0_generic_scheduler_test.go",
		"parsercore_phase0_language_tables_internal_test.go",
		"parsercore_phase0_legacy_golden_test.go",
		"parsercore_phase0_materialization_scratch_internal_test.go",
		"parsercore_phase0_missing_dependency_transfer_test.go",
		"parsercore_phase0_owned_alias_scope_test.go",
		"parsercore_phase0_package2_strict_internal_test.go",
		"parsercore_phase0_per_version_lexer_activation_internal_test.go",
		"parsercore_phase0_per_version_lexer_activation_test.go",
		"parsercore_phase0_per_version_lexer_adversarial_internal_test.go",
		"parsercore_phase0_per_version_lexer_lifecycle_internal_test.go",
		"parsercore_phase0_per_version_lexer_scheduler_helper_internal_test.go",
		"parsercore_phase0_per_version_lexer_scheduler_test.go",
		"parsercore_phase0_per_version_lexer_snapshot_internal_test.go",
		"parsercore_phase0_per_version_lexer_state_internal_test.go",
		"parsercore_phase0_physical_head_merge_stage2_internal_test.go",
		"parsercore_phase0_query_compile_gate_test.go",
		"parsercore_phase0_recovery_allocation_test.go",
		"parsercore_phase0_recovery_condense_stage3_internal_test.go",
		"parsercore_phase0_recovery_error_mode_keyword_test.go",
		"parsercore_phase0_recovery_lineage_retirement_test.go",
		"parsercore_phase0_recovery_turn_publication_test.go",
		"parsercore_phase0_replay_fused_internal_test.go",
		"parsercore_phase0_reuse_dependency_scanner_internal_test.go",
		"parsercore_phase0_reuse_navigation_test.go",
		"parsercore_phase0_scanner_package_internal_test.go",
		"parsercore_phase0_seed_scheduler_internal_test.go",
		"parsercore_phase0_selected_lineage_internal_test.go",
		"parsercore_phase0_selected_query.go",
		"parsercore_phase0_selected_query_highlight_internal_test.go",
		"parsercore_phase0_shared_alias_materialization_test.go",
		"parsercore_phase0_sibling_adoption_inherited_alternatives_test.go",
		"parsercore_phase0_stage6_scala_eof_recovery_internal_test.go",
		"parsercore_phase0_stage6_scala_recovery_ambiguity_internal_test.go",
		"parsercore_phase0_state_relex_internal_test.go",
		"parsercore_phase0_state_relex_test.go",
		"parsercore_phase0_warm_benchmark_internal_test.go",
		"parsercore_phase0_warm_scanner_external_test.go",
		"parsercore_selected_store_internal_test.go",
		"parsestate_fragile_test.go",
		"parsestate_replay_compact_diff_test.go",
		"parsestate_reuse_bar_test.go",
		"perf_metrics_perf.go",
		"race_enabled_test.go",
		"recovery_runtime_detailed_common.go",
		"recovery_runtime_detailed_enabled.go",
		"recovery_runtime_detailed_enabled_test.go",
		"recovery_runtime_swift_telemetry_tagged_test.go",
		"reference_atlas_trace.go",
		"reference_atlas_trace_external_test.go",
		"reference_atlas_trace_test.go",
		"release_token_invariant_fallback_test.go",
		"scanner_closure_external_test.go",
		"token_invariant_lookahead_fuzz_test.go",
		"token_invariant_lookahead_gap_test.go",
		"token_invariant_lookahead_go_test.go",
		"token_invariant_lookahead_julia_test.go",
		"token_invariant_lookahead_python_test.go",
		"token_invariant_lookahead_test.go",
		"token_invariant_lookahead_typescript_fuzz_test.go",
		"token_invariant_lookahead_typescript_test.go",
		"token_invariant_unicode_lookahead_test.go",
		"work_count_attempt_attribution_test.go",
		"work_count_child_test.go",
		"work_count_convergence.go",
		"work_count_convergence_observer_test.go",
		"work_count_convergence_test.go",
		"work_count_diagnostic.go",
		"work_count_diagnostic_test.go",
		"work_count_parsercore_child_internal_test.go",
		"work_count_semantic_phase_trace.go",
		"work_count_semantic_phase_trace_internal_test.go",
		"work_count_semantic_phase_trace_test.go",
		"work_count_topology.go",
		"work_count_topology_internal_test.go",
		"work_count_topology_test.go"
	],
	"EmbedPatterns": [
		"grammars/grammar_blobs/go.bin",
		"testdata/result_compat_ownership_v1.json"
	],
	"EmbedFiles": [
		"grammars/grammar_blobs/go.bin",
		"testdata/result_compat_ownership_v1.json"
	],
	"Imports": [
		"bytes",
		"cmp",
		"compress/gzip",
		"crypto/sha256",
		"embed",
		"encoding/binary",
		"encoding/gob",
		"encoding/json",
		"errors",
		"fmt",
		"github.com/odvcencio/gotreesitter/internal/luapattern",
		"github.com/odvcencio/gotreesitter/internal/parsercorephase0",
		"go/parser",
		"go/token",
		"io",
		"math",
		"os",
		"reflect",
		"regexp",
		"runtime",
		"slices",
		"sort",
		"strconv",
		"strings",
		"sync",
		"sync/atomic",
		"time",
		"unicode",
		"unicode/utf16",
		"unicode/utf8",
		"unsafe"
	],
	"Deps": [
		"bufio",
		"bytes",
		"cmp",
		"compress/flate",
		"compress/gzip",
		"crypto",
		"crypto/cipher",
		"crypto/fips140",
		"crypto/internal/boring",
		"crypto/internal/boring/sig",
		"crypto/internal/constanttime",
		"crypto/internal/entropy/v1.0.0",
		"crypto/internal/fips140",
		"crypto/internal/fips140/aes",
		"crypto/internal/fips140/aes/gcm",
		"crypto/internal/fips140/alias",
		"crypto/internal/fips140/check",
		"crypto/internal/fips140/drbg",
		"crypto/internal/fips140/hmac",
		"crypto/internal/fips140/sha256",
		"crypto/internal/fips140/sha3",
		"crypto/internal/fips140/sha512",
		"crypto/internal/fips140/subtle",
		"crypto/internal/fips140deps/byteorder",
		"crypto/internal/fips140deps/cpu",
		"crypto/internal/fips140deps/godebug",
		"crypto/internal/fips140deps/time",
		"crypto/internal/fips140only",
		"crypto/internal/impl",
		"crypto/internal/sysrand",
		"crypto/sha256",
		"crypto/subtle",
		"embed",
		"encoding",
		"encoding/base32",
		"encoding/base64",
		"encoding/binary",
		"encoding/gob",
		"encoding/hex",
		"encoding/json",
		"encoding/json/internal",
		"encoding/json/internal/jsonflags",
		"encoding/json/internal/jsonopts",
		"encoding/json/internal/jsonwire",
		"encoding/json/jsontext",
		"encoding/json/v2",
		"errors",
		"fmt",
		"github.com/odvcencio/gotreesitter/internal/luapattern",
		"github.com/odvcencio/gotreesitter/internal/parsercorephase0",
		"go/ast",
		"go/build/constraint",
		"go/parser",
		"go/scanner",
		"go/token",
		"hash",
		"hash/crc32",
		"internal/abi",
		"internal/asan",
		"internal/bisect",
		"internal/bytealg",
		"internal/byteorder",
		"internal/chacha8rand",
		"internal/coverage/rtcov",
		"internal/cpu",
		"internal/filepathlite",
		"internal/fmtsort",
		"internal/goarch",
		"internal/godebug",
		"internal/godebugs",
		"internal/goexperiment",
		"internal/goos",
		"internal/msan",
		"internal/oserror",
		"internal/poll",
		"internal/profilerecord",
		"internal/race",
		"internal/reflectlite",
		"internal/runtime/atomic",
		"internal/runtime/exithook",
		"internal/runtime/gc",
		"internal/runtime/gc/scan",
		"internal/runtime/maps",
		"internal/runtime/math",
		"internal/runtime/pprof/label",
		"internal/runtime/sys",
		"internal/runtime/syscall/windows",
		"internal/saferio",
		"internal/strconv",
		"internal/stringslite",
		"internal/sync",
		"internal/synctest",
		"internal/syscall/execenv",
		"internal/syscall/windows",
		"internal/syscall/windows/registry",
		"internal/syscall/windows/sysdll",
		"internal/testlog",
		"internal/trace/tracev2",
		"internal/unsafeheader",
		"io",
		"io/fs",
		"iter",
		"maps",
		"math",
		"math/bits",
		"os",
		"path",
		"path/filepath",
		"reflect",
		"regexp",
		"regexp/syntax",
		"runtime",
		"slices",
		"sort",
		"strconv",
		"strings",
		"structs",
		"sync",
		"sync/atomic",
		"syscall",
		"time",
		"unicode",
		"unicode/utf16",
		"unicode/utf8",
		"unsafe"
	],
	"TestGoFiles": [
		"admission_census_internal_test.go",
		"admission_switch_candidate_tail_cancellation_internal_test.go",
		"admission_switch_candidate_work_export_test.go",
		"arena_budget_test.go",
		"arena_full_parse_capacity_test.go",
		"arena_overflow_growth_test.go",
		"arena_pool_lifecycle_test.go",
		"arena_test.go",
		"bound_tree_test.go",
		"compact_packed_gss_activation_test.go",
		"compact_packed_gss_receipt_audit_test.go",
		"compact_packed_gss_scanner_test.go",
		"compact_reuse_proof_scratch_test.go",
		"compact_route_campaign_inventory_test.go",
		"compact_route_campaign_lifecycle_test.go",
		"compat_ownership_provenance_test.go",
		"compat_ownership_test.go",
		"conflict_policy_test.go",
		"contextual_close_angle_history_test.go",
		"cursor_test.go",
		"dfa_relex_transaction_test.go",
		"export_recover_eof_test.go",
		"export_test.go",
		"external_lexer_test.go",
		"external_scanner_adapter_test.go",
		"external_scanner_checkpoint_capability_test.go",
		"external_scanner_checkpoint_identity_test.go",
		"external_scanner_checkpoints_test.go",
		"external_scanner_dart_docs_contract_test.go",
		"external_scanner_quiescence_test.go",
		"external_symbol_resolver_test.go",
		"external_vm_test.go",
		"final_tree_compaction_test.go",
		"glr_forest_budget_test.go",
		"glr_forest_cap_pinning_test.go",
		"glr_forest_decline_memo_test.go",
		"glr_forest_e2e_test.go",
		"glr_forest_lexical_history_test.go",
		"glr_forest_normalization_stats_test.go",
		"glr_forest_test.go",
		"glr_gss_dense_reach_test.go",
		"glr_gss_test.go",
		"glr_retention_test.go",
		"glr_test.go",
		"highlight_injections_exec_test.go",
		"highlight_test.go",
		"included_ranges_test.go",
		"incremental_edit_sequence_internal_test.go",
		"incremental_leaf_fastpath_test.go",
		"incremental_test.go",
		"injection_test.go",
		"intern_test.go",
		"language_blob_envelope_test.go",
		"language_forest_optin_test.go",
		"language_lookup_test.go",
		"language_result_compatibility_test.go",
		"language_test.go",
		"large_state_gotos_trailer_test.go",
		"lex_mode_repair_test.go",
		"lexer_dependency_probes_test.go",
		"lexer_failed_error_attempt_test.go",
		"lexer_included_ranges_test.go",
		"lexer_read_span_test.go",
		"lexer_test.go",
		"lexer_token_output_test.go",
		"load_language_large_state_gotos_test.go",
		"load_language_test.go",
		"lookahead_test.go",
		"memory_budget_api_internal_test.go",
		"merge_event_census_inert_test.go",
		"missing_node_dependency_test.go",
		"node_field_metadata_test.go",
		"outline_internal_test.go",
		"parse_helpers_test.go",
		"parser_action_index_enumeration_test.go",
		"parser_api_internal_test.go",
		"parser_arena_density_cap_test.go",
		"parser_collapsed_child_policy_test.go",
		"parser_config_test.go",
		"parser_conflict_decode_test.go",
		"parser_default_reduce_test.go",
		"parser_derived_tables_internal_test.go",
		"parser_dfa_guard_test.go",
		"parser_dfa_token_source_keyword_flag_test.go",
		"parser_dfa_token_source_test.go",
		"parser_dfa_union_route_test.go",
		"parser_external_retry_test.go",
		"parser_extra_shift_test.go",
		"parser_incremental_profile_schema_test.go",
		"parser_lexer_skip_provenance_test.go",
		"parser_memory_budget_merge_test.go",
		"parser_memory_budget_runtime_test.go",
		"parser_missing_shift_scratch_test.go",
		"parser_objc_exact_equivalence_test.go",
		"parser_parsewith_test.go",
		"parser_pool_test.go",
		"parser_recover_c_gate_test.go",
		"parser_recover_c_test.go",
		"parser_recover_cycle_internal_test.go",
		"parser_recover_memo_reuse_test.go",
		"parser_recover_prefix_agg_test.go",
		"parser_recover_tables_test.go",
		"parser_reduce_alias_nest_test.go",
		"parser_reduce_alias_test.go",
		"parser_reduce_fields_test.go",
		"parser_reduce_flatten_test.go",
		"parser_reduce_missing_clone_test.go",
		"parser_reduce_missing_intern_test.go",
		"parser_reduce_selfwrap_test.go",
		"parser_reduce_span_test.go",
		"parser_reduce_test.go",
		"parser_relex_frontier_lifecycle_test.go",
		"parser_relex_state_test.go",
		"parser_reserved_word_test.go",
		"parser_result_awk_test.go",
		"parser_result_bash_perl_test.go",
		"parser_result_c_go_cobol_test.go",
		"parser_result_csharp_test.go",
		"parser_result_cycle_guard_test.go",
		"parser_result_dart_test.go",
		"parser_result_dispatcher_census_test.go",
		"parser_result_dispatcher_transcript_test.go",
		"parser_result_dtd_test.go",
		"parser_result_fixture_test.go",
		"parser_result_go_compat_memory_budget_test.go",
		"parser_result_go_compat_pathological_test.go",
		"parser_result_go_timeout_test.go",
		"parser_result_helpers_test.go",
		"parser_result_javascript_typescript_compat_test.go",
		"parser_result_javascript_typescript_memory_budget_test.go",
		"parser_result_javascript_typescript_test.go",
		"parser_result_kotlin_test.go",
		"parser_result_misc_compat_test.go",
		"parser_result_python_repair_test.go",
		"parser_result_python_test.go",
		"parser_result_root_start_internal_test.go",
		"parser_result_root_test.go",
		"parser_result_rust_test.go",
		"parser_result_scala_fixpoint_retirement_test.go",
		"parser_result_solidity_test.go",
		"parser_result_templ_test.go",
		"parser_result_trailing_extra_native_test.go",
		"parser_result_typescript_test.go",
		"parser_result_wgsl_test.go",
		"parser_result_wolfram_test.go",
		"parser_resync_internal_test.go",
		"parser_retry_summary_test.go",
		"parser_reuse_budget_internal_test.go",
		"parser_runtime_test.go",
		"parser_scratch_budget_test.go",
		"parser_scratch_pagepool_test.go",
		"parser_scratch_reset_test.go",
		"parser_shift_gap_test.go",
		"parser_stop_reason_rescue_test.go",
		"parser_stop_test.go",
		"parser_tables_test.go",
		"parser_test.go",
		"parser_test_helpers_test.go",
		"parser_timeout_cache_test.go",
		"parser_unary_wrapper_policy_test.go",
		"parsercore_phase0_acceptance_selection_test.go",
		"parsercore_phase0_arena_reserve_internal_test.go",
		"parsercore_phase0_cap_pressure_test.go",
		"parsercore_phase0_checkpoint_transfer_test.go",
		"parsercore_phase0_derivation_set_census_inert_test.go",
		"parsercore_phase0_driver_coverage_internal_test.go",
		"parsercore_phase0_lexer_skip_tiling_test.go",
		"parsercore_phase0_lexical_error_recovery_internal_test.go",
		"parsercore_phase0_nested_reuse_test.go",
		"parsercore_phase0_owned_recovery_materialize_test.go",
		"parsercore_phase0_recovery_cost_internal_test.go",
		"parsercore_phase0_recovery_cost_source_internal_test.go",
		"parsercore_phase0_recovery_lineage_fork_internal_test.go",
		"parsercore_phase0_recovery_lineage_selection_internal_test.go",
		"parsercore_phase0_recovery_memo_footprint_internal_test.go",
		"parsercore_phase0_recovery_symbols_internal_test.go",
		"parsercore_phase0_reuse_dependency_test.go",
		"parsercore_phase0_reuse_materialization_test.go",
		"parsercore_phase0_stack_summary_recovery_internal_test.go",
		"parsercore_phase0_token_reuse_internal_test.go",
		"powershell_normalize_test.go",
		"query_matcher_budget_test.go",
		"query_predicates_extended_test.go",
		"query_test.go",
		"raw_shape_elision_recovery_test.go",
		"raw_shape_elision_test.go",
		"raw_shape_reclaim_test.go",
		"raw_shape_test.go",
		"recovery_runtime_detailed_disabled_test.go",
		"recovery_runtime_telemetry_test.go",
		"result_compat_elision_test.go",
		"rewrite_test.go",
		"runtime_audit_test.go",
		"rust_dispatch_blocker_receipt_test.go",
		"scanner_closure_internal_test.go",
		"stress_test.go",
		"symbol_name_unescape_test.go",
		"tagger_test.go",
		"token_invariant_deferred_budget_test.go",
		"token_invariant_dependency_test.go",
		"token_invariant_external_rollback_test.go",
		"token_invariant_lexical_proof_test.go",
		"token_invariant_typescript_text_test.go",
		"transient_children_test.go",
		"tree_handle_lifetime_internal_test.go",
		"tree_health_test.go",
		"tree_test.go",
		"utf16_benchmark_test.go",
		"utf16_test.go",
		"w1_sibling_splice_test.go",
		"walk_test.go",
		"work_count_production_assembly_test.go"
	],
	"TestImports": [
		"bytes",
		"compress/gzip",
		"context",
		"crypto/sha256",
		"encoding/binary",
		"encoding/gob",
		"encoding/json",
		"errors",
		"fmt",
		"github.com/odvcencio/gotreesitter/internal/parsercorephase0",
		"go/ast",
		"go/parser",
		"go/token",
		"io",
		"io/fs",
		"math",
		"math/rand",
		"os",
		"os/exec",
		"path/filepath",
		"reflect",
		"regexp",
		"runtime",
		"runtime/debug",
		"slices",
		"sort",
		"strconv",
		"strings",
		"sync",
		"sync/atomic",
		"testing",
		"time",
		"unicode/utf16",
		"unicode/utf8",
		"unsafe"
	],
	"XTestGoFiles": [
		"admission_census_recovery_shape_test.go",
		"admission_compat_tail_elision_test.go",
		"admission_generic_conflict_test.go",
		"admission_recover_eof_admission_test.go",
		"admission_route_equality_byte_continuity_gap_test.go",
		"admission_route_equality_leaf_tiling_test.go",
		"admission_route_equality_root_leading_gap_test.go",
		"admission_switch_a3_arm_noop_confirmation_test.go",
		"admission_switch_acceptance_frontier_test.go",
		"admission_switch_cap_pressure_test.go",
		"admission_switch_converged_path_test.go",
		"admission_switch_csharp_materiality_test.go",
		"admission_switch_eof_recovery_retirement_test.go",
		"admission_switch_erlang_converged_split_probe_test.go",
		"admission_switch_kotlin_certification_test.go",
		"admission_switch_stop_control_test.go",
		"admission_switch_test.go",
		"benchmark_admission_fresh_test.go",
		"benchmark_big3_test.go",
		"benchmark_c_clean_suffix_test.go",
		"benchmark_c_incremental_growth_test.go",
		"benchmark_cmake_forest_test.go",
		"benchmark_family_test.go",
		"benchmark_grammar_loading_test.go",
		"benchmark_highlight_test.go",
		"benchmark_query_test.go",
		"benchmark_real_go_test.go",
		"benchmark_recovery_test.go",
		"benchmark_recurring_parse_test.go",
		"benchmark_tagger_test.go",
		"benchmark_test.go",
		"benchmark_uncovered_test.go",
		"benchmark_warm_reuse_test.go",
		"compact_nested_reuse_lookahead_test.go",
		"fact_program_test.go",
		"forest_cap_pinning_json5_test.go",
		"forest_contiguity_test.go",
		"forest_gap_rejection_test.go",
		"forest_incremental_admission_test.go",
		"forest_incremental_correctness_test.go",
		"forest_regen_guard_test.go",
		"forest_scanner_width_edit_test.go",
		"forest_trailing_extra_test.go",
		"fuzz_admission_route_equality_test.go",
		"fuzz_parser_test.go",
		"fuzz_tagger_test.go",
		"glr_forest_dispatch_test.go",
		"highlight_integration_test.go",
		"highlight_parser_go_regression_test.go",
		"incremental_clamp_replace_test.go",
		"incremental_edit_sequence_test.go",
		"incremental_invariant_gate_test.go",
		"incremental_rust_fastpath_test.go",
		"incremental_suffix_reuse_test.go",
		"issue380_cnode_memo_cache_growth_determinism_test.go",
		"issue380_incremental_insert_cache_warmup_nondeterminism_repro_test.go",
		"issue380_incremental_insert_slowdown_repro_test.go",
		"issue728_incremental_reuse_regression_test.go",
		"memory_budget_api_test.go",
		"oedit_leading_splice_sweep_test.go",
		"oedit_range_normalize_bench_test.go",
		"oedit_range_normalize_sweep_test.go",
		"outline_api_test.go",
		"outline_coupling_test.go",
		"outline_golden_test.go",
		"parser_big3_incremental_correctness_test.go",
		"parser_collapsed_child_policy_external_test.go",
		"parser_compact_error_edit_parity_test.go",
		"parser_compact_tree_incremental_reuse_test.go",
		"parser_cpp_storage_specifier_production_route_test.go",
		"parser_csharp_boundedness_test.go",
		"parser_csharp_namespace_recovery_test.go",
		"parser_derived_tables_bench_test.go",
		"parser_external_scanner_incremental_test.go",
		"parser_external_scanner_prefix_frontier_test.go",
		"parser_full_parse_ownership_test.go",
		"parser_fullparse_retry_test.go",
		"parser_go_newmake_edge_test.go",
		"parser_go_newmake_fix_test.go",
		"parser_go_newmake_residual_test.go",
		"parser_go_regression_test.go",
		"parser_go_scanner_quiescence_test.go",
		"parser_go_test.go",
		"parser_html_incremental_certification_test.go",
		"parser_included_ranges_go_root_test.go",
		"parser_included_ranges_kotlin_root_test.go",
		"parser_issue454_reuse_profile_test.go",
		"parser_leaf_token_regression_test.go",
		"parser_markdown_incremental_certification_test.go",
		"parser_powershell_continuation_padding_test.go",
		"parser_powershell_incremental_certification_test.go",
		"parser_recover_c_external_grammars_test.go",
		"parser_recover_c_requirements_test.go",
		"parser_recover_cycle_sweep_test.go",
		"parser_recovery_memory_bound_test.go",
		"parser_result_bitbake_test.go",
		"parser_result_cpp_recovery_test.go",
		"parser_result_doxygen_test.go",
		"parser_result_go_compat_byte_identity_test.go",
		"parser_result_go_compat_memory_budget_clean_test.go",
		"parser_result_javascript_block_assignment_regression_test.go",
		"parser_result_javascript_typescript_memory_budget_clean_test.go",
		"parser_result_javascript_unicode_trivia_test.go",
		"parser_result_julia_test.go",
		"parser_result_kotlin_real_test.go",
		"parser_result_objc_test.go",
		"parser_result_root_start_test.go",
		"parser_result_scala_produced_span_test.go",
		"parser_reuse_budget_test.go",
		"parser_scala_incremental_certification_test.go",
		"parser_scanner_identity_leaf_test.go",
		"parser_scratch_isolation_test.go",
		"parser_sql_incremental_certification_test.go",
		"parser_stateless_scanner_incremental_certification_test.go",
		"parser_typescript_destructured_cap_two_test.go",
		"parser_typescript_merge_cap_race_test.go",
		"parser_typescript_merge_cap_subsumption_test.go",
		"parser_typescript_merge_cap_variant_b_test.go",
		"parsercore_phase0_acceptance_election_materiality_test.go",
		"parsestate_replay_diff_test.go",
		"parsestate_replay_resync_test.go",
		"pointer_light_measurement_test.go",
		"pointer_light_soa_test.go",
		"python_root_haserror_gate_test.go",
		"query_impossible_pattern_test.go",
		"query_kotlin_regression_test.go",
		"query_predicate_semantics_test.go",
		"query_starlark_issue44_test.go",
		"race_disabled_test.go",
		"rust_token_tree_fork_reduction_test.go",
		"tagger_integration_test.go",
		"tree_handle_lifetime_test.go",
		"understanding_test.go",
		"w1_block_splice_test.go",
		"w1_leading_splice_test.go",
		"w1_sibling_splice_realparse_test.go",
		"w1b_reduce_settle_test.go",
		"w5_editor_latency_gate_test.go",
		"work_count_admission_child_test.go",
		"work_count_child_common_test.go"
	],
	"XTestImports": [
		"bytes",
		"crypto/sha256",
		"embed",
		"encoding/hex",
		"encoding/json",
		"fmt",
		"github.com/odvcencio/gotreesitter",
		"github.com/odvcencio/gotreesitter/grammargen",
		"github.com/odvcencio/gotreesitter/grammars",
		"github.com/odvcencio/gotreesitter/internal/benchfixtures",
		"math/rand",
		"os",
		"os/exec",
		"path/filepath",
		"reflect",
		"runtime",
		"runtime/debug",
		"runtime/pprof",
		"slices",
		"sort",
		"strconv",
		"strings",
		"sync",
		"sync/atomic",
		"testing",
		"time",
		"unicode/utf8"
	],
	"XTestEmbedPatterns": [
		"grammars/languages.lock"
	]
}
{
	"Dir": "D:\\AIDEV\\go-treesitter\\.scratch\\modcache\\github.com\\odvcencio\\gotreesitter@v0.53.0\\grammars\\internal\\standaloneregistry",
	"ImportPath": "github.com/odvcencio/gotreesitter/grammars/internal/standaloneregistry",
	"Name": "standaloneregistry",
	"Doc": "Package standaloneregistry records opt-in grammar metadata without importing the aggregate grammar catalog.",
	"Root": "D:\\AIDEV\\go-treesitter\\.scratch\\modcache\\github.com\\odvcencio\\gotreesitter@v0.53.0",
	"Module": {
		"Path": "github.com/odvcencio/gotreesitter",
		"Version": "v0.53.0",
		"Time": "2026-09-19T08:40:16Z",
		"Dir": "D:\\AIDEV\\go-treesitter\\.scratch\\modcache\\github.com\\odvcencio\\gotreesitter@v0.53.0",
		"GoMod": "D:\\AIDEV\\go-treesitter\\.scratch\\modcache\\cache\\download\\github.com\\odvcencio\\gotreesitter\\@v\\v0.53.0.mod",
		"GoVersion": "1.22.0",
		"Sum": "h1:VWoixJYMb01xde2BSXejzMmvLagj8B01sOSqNUUqsfA=",
		"GoModSum": "h1:hBVkghd0paaYAVwd2087vfwdeU984bQbMo9LvpE0moo="
	},
	"DepOnly": true,
	"GoFiles": [
		"registry.go"
	],
	"Imports": [
		"github.com/odvcencio/gotreesitter",
		"sync",
		"sync/atomic"
	],
	"Deps": [
		"bufio",
		"bytes",
		"cmp",
		"compress/flate",
		"compress/gzip",
		"crypto",
		"crypto/cipher",
		"crypto/fips140",
		"crypto/internal/boring",
		"crypto/internal/boring/sig",
		"crypto/internal/constanttime",
		"crypto/internal/entropy/v1.0.0",
		"crypto/internal/fips140",
		"crypto/internal/fips140/aes",
		"crypto/internal/fips140/aes/gcm",
		"crypto/internal/fips140/alias",
		"crypto/internal/fips140/check",
		"crypto/internal/fips140/drbg",
		"crypto/internal/fips140/hmac",
		"crypto/internal/fips140/sha256",
		"crypto/internal/fips140/sha3",
		"crypto/internal/fips140/sha512",
		"crypto/internal/fips140/subtle",
		"crypto/internal/fips140deps/byteorder",
		"crypto/internal/fips140deps/cpu",
		"crypto/internal/fips140deps/godebug",
		"crypto/internal/fips140deps/time",
		"crypto/internal/fips140only",
		"crypto/internal/impl",
		"crypto/internal/sysrand",
		"crypto/sha256",
		"crypto/subtle",
		"embed",
		"encoding",
		"encoding/base32",
		"encoding/base64",
		"encoding/binary",
		"encoding/gob",
		"encoding/hex",
		"encoding/json",
		"encoding/json/internal",
		"encoding/json/internal/jsonflags",
		"encoding/json/internal/jsonopts",
		"encoding/json/internal/jsonwire",
		"encoding/json/jsontext",
		"encoding/json/v2",
		"errors",
		"fmt",
		"github.com/odvcencio/gotreesitter",
		"github.com/odvcencio/gotreesitter/internal/luapattern",
		"github.com/odvcencio/gotreesitter/internal/parsercorephase0",
		"go/ast",
		"go/build/constraint",
		"go/parser",
		"go/scanner",
		"go/token",
		"hash",
		"hash/crc32",
		"internal/abi",
		"internal/asan",
		"internal/bisect",
		"internal/bytealg",
		"internal/byteorder",
		"internal/chacha8rand",
		"internal/coverage/rtcov",
		"internal/cpu",
		"internal/filepathlite",
		"internal/fmtsort",
		"internal/goarch",
		"internal/godebug",
		"internal/godebugs",
		"internal/goexperiment",
		"internal/goos",
		"internal/msan",
		"internal/oserror",
		"internal/poll",
		"internal/profilerecord",
		"internal/race",
		"internal/reflectlite",
		"internal/runtime/atomic",
		"internal/runtime/exithook",
		"internal/runtime/gc",
		"internal/runtime/gc/scan",
		"internal/runtime/maps",
		"internal/runtime/math",
		"internal/runtime/pprof/label",
		"internal/runtime/sys",
		"internal/runtime/syscall/windows",
		"internal/saferio",
		"internal/strconv",
		"internal/stringslite",
		"internal/sync",
		"internal/synctest",
		"internal/syscall/execenv",
		"internal/syscall/windows",
		"internal/syscall/windows/registry",
		"internal/syscall/windows/sysdll",
		"internal/testlog",
		"internal/trace/tracev2",
		"internal/unsafeheader",
		"io",
		"io/fs",
		"iter",
		"maps",
		"math",
		"math/bits",
		"os",
		"path",
		"path/filepath",
		"reflect",
		"regexp",
		"regexp/syntax",
		"runtime",
		"slices",
		"sort",
		"strconv",
		"strings",
		"structs",
		"sync",
		"sync/atomic",
		"syscall",
		"time",
		"unicode",
		"unicode/utf16",
		"unicode/utf8",
		"unsafe"
	],
	"TestGoFiles": [
		"registry_test.go"
	],
	"TestImports": [
		"testing"
	]
}
{
	"Dir": "C:\\Program Files\\Go\\src\\container\\list",
	"ImportPath": "container/list",
	"Name": "list",
	"Doc": "Package list implements a doubly linked list.",
	"Root": "C:\\Program Files\\Go",
	"Goroot": true,
	"Standard": true,
	"DepOnly": true,
	"GoFiles": [
		"list.go"
	],
	"TestGoFiles": [
		"list_test.go"
	],
	"TestImports": [
		"testing"
	],
	"XTestGoFiles": [
		"example_test.go"
	],
	"XTestImports": [
		"container/list",
		"fmt"
	]
}
{
	"Dir": "D:\\AIDEV\\go-treesitter\\.scratch\\modcache\\github.com\\odvcencio\\gotreesitter@v0.53.0\\grammars\\internal\\pythonruntime",
	"ImportPath": "github.com/odvcencio/gotreesitter/grammars/internal/pythonruntime",
	"Name": "pythonruntime",
	"Root": "D:\\AIDEV\\go-treesitter\\.scratch\\modcache\\github.com\\odvcencio\\gotreesitter@v0.53.0",
	"Module": {
		"Path": "github.com/odvcencio/gotreesitter",
		"Version": "v0.53.0",
		"Time": "2026-09-19T08:40:16Z",
		"Dir": "D:\\AIDEV\\go-treesitter\\.scratch\\modcache\\github.com\\odvcencio\\gotreesitter@v0.53.0",
		"GoMod": "D:\\AIDEV\\go-treesitter\\.scratch\\modcache\\cache\\download\\github.com\\odvcencio\\gotreesitter\\@v\\v0.53.0.mod",
		"GoVersion": "1.22.0",
		"Sum": "h1:VWoixJYMb01xde2BSXejzMmvLagj8B01sOSqNUUqsfA=",
		"GoModSum": "h1:hBVkghd0paaYAVwd2087vfwdeU984bQbMo9LvpE0moo="
	},
	"DepOnly": true,
	"GoFiles": [
		"external_lex_states_gen.go",
		"scanner.go",
		"state.go"
	],
	"Imports": [
		"github.com/odvcencio/gotreesitter"
	],
	"Deps": [
		"bufio",
		"bytes",
		"cmp",
		"compress/flate",
		"compress/gzip",
		"crypto",
		"crypto/cipher",
		"crypto/fips140",
		"crypto/internal/boring",
		"crypto/internal/boring/sig",
		"crypto/internal/constanttime",
		"crypto/internal/entropy/v1.0.0",
		"crypto/internal/fips140",
		"crypto/internal/fips140/aes",
		"crypto/internal/fips140/aes/gcm",
		"crypto/internal/fips140/alias",
		"crypto/internal/fips140/check",
		"crypto/internal/fips140/drbg",
		"crypto/internal/fips140/hmac",
		"crypto/internal/fips140/sha256",
		"crypto/internal/fips140/sha3",
		"crypto/internal/fips140/sha512",
		"crypto/internal/fips140/subtle",
		"crypto/internal/fips140deps/byteorder",
		"crypto/internal/fips140deps/cpu",
		"crypto/internal/fips140deps/godebug",
		"crypto/internal/fips140deps/time",
		"crypto/internal/fips140only",
		"crypto/internal/impl",
		"crypto/internal/sysrand",
		"crypto/sha256",
		"crypto/subtle",
		"embed",
		"encoding",
		"encoding/base32",
		"encoding/base64",
		"encoding/binary",
		"encoding/gob",
		"encoding/hex",
		"encoding/json",
		"encoding/json/internal",
		"encoding/json/internal/jsonflags",
		"encoding/json/internal/jsonopts",
		"encoding/json/internal/jsonwire",
		"encoding/json/jsontext",
		"encoding/json/v2",
		"errors",
		"fmt",
		"github.com/odvcencio/gotreesitter",
		"github.com/odvcencio/gotreesitter/internal/luapattern",
		"github.com/odvcencio/gotreesitter/internal/parsercorephase0",
		"go/ast",
		"go/build/constraint",
		"go/parser",
		"go/scanner",
		"go/token",
		"hash",
		"hash/crc32",
		"internal/abi",
		"internal/asan",
		"internal/bisect",
		"internal/bytealg",
		"internal/byteorder",
		"internal/chacha8rand",
		"internal/coverage/rtcov",
		"internal/cpu",
		"internal/filepathlite",
		"internal/fmtsort",
		"internal/goarch",
		"internal/godebug",
		"internal/godebugs",
		"internal/goexperiment",
		"internal/goos",
		"internal/msan",
		"internal/oserror",
		"internal/poll",
		"internal/profilerecord",
		"internal/race",
		"internal/reflectlite",
		"internal/runtime/atomic",
		"internal/runtime/exithook",
		"internal/runtime/gc",
		"internal/runtime/gc/scan",
		"internal/runtime/maps",
		"internal/runtime/math",
		"internal/runtime/pprof/label",
		"internal/runtime/sys",
		"internal/runtime/syscall/windows",
		"internal/saferio",
		"internal/strconv",
		"internal/stringslite",
		"internal/sync",
		"internal/synctest",
		"internal/syscall/execenv",
		"internal/syscall/windows",
		"internal/syscall/windows/registry",
		"internal/syscall/windows/sysdll",
		"internal/testlog",
		"internal/trace/tracev2",
		"internal/unsafeheader",
		"io",
		"io/fs",
		"iter",
		"maps",
		"math",
		"math/bits",
		"os",
		"path",
		"path/filepath",
		"reflect",
		"regexp",
		"regexp/syntax",
		"runtime",
		"slices",
		"sort",
		"strconv",
		"strings",
		"structs",
		"sync",
		"sync/atomic",
		"syscall",
		"time",
		"unicode",
		"unicode/utf16",
		"unicode/utf8",
		"unsafe"
	],
	"TestGoFiles": [
		"binding_test.go",
		"digit_invariant_test.go",
		"state_test.go"
	],
	"TestImports": [
		"bytes",
		"github.com/odvcencio/gotreesitter",
		"github.com/odvcencio/gotreesitter/grammars/grammar_blobs",
		"reflect",
		"slices",
		"strings",
		"testing",
		"unsafe"
	]
}
{
	"Dir": "C:\\Program Files\\Go\\src\\hash\\fnv",
	"ImportPath": "hash/fnv",
	"Name": "fnv",
	"Doc": "Package fnv implements FNV-1 and FNV-1a, non-cryptographic hash functions created by Glenn Fowler, Landon Curt Noll, and Phong Vo.",
	"Root": "C:\\Program Files\\Go",
	"Goroot": true,
	"Standard": true,
	"DepOnly": true,
	"GoFiles": [
		"fnv.go"
	],
	"Imports": [
		"errors",
		"hash",
		"internal/byteorder",
		"math/bits"
	],
	"Deps": [
		"errors",
		"hash",
		"internal/abi",
		"internal/asan",
		"internal/bytealg",
		"internal/byteorder",
		"internal/chacha8rand",
		"internal/coverage/rtcov",
		"internal/cpu",
		"internal/goarch",
		"internal/godebugs",
		"internal/goexperiment",
		"internal/goos",
		"internal/msan",
		"internal/profilerecord",
		"internal/race",
		"internal/reflectlite",
		"internal/runtime/atomic",
		"internal/runtime/exithook",
		"internal/runtime/gc",
		"internal/runtime/gc/scan",
		"internal/runtime/maps",
		"internal/runtime/math",
		"internal/runtime/pprof/label",
		"internal/runtime/sys",
		"internal/runtime/syscall/windows",
		"internal/strconv",
		"internal/stringslite",
		"internal/sync",
		"internal/synctest",
		"internal/trace/tracev2",
		"internal/unsafeheader",
		"io",
		"math/bits",
		"runtime",
		"sync",
		"sync/atomic",
		"unsafe"
	],
	"TestGoFiles": [
		"fnv_test.go"
	],
	"TestImports": [
		"bytes",
		"encoding",
		"encoding/binary",
		"hash",
		"internal/testhash",
		"io",
		"testing"
	]
}
{
	"Dir": "D:\\AIDEV\\go-treesitter\\.scratch\\modcache\\github.com\\odvcencio\\gotreesitter@v0.53.0\\grammars\\runtime",
	"ImportPath": "github.com/odvcencio/gotreesitter/grammars/runtime",
	"Name": "grammarruntime",
	"Doc": "Package grammarruntime supplies shared support for packaged grammars.",
	"Root": "D:\\AIDEV\\go-treesitter\\.scratch\\modcache\\github.com\\odvcencio\\gotreesitter@v0.53.0",
	"Module": {
		"Path": "github.com/odvcencio/gotreesitter",
		"Version": "v0.53.0",
		"Time": "2026-09-19T08:40:16Z",
		"Dir": "D:\\AIDEV\\go-treesitter\\.scratch\\modcache\\github.com\\odvcencio\\gotreesitter@v0.53.0",
		"GoMod": "D:\\AIDEV\\go-treesitter\\.scratch\\modcache\\cache\\download\\github.com\\odvcencio\\gotreesitter\\@v\\v0.53.0.mod",
		"GoVersion": "1.22.0",
		"Sum": "h1:VWoixJYMb01xde2BSXejzMmvLagj8B01sOSqNUUqsfA=",
		"GoModSum": "h1:hBVkghd0paaYAVwd2087vfwdeU984bQbMo9LvpE0moo="
	},
	"DepOnly": true,
	"GoFiles": [
		"agda_scanner.go",
		"angular_external_lex_states_gen.go",
		"angular_scanner.go",
		"arduino_external_lex_states_gen.go",
		"arduino_scanner.go",
		"astro_external_lex_states_gen.go",
		"astro_scanner.go",
		"authzed_lexer.go",
		"awk_external_lex_states_gen.go",
		"awk_scanner.go",
		"bash_external_lex_states_gen.go",
		"bash_scanner.go",
		"beancount_external_lex_states_gen.go",
		"beancount_scanner.go",
		"bicep_external_lex_states_gen.go",
		"bicep_scanner.go",
		"bitbake_external_lex_states_gen.go",
		"bitbake_scanner.go",
		"blade_external_lex_states_gen.go",
		"blade_external_scanner.go",
		"blade_scanner.go",
		"blob_source.go",
		"builtin_scanners_gen.go",
		"c_lexer.go",
		"c_sharp_external_lex_states.go",
		"caddy_external_lex_states_gen.go",
		"caddy_scanner.go",
		"cairo_external_lex_states_gen.go",
		"cairo_scanner.go",
		"cmake_external_lex_states_gen.go",
		"cmake_scanner.go",
		"cobol_external_lex_states.go",
		"cobol_scanner.go",
		"comment_scanner.go",
		"cooklang_external_lex_states_gen.go",
		"cooklang_scanner.go",
		"cpp_external_lex_states_gen.go",
		"cpp_scanner.go",
		"crystal_external_lex_states_gen.go",
		"crystal_scanner.go",
		"csharp_scanner.go",
		"css_external_lex_states_gen.go",
		"css_scanner.go",
		"cuda_external_lex_states_gen.go",
		"cuda_scanner.go",
		"cue_external_lex_states_gen.go",
		"cue_scanner.go",
		"d_external_lex_states_gen.go",
		"d_scanner.go",
		"dart_external_lex_states_gen.go",
		"dart_scanner.go",
		"dhall_scanner.go",
		"disassembly_external_lex_states_gen.go",
		"disassembly_scanner.go",
		"djot_scanner.go",
		"dockerfile_external_lex_states_gen.go",
		"dockerfile_scanner.go",
		"doxygen_scanner.go",
		"dtd_external_lex_states_gen.go",
		"dtd_scanner.go",
		"earthfile_external_lex_states_gen.go",
		"earthfile_scanner.go",
		"editorconfig_external_lex_states_gen.go",
		"editorconfig_scanner.go",
		"elixir_external_lex_states_gen.go",
		"elixir_scanner.go",
		"elm_external_lex_states_gen.go",
		"elm_scanner.go",
		"embedded_loader.go",
		"erlang_external_lex_states_gen.go",
		"erlang_scanner.go",
		"external_scanner_binding.go",
		"external_scanner_spec.go",
		"fennel_external_lex_states_gen.go",
		"fennel_scanner.go",
		"firrtl_external_lex_states_gen.go",
		"firrtl_scanner.go",
		"fish_scanner.go",
		"foam_external_lex_states_gen.go",
		"foam_scanner.go",
		"fortran_external_lex_states_gen.go",
		"fortran_scanner.go",
		"fsharp_scanner.go",
		"gdscript_external_lex_states_gen.go",
		"gdscript_scanner.go",
		"generic_lexer.go",
		"gitcommit_external_lex_states_gen.go",
		"gitcommit_scanner.go",
		"gleam_external_lex_states_gen.go",
		"gleam_scanner.go",
		"gn_external_lex_states_gen.go",
		"gn_scanner.go",
		"go_lexer.go",
		"go_scanner.go",
		"godot_resource_scanner.go",
		"grammargen_blob_override.go",
		"hack_external_lex_states_gen.go",
		"hack_scanner.go",
		"haskell_scanner.go",
		"haxe_external_lex_states_gen.go",
		"haxe_scanner.go",
		"hcl_scanner.go",
		"hlsl_external_lex_states_gen.go",
		"hlsl_scanner.go",
		"html_external_lex_states_gen.go",
		"html_lexer.go",
		"html_scanner.go",
		"html_tags.go",
		"janet_external_lex_states_gen.go",
		"janet_scanner.go",
		"java_lexer.go",
		"javascript_external_lex_states.go",
		"javascript_reserved_words_gen.go",
		"javascript_scanner.go",
		"jsdoc_external_lex_states_gen.go",
		"jsdoc_scanner.go",
		"json_lexer.go",
		"jsonnet_external_lex_states_gen.go",
		"jsonnet_scanner.go",
		"julia_external_lex_states_gen.go",
		"julia_scanner.go",
		"just_external_lex_states_gen.go",
		"just_scanner.go",
		"kconfig_external_lex_states_gen.go",
		"kconfig_scanner.go",
		"kdl_external_lex_states_gen.go",
		"kdl_scanner.go",
		"kotlin_external_lex_states_gen.go",
		"kotlin_scanner.go",
		"language_compact.go",
		"less_external_lex_states_gen.go",
		"less_scanner.go",
		"lexer_symbol_helpers.go",
		"liquid_external_lex_states_gen.go",
		"liquid_scanner.go",
		"lua_lexer.go",
		"lua_scanner.go",
		"luau_external_lex_states_gen.go",
		"luau_scanner.go",
		"markdown_inline_scanner.go",
		"markdown_scanner.go",
		"matlab_external_lex_states_gen.go",
		"matlab_scanner.go",
		"mojo_external_lex_states_gen.go",
		"mojo_scanner.go",
		"move_external_lex_states_gen.go",
		"move_scanner.go",
		"nginx_scanner.go",
		"nickel_external_lex_states_gen.go",
		"nickel_scanner.go",
		"nim_external_lex_states_gen.go",
		"nim_scanner.go",
		"nix_scanner.go",
		"norg_scanner.go",
		"nushell_external_lex_states_gen.go",
		"nushell_scanner.go",
		"ocaml_reserved_words_gen.go",
		"ocaml_scanner.go",
		"odin_external_lex_states_gen.go",
		"odin_scanner.go",
		"org_external_lex_states_gen.go",
		"org_scanner.go",
		"perl_scanner.go",
		"php_external_lex_states_gen.go",
		"php_reserved_words_gen.go",
		"php_scanner.go",
		"pkl_external_lex_states_gen.go",
		"pkl_reserved_words_gen.go",
		"pkl_scanner.go",
		"powershell_external_lex_states_gen.go",
		"powershell_scanner.go",
		"properties_scanner.go",
		"pug_external_lex_states_gen.go",
		"pug_scanner.go",
		"purescript_external_lex_states_gen.go",
		"purescript_scanner.go",
		"python_external_lex_states_gen.go",
		"python_reserved_words_gen.go",
		"python_scanner.go",
		"python_scanner_shared.go",
		"r_external_lex_states_gen.go",
		"r_scanner.go",
		"racket_scanner.go",
		"rawstring_scanner.go",
		"rescript_external_lex_states_gen.go",
		"rescript_scanner.go",
		"ron_external_lex_states_gen.go",
		"ron_scanner.go",
		"rst_scanner.go",
		"ruby_external_lex_states_gen.go",
		"ruby_scanner.go",
		"runtime_profiles.go",
		"rust_external_lex_states_gen.go",
		"rust_scanner.go",
		"scala_external_lex_states_gen.go",
		"scala_scanner.go",
		"scss_scanner.go",
		"sql_external_lex_states_gen.go",
		"sql_scanner.go",
		"squirrel_external_lex_states_gen.go",
		"squirrel_scanner.go",
		"starlark_external_lex_states_gen.go",
		"starlark_scanner.go",
		"support_agda.go",
		"support_angular.go",
		"support_arduino.go",
		"support_astro.go",
		"support_awk.go",
		"support_bash.go",
		"support_beancount.go",
		"support_bicep.go",
		"support_bitbake.go",
		"support_blade.go",
		"support_c_sharp.go",
		"support_caddy.go",
		"support_cairo.go",
		"support_cmake.go",
		"support_cobol.go",
		"support_comment.go",
		"support_cooklang.go",
		"support_cpp.go",
		"support_crystal.go",
		"support_css.go",
		"support_cuda.go",
		"support_cue.go",
		"support_d.go",
		"support_dart.go",
		"support_dhall.go",
		"support_disassembly.go",
		"support_djot.go",
		"support_dockerfile.go",
		"support_doxygen.go",
		"support_dtd.go",
		"support_earthfile.go",
		"support_editorconfig.go",
		"support_elixir.go",
		"support_elm.go",
		"support_erlang.go",
		"support_fennel.go",
		"support_firrtl.go",
		"support_fish.go",
		"support_foam.go",
		"support_fortran.go",
		"support_fsharp.go",
		"support_gdscript.go",
		"support_gitcommit.go",
		"support_gleam.go",
		"support_gn.go",
		"support_go.go",
		"support_godot_resource.go",
		"support_hack.go",
		"support_haskell.go",
		"support_haxe.go",
		"support_hcl.go",
		"support_hlsl.go",
		"support_html.go",
		"support_janet.go",
		"support_javascript.go",
		"support_jsdoc.go",
		"support_jsonnet.go",
		"support_julia.go",
		"support_just.go",
		"support_kconfig.go",
		"support_kdl.go",
		"support_kotlin.go",
		"support_less.go",
		"support_liquid.go",
		"support_lua.go",
		"support_luau.go",
		"support_markdown.go",
		"support_markdown_inline.go",
		"support_matlab.go",
		"support_mojo.go",
		"support_move.go",
		"support_nginx.go",
		"support_nickel.go",
		"support_nim.go",
		"support_nix.go",
		"support_norg.go",
		"support_nushell.go",
		"support_ocaml.go",
		"support_odin.go",
		"support_org.go",
		"support_perl.go",
		"support_php.go",
		"support_pkl.go",
		"support_powershell.go",
		"support_properties.go",
		"support_pug.go",
		"support_purescript.go",
		"support_python.go",
		"support_r.go",
		"support_racket.go",
		"support_rescript.go",
		"support_ron.go",
		"support_rst.go",
		"support_ruby.go",
		"support_rust.go",
		"support_scala.go",
		"support_scss.go",
		"support_sql.go",
		"support_squirrel.go",
		"support_starlark.go",
		"support_svelte.go",
		"support_swift.go",
		"support_tablegen.go",
		"support_tcl.go",
		"support_teal.go",
		"support_templ.go",
		"support_tlaplus.go",
		"support_toml.go",
		"support_tsx.go",
		"support_typescript.go",
		"support_typst.go",
		"support_uxntal.go",
		"support_vhdl.go",
		"support_vue.go",
		"support_wgsl.go",
		"support_wolfram.go",
		"support_xml.go",
		"support_yaml.go",
		"support_yuck.go",
		"svelte_external_lex_states_gen.go",
		"svelte_scanner.go",
		"swift_scanner.go",
		"tablegen_external_lex_states_gen.go",
		"tablegen_scanner.go",
		"tcl_external_lex_states_gen.go",
		"tcl_scanner.go",
		"teal_external_lex_states_gen.go",
		"teal_scanner.go",
		"templ_external_lex_states_gen.go",
		"templ_reserved_words_gen.go",
		"templ_scanner.go",
		"tlaplus_scanner.go",
		"token_source_common.go",
		"token_source_factory_builtin.go",
		"token_source_factory_registry.go",
		"toml_lexer.go",
		"toml_scanner.go",
		"tsx_external_lex_states_gen.go",
		"tsx_scanner.go",
		"typescript_external_lex_states_gen.go",
		"typescript_scanner.go",
		"typst_external_lex_states_gen.go",
		"typst_scanner.go",
		"uxntal_external_lex_states_gen.go",
		"uxntal_scanner.go",
		"vhdl_external_lex_states_gen.go",
		"vhdl_scanner.go",
		"vue_external_lex_states_gen.go",
		"vue_scanner.go",
		"wgsl_external_lex_states_gen.go",
		"wgsl_scanner.go",
		"wolfram_scanner.go",
		"xml_scanner.go",
		"yaml_external_lex_states_gen.go",
		"yaml_scanner.go",
		"yuck_scanner.go"
	],
	"IgnoredGoFiles": [
		"z_subset_token_source_factory_authzed.go",
		"z_subset_token_source_factory_c_family.go",
		"z_subset_token_source_factory_java.go",
		"z_subset_token_source_factory_json.go"
	],
	"Imports": [
		"container/list",
		"crypto/sha256",
		"encoding/binary",
		"encoding/hex",
		"fmt",
		"github.com/odvcencio/gotreesitter",
		"github.com/odvcencio/gotreesitter/grammars/internal/pythonruntime",
		"go/scanner",
		"go/token",
		"hash/fnv",
		"os",
		"path/filepath",
		"slices",
		"sort",
		"strconv",
		"strings",
		"sync",
		"sync/atomic",
		"time",
		"unicode",
		"unicode/utf16",
		"unicode/utf8",
		"unsafe"
	],
	"Deps": [
		"bufio",
		"bytes",
		"cmp",
		"compress/flate",
		"compress/gzip",
		"container/list",
		"crypto",
		"crypto/cipher",
		"crypto/fips140",
		"crypto/internal/boring",
		"crypto/internal/boring/sig",
		"crypto/internal/constanttime",
		"crypto/internal/entropy/v1.0.0",
		"crypto/internal/fips140",
		"crypto/internal/fips140/aes",
		"crypto/internal/fips140/aes/gcm",
		"crypto/internal/fips140/alias",
		"crypto/internal/fips140/check",
		"crypto/internal/fips140/drbg",
		"crypto/internal/fips140/hmac",
		"crypto/internal/fips140/sha256",
		"crypto/internal/fips140/sha3",
		"crypto/internal/fips140/sha512",
		"crypto/internal/fips140/subtle",
		"crypto/internal/fips140deps/byteorder",
		"crypto/internal/fips140deps/cpu",
		"crypto/internal/fips140deps/godebug",
		"crypto/internal/fips140deps/time",
		"crypto/internal/fips140only",
		"crypto/internal/impl",
		"crypto/internal/sysrand",
		"crypto/sha256",
		"crypto/subtle",
		"embed",
		"encoding",
		"encoding/base32",
		"encoding/base64",
		"encoding/binary",
		"encoding/gob",
		"encoding/hex",
		"encoding/json",
		"encoding/json/internal",
		"encoding/json/internal/jsonflags",
		"encoding/json/internal/jsonopts",
		"encoding/json/internal/jsonwire",
		"encoding/json/jsontext",
		"encoding/json/v2",
		"errors",
		"fmt",
		"github.com/odvcencio/gotreesitter",
		"github.com/odvcencio/gotreesitter/grammars/internal/pythonruntime",
		"github.com/odvcencio/gotreesitter/internal/luapattern",
		"github.com/odvcencio/gotreesitter/internal/parsercorephase0",
		"go/ast",
		"go/build/constraint",
		"go/parser",
		"go/scanner",
		"go/token",
		"hash",
		"hash/crc32",
		"hash/fnv",
		"internal/abi",
		"internal/asan",
		"internal/bisect",
		"internal/bytealg",
		"internal/byteorder",
		"internal/chacha8rand",
		"internal/coverage/rtcov",
		"internal/cpu",
		"internal/filepathlite",
		"internal/fmtsort",
		"internal/goarch",
		"internal/godebug",
		"internal/godebugs",
		"internal/goexperiment",
		"internal/goos",
		"internal/msan",
		"internal/oserror",
		"internal/poll",
		"internal/profilerecord",
		"internal/race",
		"internal/reflectlite",
		"internal/runtime/atomic",
		"internal/runtime/exithook",
		"internal/runtime/gc",
		"internal/runtime/gc/scan",
		"internal/runtime/maps",
		"internal/runtime/math",
		"internal/runtime/pprof/label",
		"internal/runtime/sys",
		"internal/runtime/syscall/windows",
		"internal/saferio",
		"internal/strconv",
		"internal/stringslite",
		"internal/sync",
		"internal/synctest",
		"internal/syscall/execenv",
		"internal/syscall/windows",
		"internal/syscall/windows/registry",
		"internal/syscall/windows/sysdll",
		"internal/testlog",
		"internal/trace/tracev2",
		"internal/unsafeheader",
		"io",
		"io/fs",
		"iter",
		"maps",
		"math",
		"math/bits",
		"os",
		"path",
		"path/filepath",
		"reflect",
		"regexp",
		"regexp/syntax",
		"runtime",
		"slices",
		"sort",
		"strconv",
		"strings",
		"structs",
		"sync",
		"sync/atomic",
		"syscall",
		"time",
		"unicode",
		"unicode/utf16",
		"unicode/utf8",
		"unsafe"
	],
	"TestGoFiles": [
		"bash_ascii_equivalence_counterexample_test.go",
		"blob_profile_test.go",
		"blob_source_test.go",
		"builtin_scanners_test.go",
		"c_lexer_test.go",
		"catalog_test.go",
		"cooklang_scanner_test.go",
		"dart_scanner_test.go",
		"embedded_loader_eviction_test.go",
		"embedded_loader_test.go",
		"external_scanner_binding_test.go",
		"external_scanner_positional_binding_test.go",
		"foam_scanner_test.go",
		"fsharp_scanner_test.go",
		"grammargen_blob_override_test.go",
		"graphql_lexer_test.go",
		"hcl_scanner_test.go",
		"html_tags_test.go",
		"javascript_scanner_binding_test.go",
		"lua_lexer_test.go",
		"lua_scanner_test.go",
		"markdown_scanner_checkpoint_test.go",
		"nginx_scanner_test.go",
		"reserved_words_attach_test.go",
		"ruby_scanner_test.go",
		"runtime_profiles_eof_retirement_test.go",
		"runtime_profiles_owned_eof_test.go",
		"runtime_profiles_test.go",
		"rust_scanner_test.go",
		"scala_scanner_incremental_test.go",
		"sql_scanner_test.go",
		"swift_scanner_checkpoint_test.go",
		"synthetic_name_test.go",
		"token_source_common_test.go",
		"toml_scanner_test.go",
		"tsx_scanner_binding_test.go",
		"typescript_digit_invariant_test.go",
		"typescript_scanner_binding_test.go",
		"uxntal_scanner_test.go",
		"zero_width_native_regression_test.go",
		"zzwave2_shape_test.go"
	],
	"TestImports": [
		"bytes",
		"compress/gzip",
		"crypto/sha256",
		"encoding/gob",
		"encoding/hex",
		"errors",
		"fmt",
		"github.com/odvcencio/gotreesitter",
		"hash/fnv",
		"os",
		"path/filepath",
		"reflect",
		"runtime",
		"slices",
		"sort",
		"strings",
		"testing",
		"time",
		"unsafe"
	]
}
{
	"Dir": "D:\\AIDEV\\go-treesitter\\.scratch\\modcache\\github.com\\odvcencio\\gotreesitter@v0.53.0\\grammars",
	"ImportPath": "github.com/odvcencio/gotreesitter/grammars",
	"Name": "grammars",
	"Doc": "Package grammars provides built-in and extension tree-sitter grammars with lazy loading.",
	"Root": "D:\\AIDEV\\go-treesitter\\.scratch\\modcache\\github.com\\odvcencio\\gotreesitter@v0.53.0",
	"Module": {
		"Path": "github.com/odvcencio/gotreesitter",
		"Version": "v0.53.0",
		"Time": "2026-09-19T08:40:16Z",
		"Dir": "D:\\AIDEV\\go-treesitter\\.scratch\\modcache\\github.com\\odvcencio\\gotreesitter@v0.53.0",
		"GoMod": "D:\\AIDEV\\go-treesitter\\.scratch\\modcache\\cache\\download\\github.com\\odvcencio\\gotreesitter\\@v\\v0.53.0.mod",
		"GoVersion": "1.22.0",
		"Sum": "h1:VWoixJYMb01xde2BSXejzMmvLagj8B01sOSqNUUqsfA=",
		"GoModSum": "h1:hBVkghd0paaYAVwd2087vfwdeU984bQbMo9LvpE0moo="
	},
	"DepOnly": true,
	"GoFiles": [
		"agda_scanner.go",
		"angular_scanner.go",
		"arduino_scanner.go",
		"astro_scanner.go",
		"authzed_lexer.go",
		"awk_scanner.go",
		"bash_scanner.go",
		"beancount_scanner.go",
		"bicep_scanner.go",
		"bitbake_scanner.go",
		"blade_external_scanner.go",
		"blob_source_common.go",
		"blob_source_embedded.go",
		"c_lexer.go",
		"caddy_scanner.go",
		"cairo_scanner.go",
		"cmake_scanner.go",
		"cobol_scanner.go",
		"comment_scanner.go",
		"cooklang_scanner.go",
		"core100_languages.go",
		"cpp_scanner.go",
		"crystal_scanner.go",
		"csharp_scanner.go",
		"css_scanner.go",
		"cuda_scanner.go",
		"cue_scanner.go",
		"d_scanner.go",
		"dart_scanner.go",
		"dhall_scanner.go",
		"disassembly_scanner.go",
		"djot_scanner.go",
		"dockerfile_scanner.go",
		"doxygen_scanner.go",
		"dtd_scanner.go",
		"earthfile_scanner.go",
		"editorconfig_scanner.go",
		"elixir_scanner.go",
		"elm_scanner.go",
		"embedded_grammars_gen.go",
		"embedded_loader.go",
		"erlang_scanner.go",
		"external_scanner_spec.go",
		"fennel_scanner.go",
		"firrtl_scanner.go",
		"fish_scanner.go",
		"foam_scanner.go",
		"fortran_scanner.go",
		"fsharp_scanner.go",
		"gateway.go",
		"gdscript_scanner.go",
		"generic_lexer.go",
		"gitcommit_scanner.go",
		"gleam_scanner.go",
		"gn_scanner.go",
		"go_lexer.go",
		"go_scanner.go",
		"godot_resource_scanner.go",
		"grammar_ownership.go",
		"hack_scanner.go",
		"haskell_scanner.go",
		"haxe_scanner.go",
		"hcl_scanner.go",
		"hlsl_scanner.go",
		"html_lexer.go",
		"html_scanner.go",
		"janet_scanner.go",
		"java_lexer.go",
		"javascript_scanner.go",
		"jsdoc_scanner.go",
		"json_lexer.go",
		"jsonnet_scanner.go",
		"julia_scanner.go",
		"just_scanner.go",
		"kconfig_scanner.go",
		"kdl_scanner.go",
		"kotlin_scanner.go",
		"language_set_all.go",
		"language_set_runtime.go",
		"less_scanner.go",
		"linguist_gen.go",
		"liquid_scanner.go",
		"lua_lexer.go",
		"lua_scanner.go",
		"luau_scanner.go",
		"markdown_injection_register.go",
		"markdown_inline_scanner.go",
		"markdown_scanner.go",
		"matlab_scanner.go",
		"mojo_scanner.go",
		"move_scanner.go",
		"nginx_scanner.go",
		"nickel_scanner.go",
		"nim_scanner.go",
		"nix_scanner.go",
		"norg_scanner.go",
		"nushell_scanner.go",
		"ocaml_scanner.go",
		"odin_scanner.go",
		"org_scanner.go",
		"outline_census.go",
		"outline_owner.go",
		"parse_file.go",
		"perl_scanner.go",
		"php_scanner.go",
		"pkl_scanner.go",
		"powershell_scanner.go",
		"properties_scanner.go",
		"pug_scanner.go",
		"purescript_scanner.go",
		"python_scanner.go",
		"r_scanner.go",
		"racket_scanner.go",
		"registry.go",
		"registry_builtin_gen.go",
		"rescript_scanner.go",
		"ron_scanner.go",
		"rst_scanner.go",
		"ruby_scanner.go",
		"runtime_catalog.go",
		"rust_scanner.go",
		"scala_scanner.go",
		"scss_scanner.go",
		"smoke_samples.go",
		"sql_scanner.go",
		"squirrel_scanner.go",
		"starlark_scanner.go",
		"support.go",
		"svelte_scanner.go",
		"swift_scanner.go",
		"tablegen_scanner.go",
		"tags_query_infer.go",
		"tcl_scanner.go",
		"teal_scanner.go",
		"templ_scanner.go",
		"tlaplus_scanner.go",
		"toml_lexer.go",
		"toml_scanner.go",
		"tsx_scanner.go",
		"typescript_scanner.go",
		"typst_scanner.go",
		"uxntal_scanner.go",
		"vhdl_scanner.go",
		"vue_scanner.go",
		"wgsl_scanner.go",
		"wolfram_scanner.go",
		"xml_scanner.go",
		"yaml_scanner.go",
		"yuck_scanner.go",
		"zzz_scanner_attachments.go"
	],
	"IgnoredGoFiles": [
		"blob_source_embedded_core.go",
		"blob_source_external.go",
		"blob_source_external_mmap_unix.go",
		"blob_source_external_readfile.go",
		"blob_source_external_test.go",
		"blob_source_subset_embedded.go",
		"grammar_subset_test.go",
		"language_set_core.go",
		"language_set_core_build_test.go",
		"race_enabled_test.go",
		"registry_builtin_subset.go",
		"z_subset_blob_embed_ada.go",
		"z_subset_blob_embed_agda.go",
		"z_subset_blob_embed_angular.go",
		"z_subset_blob_embed_apex.go",
		"z_subset_blob_embed_arduino.go",
		"z_subset_blob_embed_asm.go",
		"z_subset_blob_embed_astro.go",
		"z_subset_blob_embed_authzed.go",
		"z_subset_blob_embed_awk.go",
		"z_subset_blob_embed_bash.go",
		"z_subset_blob_embed_bass.go",
		"z_subset_blob_embed_beancount.go",
		"z_subset_blob_embed_bibtex.go",
		"z_subset_blob_embed_bicep.go",
		"z_subset_blob_embed_bitbake.go",
		"z_subset_blob_embed_blade.go",
		"z_subset_blob_embed_brightscript.go",
		"z_subset_blob_embed_c.go",
		"z_subset_blob_embed_c_sharp.go",
		"z_subset_blob_embed_caddy.go",
		"z_subset_blob_embed_cairo.go",
		"z_subset_blob_embed_capnp.go",
		"z_subset_blob_embed_chatito.go",
		"z_subset_blob_embed_circom.go",
		"z_subset_blob_embed_clojure.go",
		"z_subset_blob_embed_cmake.go",
		"z_subset_blob_embed_cobol.go",
		"z_subset_blob_embed_comment.go",
		"z_subset_blob_embed_commonlisp.go",
		"z_subset_blob_embed_cooklang.go",
		"z_subset_blob_embed_corn.go",
		"z_subset_blob_embed_cpon.go",
		"z_subset_blob_embed_cpp.go",
		"z_subset_blob_embed_crystal.go",
		"z_subset_blob_embed_css.go",
		"z_subset_blob_embed_csv.go",
		"z_subset_blob_embed_cuda.go",
		"z_subset_blob_embed_cue.go",
		"z_subset_blob_embed_cylc.go",
		"z_subset_blob_embed_d.go",
		"z_subset_blob_embed_dart.go",
		"z_subset_blob_embed_desktop.go",
		"z_subset_blob_embed_devicetree.go",
		"z_subset_blob_embed_dhall.go",
		"z_subset_blob_embed_diff.go",
		"z_subset_blob_embed_disassembly.go",
		"z_subset_blob_embed_djot.go",
		"z_subset_blob_embed_dockerfile.go",
		"z_subset_blob_embed_dot.go",
		"z_subset_blob_embed_doxygen.go",
		"z_subset_blob_embed_dtd.go",
		"z_subset_blob_embed_earthfile.go",
		"z_subset_blob_embed_ebnf.go",
		"z_subset_blob_embed_editorconfig.go",
		"z_subset_blob_embed_eds.go",
		"z_subset_blob_embed_eex.go",
		"z_subset_blob_embed_elisp.go",
		"z_subset_blob_embed_elixir.go",
		"z_subset_blob_embed_elm.go",
		"z_subset_blob_embed_elsa.go",
		"z_subset_blob_embed_embedded_template.go",
		"z_subset_blob_embed_enforce.go",
		"z_subset_blob_embed_erlang.go",
		"z_subset_blob_embed_facility.go",
		"z_subset_blob_embed_faust.go",
		"z_subset_blob_embed_fennel.go",
		"z_subset_blob_embed_fidl.go",
		"z_subset_blob_embed_firrtl.go",
		"z_subset_blob_embed_fish.go",
		"z_subset_blob_embed_foam.go",
		"z_subset_blob_embed_forth.go",
		"z_subset_blob_embed_fortran.go",
		"z_subset_blob_embed_fsharp.go",
		"z_subset_blob_embed_gdscript.go",
		"z_subset_blob_embed_git_config.go",
		"z_subset_blob_embed_git_rebase.go",
		"z_subset_blob_embed_gitattributes.go",
		"z_subset_blob_embed_gitcommit.go",
		"z_subset_blob_embed_gitignore.go",
		"z_subset_blob_embed_gleam.go",
		"z_subset_blob_embed_glsl.go",
		"z_subset_blob_embed_gn.go",
		"z_subset_blob_embed_go.go",
		"z_subset_blob_embed_godot_resource.go",
		"z_subset_blob_embed_gomod.go",
		"z_subset_blob_embed_graphql.go",
		"z_subset_blob_embed_groovy.go",
		"z_subset_blob_embed_hack.go",
		"z_subset_blob_embed_hare.go",
		"z_subset_blob_embed_haskell.go",
		"z_subset_blob_embed_haxe.go",
		"z_subset_blob_embed_hcl.go",
		"z_subset_blob_embed_heex.go",
		"z_subset_blob_embed_hlsl.go",
		"z_subset_blob_embed_html.go",
		"z_subset_blob_embed_http.go",
		"z_subset_blob_embed_hurl.go",
		"z_subset_blob_embed_hyprlang.go",
		"z_subset_blob_embed_ini.go",
		"z_subset_blob_embed_janet.go",
		"z_subset_blob_embed_java.go",
		"z_subset_blob_embed_javascript.go",
		"z_subset_blob_embed_jinja2.go",
		"z_subset_blob_embed_jq.go",
		"z_subset_blob_embed_jsdoc.go",
		"z_subset_blob_embed_json.go",
		"z_subset_blob_embed_json5.go",
		"z_subset_blob_embed_jsonnet.go",
		"z_subset_blob_embed_julia.go",
		"z_subset_blob_embed_just.go",
		"z_subset_blob_embed_kconfig.go",
		"z_subset_blob_embed_kdl.go",
		"z_subset_blob_embed_kotlin.go",
		"z_subset_blob_embed_ledger.go",
		"z_subset_blob_embed_less.go",
		"z_subset_blob_embed_linkerscript.go",
		"z_subset_blob_embed_liquid.go",
		"z_subset_blob_embed_llvm.go",
		"z_subset_blob_embed_lua.go",
		"z_subset_blob_embed_luau.go",
		"z_subset_blob_embed_make.go",
		"z_subset_blob_embed_markdown.go",
		"z_subset_blob_embed_markdown_inline.go",
		"z_subset_blob_embed_matlab.go",
		"z_subset_blob_embed_mermaid.go",
		"z_subset_blob_embed_meson.go",
		"z_subset_blob_embed_mojo.go",
		"z_subset_blob_embed_move.go",
		"z_subset_blob_embed_nginx.go",
		"z_subset_blob_embed_nickel.go",
		"z_subset_blob_embed_nim.go",
		"z_subset_blob_embed_ninja.go",
		"z_subset_blob_embed_nix.go",
		"z_subset_blob_embed_norg.go",
		"z_subset_blob_embed_nushell.go",
		"z_subset_blob_embed_objc.go",
		"z_subset_blob_embed_ocaml.go",
		"z_subset_blob_embed_odin.go",
		"z_subset_blob_embed_org.go",
		"z_subset_blob_embed_pascal.go",
		"z_subset_blob_embed_pem.go",
		"z_subset_blob_embed_perl.go",
		"z_subset_blob_embed_php.go",
		"z_subset_blob_embed_pkl.go",
		"z_subset_blob_embed_powershell.go",
		"z_subset_blob_embed_prisma.go",
		"z_subset_blob_embed_prolog.go",
		"z_subset_blob_embed_promql.go",
		"z_subset_blob_embed_properties.go",
		"z_subset_blob_embed_proto.go",
		"z_subset_blob_embed_pug.go",
		"z_subset_blob_embed_puppet.go",
		"z_subset_blob_embed_purescript.go",
		"z_subset_blob_embed_python.go",
		"z_subset_blob_embed_ql.go",
		"z_subset_blob_embed_r.go",
		"z_subset_blob_embed_racket.go",
		"z_subset_blob_embed_regex.go",
		"z_subset_blob_embed_rego.go",
		"z_subset_blob_embed_requirements.go",
		"z_subset_blob_embed_rescript.go",
		"z_subset_blob_embed_robot.go",
		"z_subset_blob_embed_ron.go",
		"z_subset_blob_embed_rst.go",
		"z_subset_blob_embed_ruby.go",
		"z_subset_blob_embed_rust.go",
		"z_subset_blob_embed_scala.go",
		"z_subset_blob_embed_scheme.go",
		"z_subset_blob_embed_scss.go",
		"z_subset_blob_embed_smithy.go",
		"z_subset_blob_embed_solidity.go",
		"z_subset_blob_embed_sparql.go",
		"z_subset_blob_embed_sql.go",
		"z_subset_blob_embed_squirrel.go",
		"z_subset_blob_embed_ssh_config.go",
		"z_subset_blob_embed_starlark.go",
		"z_subset_blob_embed_svelte.go",
		"z_subset_blob_embed_swift.go",
		"z_subset_blob_embed_tablegen.go",
		"z_subset_blob_embed_tcl.go",
		"z_subset_blob_embed_teal.go",
		"z_subset_blob_embed_templ.go",
		"z_subset_blob_embed_textproto.go",
		"z_subset_blob_embed_thrift.go",
		"z_subset_blob_embed_tlaplus.go",
		"z_subset_blob_embed_tmux.go",
		"z_subset_blob_embed_todotxt.go",
		"z_subset_blob_embed_toml.go",
		"z_subset_blob_embed_tsx.go",
		"z_subset_blob_embed_turtle.go",
		"z_subset_blob_embed_twig.go",
		"z_subset_blob_embed_typescript.go",
		"z_subset_blob_embed_typst.go",
		"z_subset_blob_embed_uxntal.go",
		"z_subset_blob_embed_v.go",
		"z_subset_blob_embed_verilog.go",
		"z_subset_blob_embed_vhdl.go",
		"z_subset_blob_embed_vimdoc.go",
		"z_subset_blob_embed_vue.go",
		"z_subset_blob_embed_wat.go",
		"z_subset_blob_embed_wgsl.go",
		"z_subset_blob_embed_wolfram.go",
		"z_subset_blob_embed_xml.go",
		"z_subset_blob_embed_yaml.go",
		"z_subset_blob_embed_yuck.go",
		"z_subset_blob_embed_zig.go",
		"z_subset_registry_register_ada.go",
		"z_subset_registry_register_agda.go",
		"z_subset_registry_register_angular.go",
		"z_subset_registry_register_apex.go",
		"z_subset_registry_register_arduino.go",
		"z_subset_registry_register_asm.go",
		"z_subset_registry_register_astro.go",
		"z_subset_registry_register_authzed.go",
		"z_subset_registry_register_awk.go",
		"z_subset_registry_register_bash.go",
		"z_subset_registry_register_bass.go",
		"z_subset_registry_register_beancount.go",
		"z_subset_registry_register_bibtex.go",
		"z_subset_registry_register_bicep.go",
		"z_subset_registry_register_bitbake.go",
		"z_subset_registry_register_blade.go",
		"z_subset_registry_register_brightscript.go",
		"z_subset_registry_register_c.go",
		"z_subset_registry_register_c_sharp.go",
		"z_subset_registry_register_caddy.go",
		"z_subset_registry_register_cairo.go",
		"z_subset_registry_register_capnp.go",
		"z_subset_registry_register_chatito.go",
		"z_subset_registry_register_circom.go",
		"z_subset_registry_register_clojure.go",
		"z_subset_registry_register_cmake.go",
		"z_subset_registry_register_cobol.go",
		"z_subset_registry_register_comment.go",
		"z_subset_registry_register_commonlisp.go",
		"z_subset_registry_register_cooklang.go",
		"z_subset_registry_register_corn.go",
		"z_subset_registry_register_cpon.go",
		"z_subset_registry_register_cpp.go",
		"z_subset_registry_register_crystal.go",
		"z_subset_registry_register_css.go",
		"z_subset_registry_register_csv.go",
		"z_subset_registry_register_cuda.go",
		"z_subset_registry_register_cue.go",
		"z_subset_registry_register_cylc.go",
		"z_subset_registry_register_d.go",
		"z_subset_registry_register_dart.go",
		"z_subset_registry_register_desktop.go",
		"z_subset_registry_register_devicetree.go",
		"z_subset_registry_register_dhall.go",
		"z_subset_registry_register_diff.go",
		"z_subset_registry_register_disassembly.go",
		"z_subset_registry_register_djot.go",
		"z_subset_registry_register_dockerfile.go",
		"z_subset_registry_register_dot.go",
		"z_subset_registry_register_doxygen.go",
		"z_subset_registry_register_dtd.go",
		"z_subset_registry_register_earthfile.go",
		"z_subset_registry_register_ebnf.go",
		"z_subset_registry_register_editorconfig.go",
		"z_subset_registry_register_eds.go",
		"z_subset_registry_register_eex.go",
		"z_subset_registry_register_elisp.go",
		"z_subset_registry_register_elixir.go",
		"z_subset_registry_register_elm.go",
		"z_subset_registry_register_elsa.go",
		"z_subset_registry_register_embedded_template.go",
		"z_subset_registry_register_enforce.go",
		"z_subset_registry_register_erlang.go",
		"z_subset_registry_register_facility.go",
		"z_subset_registry_register_faust.go",
		"z_subset_registry_register_fennel.go",
		"z_subset_registry_register_fidl.go",
		"z_subset_registry_register_firrtl.go",
		"z_subset_registry_register_fish.go",
		"z_subset_registry_register_foam.go",
		"z_subset_registry_register_forth.go",
		"z_subset_registry_register_fortran.go",
		"z_subset_registry_register_fsharp.go",
		"z_subset_registry_register_gdscript.go",
		"z_subset_registry_register_git_config.go",
		"z_subset_registry_register_git_rebase.go",
		"z_subset_registry_register_gitattributes.go",
		"z_subset_registry_register_gitcommit.go",
		"z_subset_registry_register_gitignore.go",
		"z_subset_registry_register_gleam.go",
		"z_subset_registry_register_glsl.go",
		"z_subset_registry_register_gn.go",
		"z_subset_registry_register_go.go",
		"z_subset_registry_register_godot_resource.go",
		"z_subset_registry_register_gomod.go",
		"z_subset_registry_register_graphql.go",
		"z_subset_registry_register_groovy.go",
		"z_subset_registry_register_hack.go",
		"z_subset_registry_register_hare.go",
		"z_subset_registry_register_haskell.go",
		"z_subset_registry_register_haxe.go",
		"z_subset_registry_register_hcl.go",
		"z_subset_registry_register_heex.go",
		"z_subset_registry_register_hlsl.go",
		"z_subset_registry_register_html.go",
		"z_subset_registry_register_http.go",
		"z_subset_registry_register_hurl.go",
		"z_subset_registry_register_hyprlang.go",
		"z_subset_registry_register_ini.go",
		"z_subset_registry_register_janet.go",
		"z_subset_registry_register_java.go",
		"z_subset_registry_register_javascript.go",
		"z_subset_registry_register_jinja2.go",
		"z_subset_registry_register_jq.go",
		"z_subset_registry_register_jsdoc.go",
		"z_subset_registry_register_json.go",
		"z_subset_registry_register_json5.go",
		"z_subset_registry_register_jsonnet.go",
		"z_subset_registry_register_julia.go",
		"z_subset_registry_register_just.go",
		"z_subset_registry_register_kconfig.go",
		"z_subset_registry_register_kdl.go",
		"z_subset_registry_register_kotlin.go",
		"z_subset_registry_register_ledger.go",
		"z_subset_registry_register_less.go",
		"z_subset_registry_register_linkerscript.go",
		"z_subset_registry_register_liquid.go",
		"z_subset_registry_register_llvm.go",
		"z_subset_registry_register_lua.go",
		"z_subset_registry_register_luau.go",
		"z_subset_registry_register_make.go",
		"z_subset_registry_register_markdown.go",
		"z_subset_registry_register_markdown_inline.go",
		"z_subset_registry_register_matlab.go",
		"z_subset_registry_register_mermaid.go",
		"z_subset_registry_register_meson.go",
		"z_subset_registry_register_mojo.go",
		"z_subset_registry_register_move.go",
		"z_subset_registry_register_nginx.go",
		"z_subset_registry_register_nickel.go",
		"z_subset_registry_register_nim.go",
		"z_subset_registry_register_ninja.go",
		"z_subset_registry_register_nix.go",
		"z_subset_registry_register_norg.go",
		"z_subset_registry_register_nushell.go",
		"z_subset_registry_register_objc.go",
		"z_subset_registry_register_ocaml.go",
		"z_subset_registry_register_odin.go",
		"z_subset_registry_register_org.go",
		"z_subset_registry_register_pascal.go",
		"z_subset_registry_register_pem.go",
		"z_subset_registry_register_perl.go",
		"z_subset_registry_register_php.go",
		"z_subset_registry_register_pkl.go",
		"z_subset_registry_register_powershell.go",
		"z_subset_registry_register_prisma.go",
		"z_subset_registry_register_prolog.go",
		"z_subset_registry_register_promql.go",
		"z_subset_registry_register_properties.go",
		"z_subset_registry_register_proto.go",
		"z_subset_registry_register_pug.go",
		"z_subset_registry_register_puppet.go",
		"z_subset_registry_register_purescript.go",
		"z_subset_registry_register_python.go",
		"z_subset_registry_register_ql.go",
		"z_subset_registry_register_r.go",
		"z_subset_registry_register_racket.go",
		"z_subset_registry_register_regex.go",
		"z_subset_registry_register_rego.go",
		"z_subset_registry_register_requirements.go",
		"z_subset_registry_register_rescript.go",
		"z_subset_registry_register_robot.go",
		"z_subset_registry_register_ron.go",
		"z_subset_registry_register_rst.go",
		"z_subset_registry_register_ruby.go",
		"z_subset_registry_register_rust.go",
		"z_subset_registry_register_scala.go",
		"z_subset_registry_register_scheme.go",
		"z_subset_registry_register_scss.go",
		"z_subset_registry_register_smithy.go",
		"z_subset_registry_register_solidity.go",
		"z_subset_registry_register_sparql.go",
		"z_subset_registry_register_sql.go",
		"z_subset_registry_register_squirrel.go",
		"z_subset_registry_register_ssh_config.go",
		"z_subset_registry_register_starlark.go",
		"z_subset_registry_register_svelte.go",
		"z_subset_registry_register_swift.go",
		"z_subset_registry_register_tablegen.go",
		"z_subset_registry_register_tcl.go",
		"z_subset_registry_register_teal.go",
		"z_subset_registry_register_templ.go",
		"z_subset_registry_register_textproto.go",
		"z_subset_registry_register_thrift.go",
		"z_subset_registry_register_tlaplus.go",
		"z_subset_registry_register_tmux.go",
		"z_subset_registry_register_todotxt.go",
		"z_subset_registry_register_toml.go",
		"z_subset_registry_register_tsx.go",
		"z_subset_registry_register_turtle.go",
		"z_subset_registry_register_twig.go",
		"z_subset_registry_register_typescript.go",
		"z_subset_registry_register_typst.go",
		"z_subset_registry_register_uxntal.go",
		"z_subset_registry_register_v.go",
		"z_subset_registry_register_verilog.go",
		"z_subset_registry_register_vhdl.go",
		"z_subset_registry_register_vimdoc.go",
		"z_subset_registry_register_vue.go",
		"z_subset_registry_register_wat.go",
		"z_subset_registry_register_wgsl.go",
		"z_subset_registry_register_wolfram.go",
		"z_subset_registry_register_xml.go",
		"z_subset_registry_register_yaml.go",
		"z_subset_registry_register_yuck.go",
		"z_subset_registry_register_zig.go",
		"z_subset_scanner_register_agda.go",
		"z_subset_scanner_register_angular.go",
		"z_subset_scanner_register_arduino.go",
		"z_subset_scanner_register_astro.go",
		"z_subset_scanner_register_awk.go",
		"z_subset_scanner_register_bash.go",
		"z_subset_scanner_register_beancount.go",
		"z_subset_scanner_register_bicep.go",
		"z_subset_scanner_register_bitbake.go",
		"z_subset_scanner_register_blade.go",
		"z_subset_scanner_register_c_sharp.go",
		"z_subset_scanner_register_caddy.go",
		"z_subset_scanner_register_cairo.go",
		"z_subset_scanner_register_cmake.go",
		"z_subset_scanner_register_cobol.go",
		"z_subset_scanner_register_comment.go",
		"z_subset_scanner_register_cooklang.go",
		"z_subset_scanner_register_cpp.go",
		"z_subset_scanner_register_crystal.go",
		"z_subset_scanner_register_css.go",
		"z_subset_scanner_register_cuda.go",
		"z_subset_scanner_register_cue.go",
		"z_subset_scanner_register_d.go",
		"z_subset_scanner_register_dart.go",
		"z_subset_scanner_register_dhall.go",
		"z_subset_scanner_register_disassembly.go",
		"z_subset_scanner_register_djot.go",
		"z_subset_scanner_register_dockerfile.go",
		"z_subset_scanner_register_doxygen.go",
		"z_subset_scanner_register_dtd.go",
		"z_subset_scanner_register_earthfile.go",
		"z_subset_scanner_register_editorconfig.go",
		"z_subset_scanner_register_elixir.go",
		"z_subset_scanner_register_elm.go",
		"z_subset_scanner_register_erlang.go",
		"z_subset_scanner_register_fennel.go",
		"z_subset_scanner_register_firrtl.go",
		"z_subset_scanner_register_fish.go",
		"z_subset_scanner_register_foam.go",
		"z_subset_scanner_register_fortran.go",
		"z_subset_scanner_register_fsharp.go",
		"z_subset_scanner_register_gdscript.go",
		"z_subset_scanner_register_gitcommit.go",
		"z_subset_scanner_register_gleam.go",
		"z_subset_scanner_register_gn.go",
		"z_subset_scanner_register_go.go",
		"z_subset_scanner_register_godot_resource.go",
		"z_subset_scanner_register_hack.go",
		"z_subset_scanner_register_haskell.go",
		"z_subset_scanner_register_haxe.go",
		"z_subset_scanner_register_hcl.go",
		"z_subset_scanner_register_hlsl.go",
		"z_subset_scanner_register_html.go",
		"z_subset_scanner_register_janet.go",
		"z_subset_scanner_register_javascript.go",
		"z_subset_scanner_register_jsdoc.go",
		"z_subset_scanner_register_jsonnet.go",
		"z_subset_scanner_register_julia.go",
		"z_subset_scanner_register_just.go",
		"z_subset_scanner_register_kconfig.go",
		"z_subset_scanner_register_kdl.go",
		"z_subset_scanner_register_kotlin.go",
		"z_subset_scanner_register_less.go",
		"z_subset_scanner_register_liquid.go",
		"z_subset_scanner_register_lua.go",
		"z_subset_scanner_register_luau.go",
		"z_subset_scanner_register_markdown.go",
		"z_subset_scanner_register_markdown_inline.go",
		"z_subset_scanner_register_matlab.go",
		"z_subset_scanner_register_mojo.go",
		"z_subset_scanner_register_move.go",
		"z_subset_scanner_register_nginx.go",
		"z_subset_scanner_register_nickel.go",
		"z_subset_scanner_register_nim.go",
		"z_subset_scanner_register_nix.go",
		"z_subset_scanner_register_norg.go",
		"z_subset_scanner_register_nushell.go",
		"z_subset_scanner_register_ocaml.go",
		"z_subset_scanner_register_odin.go",
		"z_subset_scanner_register_org.go",
		"z_subset_scanner_register_perl.go",
		"z_subset_scanner_register_php.go",
		"z_subset_scanner_register_pkl.go",
		"z_subset_scanner_register_powershell.go",
		"z_subset_scanner_register_properties.go",
		"z_subset_scanner_register_pug.go",
		"z_subset_scanner_register_purescript.go",
		"z_subset_scanner_register_python.go",
		"z_subset_scanner_register_r.go",
		"z_subset_scanner_register_racket.go",
		"z_subset_scanner_register_rescript.go",
		"z_subset_scanner_register_ron.go",
		"z_subset_scanner_register_rst.go",
		"z_subset_scanner_register_ruby.go",
		"z_subset_scanner_register_rust.go",
		"z_subset_scanner_register_scala.go",
		"z_subset_scanner_register_scss.go",
		"z_subset_scanner_register_sql.go",
		"z_subset_scanner_register_squirrel.go",
		"z_subset_scanner_register_starlark.go",
		"z_subset_scanner_register_svelte.go",
		"z_subset_scanner_register_swift.go",
		"z_subset_scanner_register_tablegen.go",
		"z_subset_scanner_register_tcl.go",
		"z_subset_scanner_register_teal.go",
		"z_subset_scanner_register_templ.go",
		"z_subset_scanner_register_tlaplus.go",
		"z_subset_scanner_register_toml.go",
		"z_subset_scanner_register_tsx.go",
		"z_subset_scanner_register_typescript.go",
		"z_subset_scanner_register_typst.go",
		"z_subset_scanner_register_uxntal.go",
		"z_subset_scanner_register_vhdl.go",
		"z_subset_scanner_register_vue.go",
		"z_subset_scanner_register_wgsl.go",
		"z_subset_scanner_register_wolfram.go",
		"z_subset_scanner_register_xml.go",
		"z_subset_scanner_register_yaml.go",
		"z_subset_scanner_register_yuck.go"
	],
	"EmbedPatterns": [
		"grammar_blobs/*.bin"
	],
	"EmbedFiles": [
		"grammar_blobs/ada.bin",
		"grammar_blobs/agda.bin",
		"grammar_blobs/angular.bin",
		"grammar_blobs/apex.bin",
		"grammar_blobs/arduino.bin",
		"grammar_blobs/asm.bin",
		"grammar_blobs/astro.bin",
		"grammar_blobs/authzed.bin",
		"grammar_blobs/awk.bin",
		"grammar_blobs/bash.bin",
		"grammar_blobs/bass.bin",
		"grammar_blobs/beancount.bin",
		"grammar_blobs/bibtex.bin",
		"grammar_blobs/bicep.bin",
		"grammar_blobs/bitbake.bin",
		"grammar_blobs/blade.bin",
		"grammar_blobs/brightscript.bin",
		"grammar_blobs/c.bin",
		"grammar_blobs/c_sharp.bin",
		"grammar_blobs/caddy.bin",
		"grammar_blobs/cairo.bin",
		"grammar_blobs/capnp.bin",
		"grammar_blobs/chatito.bin",
		"grammar_blobs/circom.bin",
		"grammar_blobs/clojure.bin",
		"grammar_blobs/cmake.bin",
		"grammar_blobs/cobol.bin",
		"grammar_blobs/comment.bin",
		"grammar_blobs/commonlisp.bin",
		"grammar_blobs/cooklang.bin",
		"grammar_blobs/corn.bin",
		"grammar_blobs/cpon.bin",
		"grammar_blobs/cpp.bin",
		"grammar_blobs/crystal.bin",
		"grammar_blobs/css.bin",
		"grammar_blobs/csv.bin",
		"grammar_blobs/cuda.bin",
		"grammar_blobs/cue.bin",
		"grammar_blobs/cylc.bin",
		"grammar_blobs/d.bin",
		"grammar_blobs/dart.bin",
		"grammar_blobs/desktop.bin",
		"grammar_blobs/devicetree.bin",
		"grammar_blobs/dhall.bin",
		"grammar_blobs/diff.bin",
		"grammar_blobs/disassembly.bin",
		"grammar_blobs/djot.bin",
		"grammar_blobs/dockerfile.bin",
		"grammar_blobs/dot.bin",
		"grammar_blobs/doxygen.bin",
		"grammar_blobs/dtd.bin",
		"grammar_blobs/earthfile.bin",
		"grammar_blobs/ebnf.bin",
		"grammar_blobs/editorconfig.bin",
		"grammar_blobs/eds.bin",
		"grammar_blobs/eex.bin",
		"grammar_blobs/elisp.bin",
		"grammar_blobs/elixir.bin",
		"grammar_blobs/elm.bin",
		"grammar_blobs/elsa.bin",
		"grammar_blobs/embedded_template.bin",
		"grammar_blobs/enforce.bin",
		"grammar_blobs/erlang.bin",
		"grammar_blobs/facility.bin",
		"grammar_blobs/faust.bin",
		"grammar_blobs/fennel.bin",
		"grammar_blobs/fidl.bin",
		"grammar_blobs/firrtl.bin",
		"grammar_blobs/fish.bin",
		"grammar_blobs/foam.bin",
		"grammar_blobs/forth.bin",
		"grammar_blobs/fortran.bin",
		"grammar_blobs/fsharp.bin",
		"grammar_blobs/gdscript.bin",
		"grammar_blobs/git_config.bin",
		"grammar_blobs/git_rebase.bin",
		"grammar_blobs/gitattributes.bin",
		"grammar_blobs/gitcommit.bin",
		"grammar_blobs/gitignore.bin",
		"grammar_blobs/gleam.bin",
		"grammar_blobs/glsl.bin",
		"grammar_blobs/gn.bin",
		"grammar_blobs/go.bin",
		"grammar_blobs/godot_resource.bin",
		"grammar_blobs/gomod.bin",
		"grammar_blobs/graphql.bin",
		"grammar_blobs/groovy.bin",
		"grammar_blobs/hack.bin",
		"grammar_blobs/hare.bin",
		"grammar_blobs/haskell.bin",
		"grammar_blobs/haxe.bin",
		"grammar_blobs/hcl.bin",
		"grammar_blobs/heex.bin",
		"grammar_blobs/hlsl.bin",
		"grammar_blobs/html.bin",
		"grammar_blobs/http.bin",
		"grammar_blobs/hurl.bin",
		"grammar_blobs/hyprlang.bin",
		"grammar_blobs/ini.bin",
		"grammar_blobs/janet.bin",
		"grammar_blobs/java.bin",
		"grammar_blobs/javascript.bin",
		"grammar_blobs/jinja2.bin",
		"grammar_blobs/jq.bin",
		"grammar_blobs/jsdoc.bin",
		"grammar_blobs/json.bin",
		"grammar_blobs/json5.bin",
		"grammar_blobs/jsonnet.bin",
		"grammar_blobs/julia.bin",
		"grammar_blobs/just.bin",
		"grammar_blobs/kconfig.bin",
		"grammar_blobs/kdl.bin",
		"grammar_blobs/kotlin.bin",
		"grammar_blobs/ledger.bin",
		"grammar_blobs/less.bin",
		"grammar_blobs/linkerscript.bin",
		"grammar_blobs/liquid.bin",
		"grammar_blobs/llvm.bin",
		"grammar_blobs/lua.bin",
		"grammar_blobs/luau.bin",
		"grammar_blobs/make.bin",
		"grammar_blobs/markdown.bin",
		"grammar_blobs/markdown_inline.bin",
		"grammar_blobs/matlab.bin",
		"grammar_blobs/mermaid.bin",
		"grammar_blobs/meson.bin",
		"grammar_blobs/mojo.bin",
		"grammar_blobs/move.bin",
		"grammar_blobs/nginx.bin",
		"grammar_blobs/nickel.bin",
		"grammar_blobs/nim.bin",
		"grammar_blobs/ninja.bin",
		"grammar_blobs/nix.bin",
		"grammar_blobs/norg.bin",
		"grammar_blobs/nushell.bin",
		"grammar_blobs/objc.bin",
		"grammar_blobs/ocaml.bin",
		"grammar_blobs/odin.bin",
		"grammar_blobs/org.bin",
		"grammar_blobs/pascal.bin",
		"grammar_blobs/pem.bin",
		"grammar_blobs/perl.bin",
		"grammar_blobs/php.bin",
		"grammar_blobs/pkl.bin",
		"grammar_blobs/powershell.bin",
		"grammar_blobs/prisma.bin",
		"grammar_blobs/prolog.bin",
		"grammar_blobs/promql.bin",
		"grammar_blobs/properties.bin",
		"grammar_blobs/proto.bin",
		"grammar_blobs/pug.bin",
		"grammar_blobs/puppet.bin",
		"grammar_blobs/purescript.bin",
		"grammar_blobs/python.bin",
		"grammar_blobs/ql.bin",
		"grammar_blobs/r.bin",
		"grammar_blobs/racket.bin",
		"grammar_blobs/regex.bin",
		"grammar_blobs/rego.bin",
		"grammar_blobs/requirements.bin",
		"grammar_blobs/rescript.bin",
		"grammar_blobs/robot.bin",
		"grammar_blobs/ron.bin",
		"grammar_blobs/rst.bin",
		"grammar_blobs/ruby.bin",
		"grammar_blobs/rust.bin",
		"grammar_blobs/scala.bin",
		"grammar_blobs/scheme.bin",
		"grammar_blobs/scss.bin",
		"grammar_blobs/smithy.bin",
		"grammar_blobs/solidity.bin",
		"grammar_blobs/sparql.bin",
		"grammar_blobs/sql.bin",
		"grammar_blobs/squirrel.bin",
		"grammar_blobs/ssh_config.bin",
		"grammar_blobs/starlark.bin",
		"grammar_blobs/svelte.bin",
		"grammar_blobs/swift.bin",
		"grammar_blobs/tablegen.bin",
		"grammar_blobs/tcl.bin",
		"grammar_blobs/teal.bin",
		"grammar_blobs/templ.bin",
		"grammar_blobs/textproto.bin",
		"grammar_blobs/thrift.bin",
		"grammar_blobs/tlaplus.bin",
		"grammar_blobs/tmux.bin",
		"grammar_blobs/todotxt.bin",
		"grammar_blobs/toml.bin",
		"grammar_blobs/tsx.bin",
		"grammar_blobs/turtle.bin",
		"grammar_blobs/twig.bin",
		"grammar_blobs/typescript.bin",
		"grammar_blobs/typst.bin",
		"grammar_blobs/uxntal.bin",
		"grammar_blobs/v.bin",
		"grammar_blobs/verilog.bin",
		"grammar_blobs/vhdl.bin",
		"grammar_blobs/vimdoc.bin",
		"grammar_blobs/vue.bin",
		"grammar_blobs/wat.bin",
		"grammar_blobs/wgsl.bin",
		"grammar_blobs/wolfram.bin",
		"grammar_blobs/xml.bin",
		"grammar_blobs/yaml.bin",
		"grammar_blobs/yuck.bin",
		"grammar_blobs/zig.bin"
	],
	"Imports": [
		"context",
		"embed",
		"encoding/json",
		"fmt",
		"github.com/odvcencio/gotreesitter",
		"github.com/odvcencio/gotreesitter/grammars/internal/standaloneregistry",
		"github.com/odvcencio/gotreesitter/grammars/runtime",
		"io",
		"os",
		"path",
		"path/filepath",
		"runtime",
		"sort",
		"strconv",
		"strings",
		"sync",
		"sync/atomic",
		"time"
	],
	"Deps": [
		"bufio",
		"bytes",
		"cmp",
		"compress/flate",
		"compress/gzip",
		"container/list",
		"context",
		"crypto",
		"crypto/cipher",
		"crypto/fips140",
		"crypto/internal/boring",
		"crypto/internal/boring/sig",
		"crypto/internal/constanttime",
		"crypto/internal/entropy/v1.0.0",
		"crypto/internal/fips140",
		"crypto/internal/fips140/aes",
		"crypto/internal/fips140/aes/gcm",
		"crypto/internal/fips140/alias",
		"crypto/internal/fips140/check",
		"crypto/internal/fips140/drbg",
		"crypto/internal/fips140/hmac",
		"crypto/internal/fips140/sha256",
		"crypto/internal/fips140/sha3",
		"crypto/internal/fips140/sha512",
		"crypto/internal/fips140/subtle",
		"crypto/internal/fips140deps/byteorder",
		"crypto/internal/fips140deps/cpu",
		"crypto/internal/fips140deps/godebug",
		"crypto/internal/fips140deps/time",
		"crypto/internal/fips140only",
		"crypto/internal/impl",
		"crypto/internal/sysrand",
		"crypto/sha256",
		"crypto/subtle",
		"embed",
		"encoding",
		"encoding/base32",
		"encoding/base64",
		"encoding/binary",
		"encoding/gob",
		"encoding/hex",
		"encoding/json",
		"encoding/json/internal",
		"encoding/json/internal/jsonflags",
		"encoding/json/internal/jsonopts",
		"encoding/json/internal/jsonwire",
		"encoding/json/jsontext",
		"encoding/json/v2",
		"errors",
		"fmt",
		"github.com/odvcencio/gotreesitter",
		"github.com/odvcencio/gotreesitter/grammars/internal/pythonruntime",
		"github.com/odvcencio/gotreesitter/grammars/internal/standaloneregistry",
		"github.com/odvcencio/gotreesitter/grammars/runtime",
		"github.com/odvcencio/gotreesitter/internal/luapattern",
		"github.com/odvcencio/gotreesitter/internal/parsercorephase0",
		"go/ast",
		"go/build/constraint",
		"go/parser",
		"go/scanner",
		"go/token",
		"hash",
		"hash/crc32",
		"hash/fnv",
		"internal/abi",
		"internal/asan",
		"internal/bisect",
		"internal/bytealg",
		"internal/byteorder",
		"internal/chacha8rand",
		"internal/coverage/rtcov",
		"internal/cpu",
		"internal/filepathlite",
		"internal/fmtsort",
		"internal/goarch",
		"internal/godebug",
		"internal/godebugs",
		"internal/goexperiment",
		"internal/goos",
		"internal/msan",
		"internal/oserror",
		"internal/poll",
		"internal/profilerecord",
		"internal/race",
		"internal/reflectlite",
		"internal/runtime/atomic",
		"internal/runtime/exithook",
		"internal/runtime/gc",
		"internal/runtime/gc/scan",
		"internal/runtime/maps",
		"internal/runtime/math",
		"internal/runtime/pprof/label",
		"internal/runtime/sys",
		"internal/runtime/syscall/windows",
		"internal/saferio",
		"internal/strconv",
		"internal/stringslite",
		"internal/sync",
		"internal/synctest",
		"internal/syscall/execenv",
		"internal/syscall/windows",
		"internal/syscall/windows/registry",
		"internal/syscall/windows/sysdll",
		"internal/testlog",
		"internal/trace/tracev2",
		"internal/unsafeheader",
		"io",
		"io/fs",
		"iter",
		"maps",
		"math",
		"math/bits",
		"os",
		"path",
		"path/filepath",
		"reflect",
		"regexp",
		"regexp/syntax",
		"runtime",
		"slices",
		"sort",
		"strconv",
		"strings",
		"structs",
		"sync",
		"sync/atomic",
		"syscall",
		"time",
		"unicode",
		"unicode/utf16",
		"unicode/utf8",
		"unsafe"
	],
	"TestGoFiles": [
		"alias_map_native_regression_test.go",
		"apex_class_literal_election_native_regression_test.go",
		"apex_parse_regression_test.go",
		"arduino_primitive_type_parity_test.go",
		"authzed_lexer_test.go",
		"awk_recovered_rule_split_regression_test.go",
		"awk_scanner_test.go",
		"bash_command_name_native_regression_test.go",
		"bash_forest_repetition_fold_test.go",
		"bash_generated_command_assignment_native_regression_test.go",
		"bash_parse_regression_test.go",
		"bash_retry_regression_test.go",
		"bash_variable_assignment_native_regression_test.go",
		"blob_export_test.go",
		"c_enum_missing_comma_pin_test.go",
		"c_parse_regression_test.go",
		"caddy_directive_option_alias_regression_test.go",
		"caddy_recovered_repetition_regression_test.go",
		"clean_regression_pins_test.go",
		"clojure_incremental_abutting_nonleaf_boundary_test.go",
		"cobol_external_lex_states_default_test.go",
		"cobol_period_parse_regression_test.go",
		"cobol_scanner_test.go",
		"collapsed_child_native_regression_test.go",
		"collapsed_token_native_regression_test.go",
		"core100_languages_test.go",
		"corpus_type_fail_test.go",
		"correctness_test.go",
		"cpon_boolean_parse_regression_test.go",
		"cpp_parse_regression_test.go",
		"crystal_opener_span_native_regression_test.go",
		"csharp_external_lex_states_regression_test.go",
		"csharp_implicit_type_parse_regression_test.go",
		"csharp_member_access_regression_test.go",
		"csharp_native_result_compatibility_test.go",
		"css_family_stateless_test.go",
		"d12b_incremental_span_helpers_test.go",
		"d_call_expression_native_regression_test.go",
		"d_module_span_native_regression_test.go",
		"d_storage_class_native_regression_test.go",
		"d_variable_type_qualifier_native_regression_test.go",
		"dart_operator_wrapper_parse_regression_test.go",
		"dart_parse_regression_test.go",
		"doxygen_retirement_route_receipt_test.go",
		"dtd_retirement_route_receipt_test.go",
		"ebnf_native_regression_test.go",
		"elixir_boolean_parse_regression_test.go",
		"elixir_extras_and_pairs_native_regression_test.go",
		"elixir_scanner_regression_test.go",
		"enforce_const_param_native_regression_test.go",
		"erlang_native_ownership_test.go",
		"expected_root_fallback_native_regression_test.go",
		"external_lex_states_election_test.go",
		"external_scanner_docs_contract_test.go",
		"fidl_versioned_layout_modifier_native_regression_test.go",
		"field_projection_native_regression_test.go",
		"fsharp_unary_wrapper_native_regression_test.go",
		"gateway_integration_test.go",
		"gateway_test.go",
		"git_rebase_option_parse_regression_test.go",
		"gn_scanner_test.go",
		"go_lexer_test.go",
		"go_type_constraint_alias_regression_test.go",
		"godot_resource_scanner_test.go",
		"gomod_parse_regression_test.go",
		"grammar_ownership_test.go",
		"graphql_parse_regression_test.go",
		"hack_modifier_parse_regression_test.go",
		"haskell_span_native_regression_test.go",
		"hcl_hidden_trivia_native_regression_test.go",
		"highlight_validation_test.go",
		"hlsl_subscript_assignment_native_regression_test.go",
		"html_lexer_test.go",
		"html_nested_custom_tag_native_regression_test.go",
		"html_parse_regression_test.go",
		"html_scanner_test.go",
		"http_section_native_regression_test.go",
		"java_glr_runtime_test.go",
		"java_lexer_test.go",
		"java_modifiers_asterisk_parse_regression_test.go",
		"java_parse_regression_test.go",
		"javascript_dynamic_import_retirement_test.go",
		"javascript_external_lex_states_default_test.go",
		"javascript_external_lex_states_regression_test.go",
		"jsdoc_retirement_route_receipt_test.go",
		"json_lexer_test.go",
		"julia_ascii_equivalence_test.go",
		"kconfig_scanner_test.go",
		"kotlin_interpolated_call_retirement_test.go",
		"kotlin_parse_regression_test.go",
		"language_memory_ceiling_test.go",
		"leading_comment_span_test.go",
		"leading_trivia_root_native_regression_test.go",
		"ledger_forest_error_root_fallback_test.go",
		"ledger_retirement_route_receipt_test.go",
		"lexer_benchmark_test.go",
		"lexer_newline_test.go",
		"lexer_parse_test.go",
		"lexer_properties_test.go",
		"lexer_skip_test.go",
		"linkerscript_native_regression_test.go",
		"markdown_inline_retirement_route_receipt_test.go",
		"markdown_parse_regression_test.go",
		"nickel_last_field_parse_regression_test.go",
		"ninja_retirement_route_receipt_test.go",
		"objc_at_string_native_regression_test.go",
		"objc_sizeof_native_regression_test.go",
		"objc_struct_sized_native_regression_test.go",
		"ocaml_collapsed_native_regression_test.go",
		"outline_census_test.go",
		"outline_coverage_witness_test.go",
		"parse_file_test.go",
		"parse_support_test.go",
		"php_comma_list_defusal_regression_test.go",
		"php_heredoc_regression_test.go",
		"php_modifier_parse_regression_test.go",
		"php_parse_regression_test.go",
		"php_runtime_regression_test.go",
		"powershell_operator_parse_regression_test.go",
		"proto_key_type_parse_regression_test.go",
		"python_parse_regression_test.go",
		"python_scanner_binding_test.go",
		"ql_signature_expr_election_native_regression_test.go",
		"race_disabled_test.go",
		"recovery_action_materialization_native_regression_test.go",
		"registry_lifecycle_test.go",
		"registry_test.go",
		"rescript_native_regression_test.go",
		"reserved_word_parity_test.go",
		"retired_dispatch_route_receipt_test.go",
		"robot_scheme_skipped_error_native_regression_test.go",
		"ruby_module_bounds_native_regression_test.go",
		"rust_dot_range_census_test.go",
		"rust_dot_range_producer_test.go",
		"scala_span_ownership_test.go",
		"scanner_lookup_test.go",
		"scheme_error_run_regression_test.go",
		"scheme_incremental_abutting_leaf_boundary_test.go",
		"sql_parse_regression_test.go",
		"swift_alias_map_regression_test.go",
		"swift_control_transfer_parse_regression_test.go",
		"swift_corpus_test.go",
		"swift_optional_binding_regression_test.go",
		"swift_parse_regression_test.go",
		"swift_recovery_probe_test.go",
		"swift_ternary_regression_test.go",
		"swift_ternary_retirement_test.go",
		"terminal_leaf_native_regression_test.go",
		"token_source_retry_test.go",
		"toml_lexer_test.go",
		"top50_correctness_test.go",
		"trailing_extra_native_regression_test.go",
		"trailing_span_native_regression_test.go",
		"type_projection_native_regression_test.go",
		"typescript_generic_lineage_regression_test.go",
		"typescript_grammar_gaps_regression_test.go",
		"typescript_in_property_issue1108_test.go",
		"typescript_shift_close_angle_regression_test.go",
		"typst_indent_native_regression_test.go",
		"vue_scanner_test.go",
		"yaml_single_quote_regression_test.go"
	],
	"TestImports": [
		"bytes",
		"context",
		"crypto/sha256",
		"encoding/base64",
		"encoding/json",
		"errors",
		"fmt",
		"github.com/odvcencio/gotreesitter",
		"github.com/odvcencio/gotreesitter/internal/benchfixtures",
		"io/fs",
		"os",
		"path/filepath",
		"reflect",
		"regexp",
		"runtime",
		"slices",
		"sort",
		"strconv",
		"strings",
		"sync",
		"sync/atomic",
		"testing",
		"time",
		"unsafe"
	],
	"XTestGoFiles": [
		"bash_issue1106_regression_test.go",
		"c_issue454_regression_test.go",
		"c_issue667_regression_test.go",
		"csharp_issue454_regression_test.go",
		"csharp_recovered_structure_native_regression_test.go",
		"detect_benchmark_test.go",
		"markdown_nested_lists_test.go",
		"outline_owner_test.go",
		"php_issue454_regression_test.go",
		"tablegen_scanner_test.go"
	],
	"XTestImports": [
		"bytes",
		"crypto/sha256",
		"encoding/json",
		"fmt",
		"github.com/odvcencio/gotreesitter",
		"github.com/odvcencio/gotreesitter/grammars",
		"github.com/odvcencio/gotreesitter/internal/benchfixtures",
		"os",
		"reflect",
		"strings",
		"testing",
		"time"
	]
}
{
	"Dir": "D:\\AIDEV\\go-treesitter\\syntax",
	"ImportPath": "github.com/wotjr1649/go-treesitter/syntax",
	"Name": "syntax",
	"Doc": "Package syntax defines backend-independent parse requests and results.",
	"Root": "D:\\AIDEV\\go-treesitter",
	"Module": {
		"Path": "github.com/wotjr1649/go-treesitter",
		"Main": true,
		"Dir": "D:\\AIDEV\\go-treesitter",
		"GoMod": "D:\\AIDEV\\go-treesitter\\go.mod",
		"GoVersion": "1.27.1"
	},
	"Match": [
		"./..."
	],
	"GoFiles": [
		"diagnostics.go",
		"outcome.go",
		"parser.go",
		"result.go"
	],
	"Imports": [
		"context",
		"time"
	],
	"Deps": [
		"cmp",
		"context",
		"errors",
		"internal/abi",
		"internal/asan",
		"internal/bytealg",
		"internal/byteorder",
		"internal/chacha8rand",
		"internal/coverage/rtcov",
		"internal/cpu",
		"internal/goarch",
		"internal/godebugs",
		"internal/goexperiment",
		"internal/goos",
		"internal/msan",
		"internal/oserror",
		"internal/profilerecord",
		"internal/race",
		"internal/reflectlite",
		"internal/runtime/atomic",
		"internal/runtime/exithook",
		"internal/runtime/gc",
		"internal/runtime/gc/scan",
		"internal/runtime/maps",
		"internal/runtime/math",
		"internal/runtime/pprof/label",
		"internal/runtime/sys",
		"internal/runtime/syscall/windows",
		"internal/strconv",
		"internal/stringslite",
		"internal/sync",
		"internal/synctest",
		"internal/syscall/windows/registry",
		"internal/syscall/windows/sysdll",
		"internal/trace/tracev2",
		"internal/unsafeheader",
		"iter",
		"math/bits",
		"runtime",
		"slices",
		"sync",
		"sync/atomic",
		"syscall",
		"time",
		"unicode/utf16",
		"unicode/utf8",
		"unsafe"
	],
	"TestGoFiles": [
		"result_test.go"
	],
	"TestImports": [
		"testing"
	]
}
{
	"Dir": "D:\\AIDEV\\go-treesitter\\internal\\gtsadapter",
	"ImportPath": "github.com/wotjr1649/go-treesitter/internal/gtsadapter",
	"Name": "gtsadapter",
	"Doc": "Package gtsadapter is the sole import boundary to the pinned runtime.",
	"Root": "D:\\AIDEV\\go-treesitter",
	"Module": {
		"Path": "github.com/wotjr1649/go-treesitter",
		"Main": true,
		"Dir": "D:\\AIDEV\\go-treesitter",
		"GoMod": "D:\\AIDEV\\go-treesitter\\go.mod",
		"GoVersion": "1.27.1"
	},
	"Match": [
		"./..."
	],
	"GoFiles": [
		"adapter.go"
	],
	"IgnoredGoFiles": [
		"native_oracle_test.go",
		"oracle_experiment_test.go"
	],
	"Imports": [
		"bytes",
		"context",
		"errors",
		"fmt",
		"github.com/odvcencio/gotreesitter",
		"github.com/odvcencio/gotreesitter/grammars",
		"github.com/wotjr1649/go-treesitter/syntax",
		"math",
		"path/filepath",
		"sync/atomic",
		"time",
		"unicode/utf8"
	],
	"Deps": [
		"bufio",
		"bytes",
		"cmp",
		"compress/flate",
		"compress/gzip",
		"container/list",
		"context",
		"crypto",
		"crypto/cipher",
		"crypto/fips140",
		"crypto/internal/boring",
		"crypto/internal/boring/sig",
		"crypto/internal/constanttime",
		"crypto/internal/entropy/v1.0.0",
		"crypto/internal/fips140",
		"crypto/internal/fips140/aes",
		"crypto/internal/fips140/aes/gcm",
		"crypto/internal/fips140/alias",
		"crypto/internal/fips140/check",
		"crypto/internal/fips140/drbg",
		"crypto/internal/fips140/hmac",
		"crypto/internal/fips140/sha256",
		"crypto/internal/fips140/sha3",
		"crypto/internal/fips140/sha512",
		"crypto/internal/fips140/subtle",
		"crypto/internal/fips140deps/byteorder",
		"crypto/internal/fips140deps/cpu",
		"crypto/internal/fips140deps/godebug",
		"crypto/internal/fips140deps/time",
		"crypto/internal/fips140only",
		"crypto/internal/impl",
		"crypto/internal/sysrand",
		"crypto/sha256",
		"crypto/subtle",
		"embed",
		"encoding",
		"encoding/base32",
		"encoding/base64",
		"encoding/binary",
		"encoding/gob",
		"encoding/hex",
		"encoding/json",
		"encoding/json/internal",
		"encoding/json/internal/jsonflags",
		"encoding/json/internal/jsonopts",
		"encoding/json/internal/jsonwire",
		"encoding/json/jsontext",
		"encoding/json/v2",
		"errors",
		"fmt",
		"github.com/odvcencio/gotreesitter",
		"github.com/odvcencio/gotreesitter/grammars",
		"github.com/odvcencio/gotreesitter/grammars/internal/pythonruntime",
		"github.com/odvcencio/gotreesitter/grammars/internal/standaloneregistry",
		"github.com/odvcencio/gotreesitter/grammars/runtime",
		"github.com/odvcencio/gotreesitter/internal/luapattern",
		"github.com/odvcencio/gotreesitter/internal/parsercorephase0",
		"github.com/wotjr1649/go-treesitter/syntax",
		"go/ast",
		"go/build/constraint",
		"go/parser",
		"go/scanner",
		"go/token",
		"hash",
		"hash/crc32",
		"hash/fnv",
		"internal/abi",
		"internal/asan",
		"internal/bisect",
		"internal/bytealg",
		"internal/byteorder",
		"internal/chacha8rand",
		"internal/coverage/rtcov",
		"internal/cpu",
		"internal/filepathlite",
		"internal/fmtsort",
		"internal/goarch",
		"internal/godebug",
		"internal/godebugs",
		"internal/goexperiment",
		"internal/goos",
		"internal/msan",
		"internal/oserror",
		"internal/poll",
		"internal/profilerecord",
		"internal/race",
		"internal/reflectlite",
		"internal/runtime/atomic",
		"internal/runtime/exithook",
		"internal/runtime/gc",
		"internal/runtime/gc/scan",
		"internal/runtime/maps",
		"internal/runtime/math",
		"internal/runtime/pprof/label",
		"internal/runtime/sys",
		"internal/runtime/syscall/windows",
		"internal/saferio",
		"internal/strconv",
		"internal/stringslite",
		"internal/sync",
		"internal/synctest",
		"internal/syscall/execenv",
		"internal/syscall/windows",
		"internal/syscall/windows/registry",
		"internal/syscall/windows/sysdll",
		"internal/testlog",
		"internal/trace/tracev2",
		"internal/unsafeheader",
		"io",
		"io/fs",
		"iter",
		"maps",
		"math",
		"math/bits",
		"os",
		"path",
		"path/filepath",
		"reflect",
		"regexp",
		"regexp/syntax",
		"runtime",
		"slices",
		"sort",
		"strconv",
		"strings",
		"structs",
		"sync",
		"sync/atomic",
		"syscall",
		"time",
		"unicode",
		"unicode/utf16",
		"unicode/utf8",
		"unsafe"
	],
	"TestGoFiles": [
		"adapter_test.go",
		"corpus_test.go",
		"known_regressions_test.go",
		"oracle_test.go",
		"smoke_test.go"
	],
	"TestImports": [
		"bytes",
		"context",
		"crypto/sha256",
		"encoding/json",
		"fmt",
		"github.com/odvcencio/gotreesitter",
		"github.com/odvcencio/gotreesitter/grammars",
		"github.com/wotjr1649/go-treesitter/internal/provenance",
		"github.com/wotjr1649/go-treesitter/syntax",
		"os",
		"os/exec",
		"path/filepath",
		"reflect",
		"regexp",
		"strings",
		"testing",
		"time"
	]
}
{
	"Dir": "D:\\AIDEV\\go-treesitter\\internal\\provenance",
	"ImportPath": "github.com/wotjr1649/go-treesitter/internal/provenance",
	"Name": "provenance",
	"Doc": "Package provenance exposes the identity tuple used by validation.",
	"Root": "D:\\AIDEV\\go-treesitter",
	"Module": {
		"Path": "github.com/wotjr1649/go-treesitter",
		"Main": true,
		"Dir": "D:\\AIDEV\\go-treesitter",
		"GoMod": "D:\\AIDEV\\go-treesitter\\go.mod",
		"GoVersion": "1.27.1"
	},
	"Match": [
		"./..."
	],
	"GoFiles": [
		"provenance.go"
	],
	"EmbedPatterns": [
		"identities.json"
	],
	"EmbedFiles": [
		"identities.json"
	],
	"Imports": [
		"embed",
		"encoding/json"
	],
	"Deps": [
		"bytes",
		"cmp",
		"embed",
		"encoding",
		"encoding/base32",
		"encoding/base64",
		"encoding/binary",
		"encoding/hex",
		"encoding/json",
		"encoding/json/internal",
		"encoding/json/internal/jsonflags",
		"encoding/json/internal/jsonopts",
		"encoding/json/internal/jsonwire",
		"encoding/json/jsontext",
		"encoding/json/v2",
		"errors",
		"fmt",
		"internal/abi",
		"internal/asan",
		"internal/bisect",
		"internal/bytealg",
		"internal/byteorder",
		"internal/chacha8rand",
		"internal/coverage/rtcov",
		"internal/cpu",
		"internal/filepathlite",
		"internal/fmtsort",
		"internal/goarch",
		"internal/godebug",
		"internal/godebugs",
		"internal/goexperiment",
		"internal/goos",
		"internal/msan",
		"internal/oserror",
		"internal/poll",
		"internal/profilerecord",
		"internal/race",
		"internal/reflectlite",
		"internal/runtime/atomic",
		"internal/runtime/exithook",
		"internal/runtime/gc",
		"internal/runtime/gc/scan",
		"internal/runtime/maps",
		"internal/runtime/math",
		"internal/runtime/pprof/label",
		"internal/runtime/sys",
		"internal/runtime/syscall/windows",
		"internal/strconv",
		"internal/stringslite",
		"internal/sync",
		"internal/synctest",
		"internal/syscall/execenv",
		"internal/syscall/windows",
		"internal/syscall/windows/registry",
		"internal/syscall/windows/sysdll",
		"internal/testlog",
		"internal/trace/tracev2",
		"internal/unsafeheader",
		"io",
		"io/fs",
		"iter",
		"math",
		"math/bits",
		"os",
		"path",
		"reflect",
		"runtime",
		"slices",
		"strconv",
		"strings",
		"structs",
		"sync",
		"sync/atomic",
		"syscall",
		"time",
		"unicode",
		"unicode/utf16",
		"unicode/utf8",
		"unsafe"
	],
	"XTestGoFiles": [
		"provenance_test.go"
	],
	"XTestImports": [
		"context",
		"os/exec",
		"path/filepath",
		"testing",
		"time"
	]
}
